46076.54421296		23.1039	1.0477	1.0551	-0.0007	21.3	-0.0006
46076.54444444		23.1028	1.0477	1.0553	-0.0006	21.2	-0.0008
46076.54467593		23.1031	1.0477	1.0551	-0.0006	21.3	-0.0004
46076.54490741		23.1030	1.0477	1.0552	-0.0006	21.3	-0.0006
46076.54513889		23.1032	1.0478	1.0552	-0.0007	21.2	-0.0007
46076.54537037		23.1031	1.0476	1.0551	-0.0005	21.2	-0.0007
46076.54560185		23.1029	1.0477	1.0551	-0.0008	21.2	-0.0007
46076.54583333		23.1034	1.0478	1.0552	-0.0007	21.2	-0.0006
46076.54606481		23.1030	1.0477	1.0551	-0.0006	21.2	-0.0006
46076.54629630		23.1019	1.0477	1.0553	-0.0006	21.2	-0.0006
46076.54652778		23.1032	1.0476	1.0551	-0.0007	21.2	-0.0006
46076.54675926		23.1029	1.0475	1.0552	-0.0006	21.2	-0.0007
46076.54699074		23.1028	1.0477	1.0551	-0.0007	21.2	-0.0007
46076.54722222		23.1029	1.0477	1.0551	-0.0007	21.3	-0.0006
46076.54745370		23.1030	1.0476	1.0550	-0.0005	21.3	-0.0005
46076.54768519		23.1030	1.0477	1.0551	-0.0007	21.3	-0.0007
46076.54791667		23.1031	1.0475	1.0551	-0.0008	21.3	-0.0008
46076.54814815		23.1033	1.0476	1.0551	-0.0007	21.4	-0.0006
46076.54837963		23.1029	1.0476	1.0551	-0.0008	21.4	-0.0006
46076.54861111		23.1034	1.0475	1.0552	-0.0008	21.4	-0.0005
46076.54884259		23.1031	1.0476	1.0551	-0.0007	21.4	-0.0006
46076.54907407		23.1034	1.0475	1.0551	-0.0006	21.3	-0.0006
46076.54930556		23.1032	1.0475	1.0551	-0.0007	21.3	-0.0007
46076.54953704		23.1036	1.0475	1.0551	-0.0007	21.4	-0.0007
46076.54976852		23.1040	1.0476	1.0551	-0.0008	21.4	-0.0006
46076.55000000		23.1030	1.0474	1.0550	-0.0007	21.4	-0.0005
46076.55023148		23.1028	1.0474	1.0550	-0.0007	21.4	-0.0007
46076.55046296		23.1032	1.0475	1.0549	-0.0008	21.3	-0.0006
46076.55069444		23.1028	1.0475	1.0549	-0.0006	21.3	-0.0006
46076.55092593		23.1028	1.0475	1.0549	-0.0007	21.3	-0.0006
46076.55115741		23.1027	1.0474	1.0550	-0.0006	21.3	-0.0007
46076.55138889		23.1038	1.0475	1.0550	-0.0007	21.3	-0.0007
46076.55162037		23.1037	1.0475	1.0550	-0.0006	21.3	-0.0005
46076.55185185		23.1031	1.0475	1.0550	-0.0006	21.3	-0.0007
46076.55208333		23.1036	1.0474	1.0549	-0.0006	21.3	-0.0005
46076.55231481		23.1040	1.0475	1.0549	-0.0007	21.4	-0.0006
46076.55254630		23.1034	1.0475	1.0549	-0.0007	21.4	-0.0006
46076.55277778		23.1034	1.0474	1.0550	-0.0007	21.3	-0.0006
46076.55300926		23.1035	1.0475	1.0549	-0.0007	21.3	-0.0006
46076.55324074		23.1043	1.0475	1.0549	-0.0007	21.3	-0.0005
46076.55347222		23.1040	1.0475	1.0549	-0.0006	21.3	-0.0007
46076.55370370		23.1037	1.0474	1.0549	-0.0007	21.3	-0.0006
46076.55393519		23.1033	1.0473	1.0549	-0.0008	21.3	-0.0006
46076.55416667		23.1034	1.0475	1.0549	-0.0006	21.3	-0.0006
46076.55439815		23.1034	1.0475	1.0548	-0.0007	21.3	-0.0005
46076.55462963		23.1032	1.0473	1.0549	-0.0008	21.3	-0.0006
46076.55486111		23.1037	1.0474	1.0549	-0.0007	21.3	-0.0007
46076.55509259		23.1035	1.0474	1.0549	-0.0006	21.3	-0.0005
46076.55532407		23.1038	1.0473	1.0548	-0.0007	21.3	-0.0007
46076.55555556		23.1038	1.0472	1.0549	-0.0008	21.3	-0.0006
46076.55578704		23.1032	1.0474	1.0548	-0.0007	21.3	-0.0006
46076.55601852		23.1039	1.0473	1.0549	-0.0007	21.2	-0.0007
46076.55625000		23.1036	1.0473	1.0549	-0.0007	21.2	-0.0006
46076.55648148		23.1040	1.0473	1.0548	-0.0006	21.3	-0.0006
46076.55671296		23.1037	1.0474	1.0549	-0.0007	21.2	-0.0007
46076.55694444		23.1041	1.0473	1.0547	-0.0007	21.2	-0.0005
46076.55717593		23.1040	1.0473	1.0548	-0.0007	21.3	-0.0006
46076.55740741		23.1037	1.0474	1.0549	-0.0007	21.2	-0.0007
46076.55763889		23.1037	1.0473	1.0548	-0.0006	21.3	-0.0007
46076.55787037		23.1037	1.0473	1.0548	-0.0007	21.3	-0.0006
46076.55810185		23.1042	1.0473	1.0549	-0.0007	21.3	-0.0006
46076.55833333		23.1038	1.0473	1.0547	-0.0007	21.3	-0.0005
46076.55856481		23.1042	1.0473	1.0548	-0.0007	21.3	-0.0006
46076.55879630		23.1040	1.0473	1.0547	-0.0006	21.3	-0.0005
46076.55902778		23.1045	1.0472	1.0548	-0.0005	21.3	-0.0006
46076.55925926		23.1044	1.0472	1.0548	-0.0007	21.4	-0.0006
46076.55949074		23.1038	1.0473	1.0548	-0.0008	21.3	-0.0006
46076.55972222		23.1041	1.0474	1.0548	-0.0007	21.3	-0.0005
46076.55995370		23.1035	1.0472	1.0549	-0.0008	21.3	-0.0006
46076.56018519		23.1022	1.0473	1.0548	-0.0005	21.3	-0.0006
46076.56041667		23.1035	1.0473	1.0548	-0.0007	21.3	-0.0006
46076.56064815		23.1027	1.0473	1.0548	-0.0009	21.3	-0.0007
46076.56087963		23.1034	1.0472	1.0548	-0.0007	21.3	-0.0006
46076.56111111		23.1045	1.0473	1.0548	-0.0008	21.3	-0.0006
46076.56134259		23.1041	1.0472	1.0547	-0.0007	21.2	-0.0005
46076.56157407		23.1046	1.0472	1.0547	-0.0007	21.2	-0.0006
46076.56180556		23.1040	1.0473	1.0547	-0.0008	21.2	-0.0006
46076.56203704		23.1047	1.0473	1.0548	-0.0006	21.2	-0.0007
46076.56226852		23.1042	1.0472	1.0547	-0.0007	21.2	-0.0005
46076.56250000		23.1045	1.0472	1.0547	-0.0006	21.2	-0.0005
46076.56273148		23.1045	1.0472	1.0548	-0.0006	21.2	-0.0007
46076.56296296		23.1043	1.0472	1.0548	-0.0007	21.2	-0.0007
46076.56319444		23.1036	1.0472	1.0547	-0.0007	21.2	-0.0007
46076.56342593		23.1041	1.0473	1.0547	-0.0006	21.2	-0.0006
46076.56365741		23.1044	1.0473	1.0548	-0.0008	21.2	-0.0007
46076.56388889		23.1049	1.0472	1.0547	-0.0006	21.2	-0.0006
46076.56412037		23.1047	1.0474	1.0547	-0.0006	21.2	-0.0007
46076.56435185		23.1043	1.0473	1.0548	-0.0007	21.2	-0.0006
46076.56458333		23.1046	1.0474	1.0548	-0.0007	21.2	-0.0007
46076.56481481		23.1042	1.0472	1.0548	-0.0006	21.1	-0.0006
46076.56504630		23.1046	1.0473	1.0547	-0.0005	21.1	-0.0006
46076.56527778		23.1043	1.0472	1.0547	-0.0006	21.1	-0.0005
46076.56550926		23.1048	1.0473	1.0548	-0.0007	21.2	-0.0007
46076.56574074		23.1043	1.0473	1.0548	-0.0007	21.2	-0.0006
46076.56597222		23.1048	1.0472	1.0548	-0.0008	21.1	-0.0006
46076.56620370		23.1046	1.0472	1.0547	-0.0006	21.1	-0.0006
46076.56643519		23.1044	1.0472	1.0548	-0.0007	21.1	-0.0006
46076.56666667		23.1043	1.0473	1.0548	-0.0007	21.1	-0.0006
46076.56689815		23.1047	1.0472	1.0546	-0.0007	21.1	-0.0005
46076.56712963		23.1049	1.0472	1.0549	-0.0007	21.2	-0.0006
46076.56736111		23.1045	1.0473	1.0548	-0.0007	21.2	-0.0006
46076.56759259		23.1047	1.0473	1.0548	-0.0007	21.2	-0.0006
46076.56782407		23.1051	1.0472	1.0548	-0.0007	21.2	-0.0006
46076.56805556		23.1054	1.0472	1.0546	-0.0007	21.2	-0.0004
46076.56828704		23.1050	1.0472	1.0548	-0.0008	21.2	-0.0005
46076.56851852		23.1049	1.0473	1.0548	-0.0007	21.1	-0.0006
46076.56875000		23.1046	1.0473	1.0548	-0.0007	21.1	-0.0006
46076.56898148		23.1049	1.0472	1.0548	-0.0007	21.1	-0.0007
46076.56921296		23.1034	1.0473	1.0549	-0.0008	21.0	-0.0008
46076.56944444		23.1042	1.0473	1.0549	-0.0007	21.0	-0.0008
46076.56967593		23.1037	1.0472	1.0548	-0.0007	21.0	-0.0006
46076.56990741		23.1038	1.0472	1.0550	-0.0006	20.9	-0.0007
46076.57013889		23.1045	1.0473	1.0548	-0.0006	20.9	-0.0005
46076.57037037		23.1042	1.0473	1.0546	-0.0006	20.9	-0.0004
46076.57060185		23.1044	1.0473	1.0548	-0.0007	20.8	-0.0005
46076.57083333		23.1041	1.0473	1.0549	-0.0006	20.8	-0.0007
46076.57106481		23.1026	1.0473	1.0550	-0.0007	20.8	-0.0006
46076.57129630		23.1033	1.0473	1.0549	-0.0007	20.8	-0.0006
46076.57152778		23.1035	1.0473	1.0549	-0.0007	20.8	-0.0007
46076.57175926		23.1038	1.0473	1.0548	-0.0006	20.7	-0.0006
46076.57199074		23.1044	1.0473	1.0549	-0.0007	20.7	-0.0007
46076.57222222		23.1044	1.0472	1.0548	-0.0007	20.7	-0.0007
46076.57245370		23.1044	1.0473	1.0549	-0.0007	20.8	-0.0007
46076.57268519		23.1043	1.0472	1.0549	-0.0007	20.7	-0.0006
46076.57291667		23.1041	1.0474	1.0548	-0.0007	20.8	-0.0005
46076.57314815		23.1034	1.0474	1.0549	-0.0006	20.7	-0.0005
46076.57337963		23.1033	1.0473	1.0548	-0.0007	20.8	-0.0006
46076.57361111		23.1036	1.0474	1.0549	-0.0006	20.8	-0.0006
46076.57384259		23.1043	1.0474	1.0550	-0.0007	20.8	-0.0006
46076.57407407		23.1048	1.0473	1.0550	-0.0007	20.8	-0.0007
46076.57430556		23.1043	1.0473	1.0549	-0.0008	20.8	-0.0008
46076.57453704		23.1049	1.0474	1.0550	-0.0007	20.8	-0.0007
46076.57476852		23.1038	1.0474	1.0549	-0.0007	20.8	-0.0007
46076.57500000		23.1044	1.0474	1.0548	-0.0005	20.8	-0.0005
46076.57523148		23.1046	1.0474	1.0550	-0.0008	20.8	-0.0006
46076.57546296		23.1044	1.0474	1.0549	-0.0006	20.8	-0.0006
46076.57569444		23.1042	1.0473	1.0549	-0.0006	20.8	-0.0006
46076.57592593		23.1045	1.0475	1.0549	-0.0007	20.8	-0.0006
46076.57615741		23.1047	1.0474	1.0548	-0.0007	20.9	-0.0005
46076.57638889		23.1046	1.0475	1.0549	-0.0007	20.8	-0.0005
46076.57662037		23.1048	1.0475	1.0550	-0.0006	20.8	-0.0007
46076.57685185		23.1042	1.0474	1.0550	-0.0007	20.8	-0.0007
46076.57708333		23.1044	1.0474	1.0550	-0.0006	20.8	-0.0007
46076.57731481		23.1048	1.0475	1.0549	-0.0007	20.8	-0.0006
46076.57754630		23.1050	1.0474	1.0550	-0.0006	20.8	-0.0006
46076.57777778		23.1043	1.0474	1.0550	-0.0008	20.8	-0.0005
46076.57800926		23.1052	1.0473	1.0550	-0.0007	20.8	-0.0006
46076.57824074		23.1047	1.0475	1.0550	-0.0007	20.8	-0.0007
46076.57847222		23.1045	1.0475	1.0549	-0.0006	20.8	-0.0006
46076.57870370		23.1046	1.0474	1.0550	-0.0006	20.8	-0.0005
46076.57893519		23.1042	1.0475	1.0549	-0.0006	20.8	-0.0006
46076.57916667		23.1048	1.0473	1.0549	-0.0006	20.8	-0.0005
46076.57939815		23.1052	1.0474	1.0549	-0.0007	20.8	-0.0005
46076.57962963		23.1047	1.0474	1.0550	-0.0006	20.8	-0.0006
46076.57986111		23.1055	1.0474	1.0550	-0.0006	20.8	-0.0007
46076.58009259		23.1042	1.0473	1.0550	-0.0007	20.8	-0.0007
46076.58032407		23.1045	1.0474	1.0549	-0.0007	20.8	-0.0006
46076.58055556		23.1041	1.0475	1.0551	-0.0007	20.8	-0.0006
46076.58078704		23.1048	1.0473	1.0550	-0.0008	20.8	-0.0006
46076.58101852		23.1043	1.0474	1.0550	-0.0006	20.8	-0.0006
46076.58125000		23.1039	1.0474	1.0549	-0.0006	20.8	-0.0006
46076.58148148		23.1046	1.0474	1.0549	-0.0007	20.8	-0.0006
46076.58171296		23.1043	1.0474	1.0550	-0.0007	20.8	-0.0008
46076.58194444		23.1036	1.0474	1.0549	-0.0006	20.8	-0.0006
46076.58217593		23.1044	1.0474	1.0550	-0.0007	20.8	-0.0006
46076.58240741		23.1044	1.0473	1.0550	-0.0007	20.8	-0.0007
46076.58263889		23.1044	1.0474	1.0550	-0.0008	20.7	-0.0006
46076.58287037		23.1046	1.0474	1.0550	-0.0006	20.8	-0.0008
46076.58310185		23.1047	1.0474	1.0551	-0.0007	20.8	-0.0008
46076.58333333		23.1047	1.0474	1.0550	-0.0007	20.8	-0.0006
46076.58356481		23.1046	1.0475	1.0550	-0.0008	20.8	-0.0005
46076.58379630		23.1047	1.0475	1.0549	-0.0008	20.8	-0.0006
46076.58402778		23.1046	1.0473	1.0550	-0.0007	20.8	-0.0007
46076.58425926		23.1045	1.0475	1.0550	-0.0007	20.8	-0.0007
46076.58449074		23.1047	1.0474	1.0550	-0.0008	20.8	-0.0008
46076.58472222		23.1045	1.0475	1.0549	-0.0006	20.8	-0.0006
46076.58495370		23.1050	1.0474	1.0549	-0.0006	20.8	-0.0005
46076.58518519		23.1048	1.0475	1.0549	-0.0007	20.8	-0.0006
46076.58541667		23.1047	1.0474	1.0550	-0.0007	20.8	-0.0005
46076.58564815		23.1050	1.0474	1.0549	-0.0006	20.8	-0.0006
46076.58587963		23.1049	1.0474	1.0550	-0.0007	20.8	-0.0007
46076.58611111		23.1045	1.0475	1.0549	-0.0007	20.8	-0.0006
46076.58634259		23.1049	1.0474	1.0550	-0.0007	20.8	-0.0005
46076.58657407		23.1047	1.0474	1.0550	-0.0006	20.8	-0.0006
46076.58680556		23.1044	1.0475	1.0549	-0.0008	20.8	-0.0007
46076.58703704		23.1051	1.0474	1.0550	-0.0007	20.8	-0.0006
46076.58726852		23.1047	1.0474	1.0551	-0.0006	20.8	-0.0007
46076.58750000		23.1046	1.0475	1.0549	-0.0008	20.8	-0.0006
46076.58773148		23.1047	1.0474	1.0550	-0.0006	20.8	-0.0006
46076.58796296		23.1045	1.0475	1.0549	-0.0008	20.8	-0.0006
46076.58819444		23.1049	1.0474	1.0551	-0.0006	20.8	-0.0007
46076.58842593		23.1049	1.0474	1.0550	-0.0006	20.8	-0.0007
46076.58865741		23.1045	1.0474	1.0551	-0.0007	20.8	-0.0007
46076.58888889		23.1047	1.0474	1.0550	-0.0006	20.8	-0.0006
46076.58912037		23.1053	1.0473	1.0551	-0.0007	20.8	-0.0006
46076.58935185		23.1050	1.0474	1.0549	-0.0007	20.8	-0.0006
46076.58958333		23.1048	1.0474	1.0550	-0.0007	20.8	-0.0007
46076.58981481		23.1056	1.0475	1.0551	-0.0007	20.8	-0.0006
46076.59004630		23.1053	1.0473	1.0549	-0.0007	20.8	-0.0005
46076.59027778		23.1109	1.0475	1.0548	-0.0006	20.8	-0.0006
46076.59050926		23.1109	1.0474	1.0550	-0.0007	20.8	-0.0006
46076.59074074		23.1106	1.0475	1.0549	-0.0007	20.8	-0.0006
46076.59097222		23.1109	1.0474	1.0549	-0.0007	20.8	-0.0006
46076.59120370		23.1042	1.0474	1.0550	-0.0006	20.8	-0.0006
46076.59143519		23.1053	1.0474	1.0548	-0.0007	20.8	-0.0005
46076.59166667		23.1053	1.0474	1.0550	-0.0007	20.8	-0.0007
46076.59189815		23.1064	1.0475	1.0550	-0.0008	20.9	-0.0006
46076.59212963		23.1050	1.0474	1.0550	-0.0008	20.8	-0.0006
46076.59236111		23.1059	1.0474	1.0550	-0.0006	20.8	-0.0006
46076.59259259		23.1049	1.0473	1.0550	-0.0007	20.8	-0.0007
46076.59282407		23.1047	1.0474	1.0550	-0.0007	20.8	-0.0006
46076.59305556		23.1047	1.0474	1.0550	-0.0007	20.8	-0.0006
46076.59328704		23.1054	1.0475	1.0550	-0.0008	20.8	-0.0006
46076.59351852		23.1052	1.0474	1.0550	-0.0007	20.8	-0.0005
46076.59375000		23.1049	1.0474	1.0551	-0.0008	20.8	-0.0007
46076.59398148		23.1050	1.0475	1.0550	-0.0006	20.8	-0.0006
46076.59421296		23.1051	1.0473	1.0550	-0.0006	20.8	-0.0006
46076.59444444		23.1044	1.0473	1.0551	-0.0007	20.8	-0.0008
46076.59467593		23.1037	1.0474	1.0550	-0.0006	20.8	-0.0006
46076.59490741		23.1050	1.0473	1.0550	-0.0006	20.8	-0.0006
46076.59513889		23.1043	1.0475	1.0550	-0.0006	20.8	-0.0007
46076.59537037		23.1041	1.0474	1.0550	-0.0006	20.8	-0.0006
46076.59560185		23.1052	1.0474	1.0550	-0.0007	20.8	-0.0005
46076.59583333		23.1051	1.0475	1.0550	-0.0007	20.8	-0.0006
46076.59606481		23.1058	1.0475	1.0551	-0.0006	20.8	-0.0008
46076.59629630		23.1050	1.0474	1.0551	-0.0006	20.8	-0.0006
46076.59652778		23.1048	1.0475	1.0551	-0.0007	20.8	-0.0006
46076.59675926		23.1039	1.0474	1.0550	-0.0007	20.8	-0.0007
46076.59699074		23.1047	1.0475	1.0549	-0.0006	20.8	-0.0005
46076.59722222		23.1046	1.0475	1.0549	-0.0007	20.8	-0.0006
46076.59745370		23.1049	1.0475	1.0549	-0.0006	20.8	-0.0007
46076.59768519		23.1052	1.0474	1.0551	-0.0008	20.8	-0.0007
46076.59791667		23.1041	1.0474	1.0550	-0.0007	20.8	-0.0007
46076.59814815		23.1048	1.0476	1.0549	-0.0007	20.8	-0.0005
46076.59837963		23.1031	1.0475	1.0549	-0.0007	20.8	-0.0005
46076.59861111		23.1039	1.0474	1.0551	-0.0005	20.7	-0.0006
46076.59884259		23.1042	1.0474	1.0551	-0.0007	20.8	-0.0007
46076.59907407		23.1043	1.0473	1.0550	-0.0007	20.8	-0.0006
46076.59930556		23.1047	1.0475	1.0551	-0.0007	20.8	-0.0007
46076.59953704		23.1051	1.0474	1.0549	-0.0006	20.8	-0.0005
46076.59976852		23.1052	1.0475	1.0549	-0.0006	20.8	-0.0006
46076.60000000		23.1054	1.0474	1.0549	-0.0008	20.8	-0.0005
46076.60023148		23.1046	1.0475	1.0550	-0.0007	20.8	-0.0005
46076.60046296		23.1049	1.0474	1.0549	-0.0007	20.8	-0.0006
46076.60069444		23.1050	1.0474	1.0550	-0.0007	20.8	-0.0006
46076.60092593		23.1049	1.0474	1.0550	-0.0007	20.8	-0.0007
46076.60115741		23.1048	1.0475	1.0549	-0.0007	20.8	-0.0006
46076.60138889		23.1058	1.0474	1.0549	-0.0006	20.8	-0.0005
46076.60162037		23.1051	1.0475	1.0551	-0.0006	20.8	-0.0007
46076.60185185		23.1043	1.0475	1.0550	-0.0007	20.8	-0.0007
46076.60208333		23.1045	1.0474	1.0550	-0.0008	20.8	-0.0005
46076.60231481		23.1047	1.0474	1.0550	-0.0006	20.8	-0.0007
46076.60254630		23.1101	1.0474	1.0552	-0.0007	20.8	-0.0008
46076.60277778		23.1105	1.0475	1.0551	-0.0006	20.8	-0.0006
46076.60300926		23.1103	1.0475	1.0550	-0.0007	20.8	-0.0007
46076.60324074		23.1103	1.0474	1.0549	-0.0005	20.8	-0.0007
46076.60347222		23.1049	1.0475	1.0550	-0.0006	20.8	-0.0006
46076.60370370		23.1050	1.0474	1.0550	-0.0007	20.8	-0.0006
46076.60393519		23.1050	1.0476	1.0549	-0.0006	20.8	-0.0005
46076.60416667		23.1047	1.0475	1.0550	-0.0006	20.8	-0.0006
46076.60439815		23.1045	1.0474	1.0549	-0.0007	20.7	-0.0005
46076.60462963		23.1051	1.0475	1.0550	-0.0007	20.8	-0.0006
46076.60486111		23.1047	1.0474	1.0551	-0.0007	20.8	-0.0007
46076.60509259		23.1046	1.0476	1.0551	-0.0007	20.8	-0.0007
46076.60532407		23.1040	1.0476	1.0550	-0.0006	20.7	-0.0007
46076.60555556		23.1049	1.0474	1.0551	-0.0006	20.7	-0.0005
46076.60578704		23.1047	1.0476	1.0550	-0.0006	20.8	-0.0006
46076.60601852		23.1050	1.0474	1.0550	-0.0006	20.8	-0.0006
46076.60625000		23.1045	1.0475	1.0550	-0.0008	20.8	-0.0006
46076.60648148		23.1051	1.0475	1.0550	-0.0006	20.8	-0.0005
46076.60671296		23.1053	1.0475	1.0550	-0.0007	20.8	-0.0006
46076.60694444		23.1046	1.0475	1.0551	-0.0007	20.8	-0.0007
46076.60717593		23.1052	1.0474	1.0549	-0.0005	20.9	-0.0004
46076.60740741		23.1046	1.0474	1.0551	-0.0008	20.8	-0.0006
46076.60763889		23.1045	1.0475	1.0549	-0.0007	20.8	-0.0005
46076.60787037		23.1047	1.0475	1.0550	-0.0007	20.8	-0.0006
46076.60810185		23.1044	1.0475	1.0551	-0.0008	20.8	-0.0008
46076.60833333		23.1043	1.0474	1.0551	-0.0007	20.8	-0.0006
46076.60856481		23.1050	1.0475	1.0550	-0.0007	20.8	-0.0006
46076.60879630		23.1048	1.0476	1.0549	-0.0006	20.8	-0.0005
46076.60902778		23.1053	1.0475	1.0551	-0.0007	20.8	-0.0007
46076.60925926		23.1045	1.0475	1.0550	-0.0007	20.8	-0.0006
46076.60949074		23.1049	1.0474	1.0549	-0.0007	20.8	-0.0005
46076.60972222		23.1054	1.0474	1.0551	-0.0007	20.8	-0.0006
46076.60995370		23.1050	1.0474	1.0550	-0.0007	20.8	-0.0007
46076.61018519		23.1047	1.0474	1.0549	-0.0006	20.8	-0.0005
46076.61041667		23.1050	1.0476	1.0550	-0.0007	20.8	-0.0006
46076.61064815		23.1050	1.0474	1.0549	-0.0005	20.8	-0.0006
46076.61087963		23.1049	1.0474	1.0550	-0.0006	20.8	-0.0007
46076.61111111		23.1049	1.0473	1.0550	-0.0008	20.8	-0.0007
46076.61134259		23.1052	1.0474	1.0548	-0.0007	20.8	-0.0005
46076.61157407		23.1046	1.0475	1.0549	-0.0007	20.8	-0.0007
46076.61180556		23.1040	1.0475	1.0550	-0.0008	20.8	-0.0007
46076.61203704		23.1047	1.0474	1.0550	-0.0007	20.8	-0.0006
46076.61226852		23.1051	1.0473	1.0550	-0.0006	20.8	-0.0006
46076.61250000		23.1052	1.0474	1.0550	-0.0007	20.8	-0.0005
46076.61273148		23.1055	1.0475	1.0551	-0.0006	20.8	-0.0008
46076.61296296		23.1052	1.0473	1.0549	-0.0007	20.7	-0.0005
46076.61319444		23.1050	1.0474	1.0550	-0.0007	20.7	-0.0006
46076.61342593		23.1051	1.0475	1.0549	-0.0007	20.7	-0.0004
46076.61365741		23.1052	1.0474	1.0549	-0.0006	20.7	-0.0005
46076.61388889		23.1053	1.0474	1.0550	-0.0006	20.7	-0.0006
46076.61412037		23.1045	1.0475	1.0550	-0.0008	20.8	-0.0006
46076.61435185		23.1047	1.0475	1.0549	-0.0008	20.7	-0.0005
46076.61458333		23.1050	1.0474	1.0550	-0.0006	20.7	-0.0007
46076.61481481		23.1052	1.0475	1.0551	-0.0007	20.7	-0.0007
46076.61504630		23.1040	1.0475	1.0550	-0.0007	20.7	-0.0006
46076.61527778		23.1048	1.0474	1.0550	-0.0006	20.7	-0.0007
46076.61550926		23.1052	1.0474	1.0549	-0.0007	20.7	-0.0006
46076.61574074		23.1051	1.0474	1.0550	-0.0006	20.7	-0.0007
46076.61597222		23.1052	1.0474	1.0552	-0.0006	20.7	-0.0006
46076.61620370		23.1049	1.0475	1.0550	-0.0007	20.6	-0.0005
46076.61643519		23.1054	1.0475	1.0549	-0.0006	20.7	-0.0005
46076.61666667		23.1050	1.0475	1.0550	-0.0007	20.6	-0.0006
46076.61689815		23.1049	1.0475	1.0549	-0.0007	20.7	-0.0006
46076.61712963		23.1043	1.0473	1.0550	-0.0006	20.7	-0.0008
46076.61736111		23.1053	1.0474	1.0550	-0.0007	20.7	-0.0007
46076.61759259		23.1105	1.0474	1.0550	-0.0007	20.7	-0.0006
46076.61782407		23.1109	1.0474	1.0550	-0.0006	20.7	-0.0005
46076.61805556		23.1110	1.0473	1.0550	-0.0006	20.7	-0.0006
46076.61828704		23.1108	1.0475	1.0550	-0.0007	20.7	-0.0005
46076.61851852		23.1051	1.0474	1.0550	-0.0007	20.7	-0.0006
46076.61875000		23.1050	1.0476	1.0550	-0.0007	20.8	-0.0006
46076.61898148		23.1050	1.0475	1.0551	-0.0006	20.7	-0.0008
46076.61921296		23.1050	1.0475	1.0551	-0.0008	20.7	-0.0006
46076.61944444		23.1050	1.0474	1.0550	-0.0007	20.7	-0.0005
46076.61967593		23.1048	1.0475	1.0551	-0.0008	20.7	-0.0007
46076.61990741		23.1053	1.0474	1.0550	-0.0007	20.6	-0.0007
46076.62013889		23.1051	1.0474	1.0550	-0.0008	20.7	-0.0006
46076.62037037		23.1052	1.0475	1.0550	-0.0007	20.7	-0.0005
46076.62060185		23.1051	1.0475	1.0551	-0.0007	20.7	-0.0007
46076.62083333		23.1051	1.0475	1.0550	-0.0007	20.7	-0.0005
46076.62106481		23.1052	1.0474	1.0550	-0.0006	20.7	-0.0006
46076.62129630		23.1044	1.0475	1.0549	-0.0007	20.7	-0.0005
46076.62152778		23.1052	1.0474	1.0550	-0.0006	20.7	-0.0006
46076.62175926		23.1051	1.0476	1.0550	-0.0007	20.7	-0.0005
46076.62199074		23.1050	1.0476	1.0550	-0.0008	20.6	-0.0006
46076.62222222		23.1054	1.0474	1.0551	-0.0007	20.7	-0.0006
46076.62245370		23.1053	1.0474	1.0551	-0.0007	20.7	-0.0007
46076.62268519		23.1055	1.0475	1.0551	-0.0007	20.7	-0.0007
46076.62291667		23.1053	1.0476	1.0550	-0.0006	20.7	-0.0006
46076.62314815		23.1058	1.0474	1.0551	-0.0007	20.7	-0.0007
46076.62337963		23.1056	1.0475	1.0552	-0.0007	20.7	-0.0007
46076.62361111		23.1054	1.0475	1.0550	-0.0005	20.7	-0.0006
46076.62384259		23.1053	1.0475	1.0550	-0.0007	20.7	-0.0006
46076.62407407		23.1054	1.0476	1.0550	-0.0007	20.7	-0.0006
46076.62430556		23.1055	1.0475	1.0551	-0.0007	20.7	-0.0006
46076.62453704		23.1055	1.0474	1.0551	-0.0008	20.7	-0.0007
46076.62476852		23.1054	1.0475	1.0550	-0.0008	20.7	-0.0006
46076.62500000		23.1053	1.0475	1.0550	-0.0006	20.7	-0.0005
46076.62523148		23.1049	1.0475	1.0550	-0.0006	20.8	-0.0006
46076.62546296		23.1052	1.0476	1.0551	-0.0006	20.7	-0.0007
46076.62569444		23.1053	1.0476	1.0552	-0.0006	20.7	-0.0007
46076.62592593		23.1053	1.0476	1.0551	-0.0005	20.7	-0.0006
46076.62615741		23.1051	1.0475	1.0551	-0.0008	20.7	-0.0006
46076.62638889		23.1051	1.0476	1.0551	-0.0006	20.7	-0.0007
46076.62662037		23.1053	1.0475	1.0551	-0.0005	20.7	-0.0005
46076.62685185		23.1055	1.0475	1.0551	-0.0006	20.7	-0.0005
46076.62708333		23.1052	1.0477	1.0551	-0.0007	20.7	-0.0006
46076.62731481		23.1050	1.0476	1.0552	-0.0006	20.7	-0.0006
46076.62754630		23.1052	1.0476	1.0550	-0.0006	20.7	-0.0006
46076.62777778		23.1052	1.0476	1.0551	-0.0005	20.7	-0.0007
46076.62800926		23.1041	1.0476	1.0551	-0.0007	20.7	-0.0006
46076.62824074		23.1042	1.0475	1.0551	-0.0006	20.7	-0.0006
46076.62847222		23.1045	1.0475	1.0550	-0.0008	20.7	-0.0005
46076.62870370		23.1048	1.0475	1.0551	-0.0006	20.7	-0.0007
46076.62893519		23.1051	1.0474	1.0551	-0.0006	20.8	-0.0006
46076.62916667		23.1053	1.0475	1.0551	-0.0007	20.7	-0.0006
46076.62939815		23.1055	1.0475	1.0550	-0.0008	20.8	-0.0007
46076.62962963		23.1053	1.0476	1.0551	-0.0008	20.7	-0.0005
46076.62986111		23.1054	1.0475	1.0550	-0.0007	20.7	-0.0005
46076.63009259		23.1051	1.0476	1.0550	-0.0006	20.7	-0.0006
46076.63032407		23.1055	1.0476	1.0551	-0.0006	20.7	-0.0006
46076.63055556		23.1054	1.0476	1.0552	-0.0007	20.8	-0.0006
46076.63078704		23.1054	1.0476	1.0552	-0.0009	20.8	-0.0007
46076.63101852		23.1056	1.0475	1.0550	-0.0007	20.8	-0.0007
46076.63125000		23.1056	1.0475	1.0551	-0.0007	20.7	-0.0006
46076.63148148		23.1056	1.0476	1.0550	-0.0007	20.7	-0.0005
46076.63171296		23.1053	1.0476	1.0552	-0.0007	20.7	-0.0007
46076.63194444		23.1056	1.0476	1.0550	-0.0007	20.7	-0.0005
46076.63217593		23.1055	1.0476	1.0551	-0.0007	20.7	-0.0006
46076.63240741		23.1053	1.0476	1.0551	-0.0007	20.7	-0.0006
46076.63263889		23.1052	1.0476	1.0551	-0.0006	20.7	-0.0006
46076.63287037		23.1050	1.0476	1.0551	-0.0008	20.7	-0.0005
46076.63310185		23.1052	1.0475	1.0551	-0.0007	20.7	-0.0007
46076.63333333		23.1053	1.0476	1.0551	-0.0008	20.7	-0.0007
46076.63356481		23.1058	1.0475	1.0550	-0.0006	20.7	-0.0005
46076.63379630		23.1056	1.0476	1.0550	-0.0007	20.7	-0.0007
46076.63402778		23.1056	1.0475	1.0551	-0.0006	20.7	-0.0006
46076.63425926		23.1052	1.0476	1.0552	-0.0007	20.6	-0.0007
46076.63449074		23.1052	1.0476	1.0551	-0.0006	20.6	-0.0005
46076.63472222		23.1052	1.0475	1.0551	-0.0007	20.6	-0.0007
46076.63495370		23.1052	1.0475	1.0551	-0.0008	20.7	-0.0006
46076.63518519		23.1056	1.0475	1.0551	-0.0008	20.7	-0.0007
46076.63541667		23.1054	1.0475	1.0553	-0.0007	20.7	-0.0008
46076.63564815		23.1059	1.0477	1.0551	-0.0007	20.7	-0.0006
46076.63587963		23.1056	1.0476	1.0552	-0.0006	20.7	-0.0006
46076.63611111		23.1059	1.0477	1.0552	-0.0009	20.7	-0.0007
46076.63634259		23.1055	1.0477	1.0552	-0.0005	20.7	-0.0006
46076.63657407		23.1053	1.0476	1.0552	-0.0008	20.7	-0.0006
46076.63680556		23.1056	1.0476	1.0552	-0.0006	20.7	-0.0006
46076.63703704		23.1054	1.0477	1.0551	-0.0007	20.7	-0.0007
46076.63726852		23.1059	1.0475	1.0551	-0.0007	20.7	-0.0006
46076.63750000		23.1055	1.0475	1.0552	-0.0008	20.7	-0.0007
46076.63773148		23.1056	1.0476	1.0551	-0.0007	20.7	-0.0005
46076.63796296		23.1057	1.0476	1.0552	-0.0008	20.7	-0.0006
46076.63819444		23.1055	1.0477	1.0552	-0.0006	20.6	-0.0005
46076.63842593		23.1052	1.0477	1.0551	-0.0007	20.6	-0.0006
46076.63865741		23.1052	1.0477	1.0552	-0.0008	20.5	-0.0006
46076.63888889		23.1054	1.0477	1.0551	-0.0007	20.5	-0.0006
46076.63912037		23.1053	1.0476	1.0552	-0.0006	20.6	-0.0006
46076.63935185		23.1054	1.0477	1.0552	-0.0006	20.6	-0.0006
46076.63958333		22.6017	1.0456	1.0532	-0.0007	20.7	-0.0006
46076.63981481		22.6007	1.0436	1.0511	-0.0007	21.8	-0.0006
46076.64004630		22.6031	1.0436	1.0511	-0.0006	22.4	-0.0007
46076.64027778		22.6029	1.0436	1.0510	-0.0007	23.4	-0.0006
46076.64050926		22.6025	1.0436	1.0509	-0.0005	24.4	-0.0006
46076.64074074		22.6025	1.0435	1.0511	-0.0006	25.5	-0.0007
46076.64097222		22.6044	1.0436	1.0510	-0.0008	26.6	-0.0006
46076.64120370		22.5076	1.0428	1.0502	-0.0006	27.6	-0.0006
46076.64143519		22.4875	1.0425	1.0501	-0.0007	28.2	-0.0006
46076.64166667		22.4877	1.0426	1.0499	-0.0007	28.6	-0.0006
46076.64189815		22.4855	1.0425	1.0499	-0.0007	29.1	-0.0005
46076.64212963		22.4912	1.0424	1.0499	-0.0007	29.3	-0.0005
46076.64236111		22.4901	1.0425	1.0500	-0.0007	29.6	-0.0007
46076.64259259		22.4733	1.0422	1.0497	-0.0006	29.0	-0.0007
46076.64282407		22.4720	1.0423	1.0497	-0.0005	21.5	-0.0007
46076.64305556		22.4777	1.0422	1.0498	-0.0006	13.8	-0.0007
46076.64328704		22.4854	1.0423	1.0497	-0.0006	13.2	-0.0007
46076.64351852		22.4850	1.0423	1.0497	-0.0005	15.7	-0.0006
46076.64375000		22.4861	1.0424	1.0496	-0.0008	17.9	-0.0006
46076.64398148		22.4865	1.0420	1.0497	-0.0006	19.3	-0.0007
46076.64421296		22.4902	1.0423	1.0496	-0.0010	20.2	-0.0006
46076.64444444		22.4847	1.0421	1.0495	-0.0008	20.6	-0.0007
46076.64467593		22.4865	1.0421	1.0495	-0.0006	20.8	-0.0005
46076.64490741		22.4875	1.0420	1.0495	-0.0007	21.1	-0.0008
46076.64513889		22.4864	1.0420	1.0494	-0.0007	20.5	-0.0006
46076.64537037		22.4808	1.0421	1.0493	-0.0007	19.5	-0.0005
46076.64560185		22.4873	1.0420	1.0492	-0.0007	18.3	-0.0004
46076.64583333		22.4882	1.0418	1.0494	-0.0008	17.5	-0.0007
46076.64606481		22.4797	1.0418	1.0492	-0.0008	18.1	-0.0007
46076.64629630		22.4862	1.0420	1.0490	-0.0008	17.6	-0.0005
46076.64652778		22.4890	1.0417	1.0490	-0.0007	17.4	-0.0005
46076.64675926		22.4817	1.0416	1.0492	-0.0006	18.0	-0.0007
46076.64699074		22.4802	1.0416	1.0490	-0.0007	16.9	-0.0007
46076.64722222		22.4789	1.0417	1.0490	-0.0007	12.2	-0.0006
46076.64745370		22.4785	1.0417	1.0488	-0.0005	5.5	-0.0004
46076.64768519		22.4786	1.0414	1.0490	-0.0006	0.5	-0.0008
46076.64791667		22.4712	1.0413	1.0489	-0.0007	-3.9	-0.0007
46076.64814815		22.4794	1.0415	1.0488	-0.0007	-6.8	-0.0007
46076.64837963		22.4802	1.0415	1.0488	-0.0007	-9.4	-0.0007
46076.64861111		22.4728	1.0413	1.0488	-0.0007	-12.7	-0.0006
46076.64884259		22.4865	1.0414	1.0487	-0.0006	-16.0	-0.0006
46076.64907407		22.4858	1.0413	1.0486	-0.0007	-19.5	-0.0007
46076.64930556		22.4768	1.0412	1.0486	-0.0008	-23.4	-0.0007
46076.64953704		22.4692	1.0412	1.0486	-0.0007	-26.5	-0.0006
46076.64976852		22.4502	1.0412	1.0485	-0.0006	-29.3	-0.0007
46076.65000000		22.4703	1.0411	1.0486	-0.0006	-33.3	-0.0007
46076.65023148		22.4685	1.0413	1.0483	-0.0007	-36.0	-0.0004
46076.65046296		22.4488	1.0409	1.0484	-0.0007	-39.0	-0.0007
46076.65069444		22.4476	1.0408	1.0483	-0.0008	-42.9	-0.0008
46076.65092593		22.4679	1.0408	1.0484	-0.0007	-45.1	-0.0006
46076.65115741		22.4676	1.0407	1.0484	-0.0006	-47.5	-0.0008
46076.65138889		22.4678	1.0409	1.0483	-0.0006	-51.2	-0.0007
46076.65162037		22.4685	1.0409	1.0482	-0.0007	-54.0	-0.0006
46076.65185185		22.4724	1.0407	1.0484	-0.0007	-56.1	-0.0008
46076.65208333		22.4749	1.0410	1.0482	-0.0005	-55.1	-0.0006
46076.65231481		22.4843	1.0409	1.0484	-0.0008	-54.3	-0.0007
46076.65254630		22.4899	1.0409	1.0483	-0.0008	-54.8	-0.0006
46076.65277778		22.4829	1.0409	1.0481	-0.0007	-55.5	-0.0007
46076.65300926		22.4810	1.0408	1.0483	-0.0007	-56.0	-0.0007
46076.65324074		22.4826	1.0409	1.0482	-0.0007	-55.8	-0.0006
46076.65347222		22.4813	1.0407	1.0482	-0.0006	-56.0	-0.0006
46076.65370370		22.4813	1.0407	1.0481	-0.0006	-56.5	-0.0006
46076.65393519		22.4843	1.0409	1.0481	-0.0007	-56.6	-0.0006
46076.65416667		22.4812	1.0407	1.0481	-0.0006	-56.2	-0.0007
46076.65439815		22.4814	1.0408	1.0480	-0.0007	-56.2	-0.0006
46076.65462963		22.4821	1.0406	1.0480	-0.0006	-56.1	-0.0005
46076.65486111		22.4818	1.0406	1.0481	-0.0006	-55.7	-0.0008
46076.65509259		22.4820	1.0406	1.0480	-0.0007	-55.4	-0.0007
46076.65532407		22.4874	1.0405	1.0480	-0.0006	-55.0	-0.0006
46076.65555556		22.4883	1.0406	1.0480	-0.0008	-54.6	-0.0006
46076.65578704		22.4894	1.0406	1.0480	-0.0007	-54.6	-0.0006
46076.65601852		22.4927	1.0407	1.0479	-0.0007	-54.8	-0.0006
46076.65625000		22.4926	1.0406	1.0479	-0.0008	-54.9	-0.0006
46076.65648148		22.4918	1.0405	1.0478	-0.0007	-55.1	-0.0005
46076.65671296		22.4908	1.0405	1.0479	-0.0007	-55.3	-0.0005
46076.65694444		22.4838	1.0404	1.0479	-0.0006	-54.9	-0.0006
46076.65717593		22.4835	1.0404	1.0478	-0.0006	-54.3	-0.0006
46076.65740741		22.4886	1.0405	1.0479	-0.0007	-53.7	-0.0006
46076.65763889		22.4930	1.0404	1.0479	-0.0006	-54.0	-0.0008
46076.65787037		22.4928	1.0404	1.0479	-0.0004	-54.4	-0.0008
46076.65810185		22.4912	1.0404	1.0478	-0.0006	-54.7	-0.0007
46076.65833333		22.4859	1.0403	1.0477	-0.0007	-54.6	-0.0005
46076.65856481		22.4825	1.0404	1.0478	-0.0008	-54.0	-0.0005
46076.65879630		22.4886	1.0403	1.0479	-0.0006	-53.4	-0.0006
46076.65902778		22.4925	1.0404	1.0478	-0.0007	-53.9	-0.0007
46076.65925926		22.4916	1.0403	1.0478	-0.0008	-54.4	-0.0006
46076.65949074		22.4894	1.0403	1.0477	-0.0008	-54.6	-0.0007
46076.65972222		22.4840	1.0402	1.0477	-0.0007	-54.0	-0.0006
46076.65995370		22.4888	1.0404	1.0477	-0.0008	-53.4	-0.0007
46076.66018519		22.4930	1.0404	1.0477	-0.0007	-53.8	-0.0007
46076.66041667		22.4922	1.0404	1.0477	-0.0006	-54.3	-0.0006
46076.66064815		22.4896	1.0404	1.0476	-0.0008	-54.4	-0.0006
46076.66087963		22.4833	1.0402	1.0478	-0.0007	-53.7	-0.0007
46076.66111111		22.4894	1.0404	1.0477	-0.0006	-53.2	-0.0007
46076.66134259		22.4916	1.0403	1.0476	-0.0006	-53.9	-0.0005
46076.66157407		22.4910	1.0403	1.0477	-0.0006	-54.4	-0.0007
46076.66180556		22.4839	1.0403	1.0477	-0.0008	-54.3	-0.0007
46076.66203704		22.4879	1.0403	1.0477	-0.0007	-53.4	-0.0006
46076.66226852		22.4930	1.0403	1.0477	-0.0008	-53.4	-0.0005
46076.66250000		22.4933	1.0403	1.0477	-0.0007	-54.1	-0.0006
46076.66273148		22.4924	1.0402	1.0477	-0.0007	-54.4	-0.0006
46076.66296296		22.4858	1.0403	1.0477	-0.0007	-53.8	-0.0008
46076.66319444		22.4915	1.0403	1.0477	-0.0008	-53.1	-0.0007
46076.66342593		22.4951	1.0403	1.0476	-0.0007	-53.8	-0.0006
46076.66365741		22.4942	1.0403	1.0476	-0.0007	-54.4	-0.0008
46076.66388889		22.4868	1.0402	1.0476	-0.0007	-54.1	-0.0008
46076.66412037		22.4900	1.0403	1.0477	-0.0007	-53.2	-0.0007
46076.66435185		22.4949	1.0403	1.0477	-0.0007	-53.6	-0.0006
46076.66458333		22.4945	1.0403	1.0476	-0.0005	-54.3	-0.0007
46076.66481481		22.4889	1.0403	1.0475	-0.0007	-54.5	-0.0005
46076.66504630		22.4907	1.0402	1.0476	-0.0007	-53.3	-0.0006
46076.66527778		22.4955	1.0404	1.0476	-0.0008	-53.6	-0.0007
46076.66550926		22.4950	1.0402	1.0476	-0.0007	-54.0	-0.0006
46076.66574074		22.4941	1.0403	1.0477	-0.0007	-51.8	-0.0005
46076.66597222		22.4921	1.0403	1.0477	-0.0006	-49.5	-0.0006
46076.66620370		22.4849	1.0402	1.0477	-0.0006	-46.1	-0.0006
46076.66643519		22.4836	1.0401	1.0476	-0.0005	-41.4	-0.0005
46076.66666667		22.4862	1.0402	1.0476	-0.0007	-36.3	-0.0007
46076.66689815		22.4874	1.0402	1.0476	-0.0007	-31.5	-0.0006
46076.66712963		22.4876	1.0402	1.0476	-0.0008	-27.3	-0.0006
46076.66736111		22.4877	1.0402	1.0477	-0.0006	-23.6	-0.0008
46076.66759259		22.4887	1.0403	1.0476	-0.0007	-19.6	-0.0006
46076.66782407		22.4956	1.0402	1.0476	-0.0006	-16.1	-0.0006
46076.66805556		22.4934	1.0401	1.0477	-0.0007	-14.3	-0.0007
46076.66828704		22.4929	1.0403	1.0474	-0.0006	-13.3	-0.0005
46076.66851852		22.4900	1.0403	1.0475	-0.0008	-11.8	-0.0006
46076.66875000		22.4847	1.0402	1.0475	-0.0007	-8.2	-0.0005
46076.66898148		22.4848	1.0401	1.0476	-0.0007	-3.4	-0.0007
46076.66921296		22.4872	1.0401	1.0477	-0.0007	1.5	-0.0008
46076.66944444		22.4912	1.0401	1.0475	-0.0006	6.1	-0.0006
46076.66967593		22.4930	1.0401	1.0476	-0.0007	9.2	-0.0006
46076.66990741		22.4873	1.0401	1.0475	-0.0007	10.5	-0.0007
46076.67013889		22.4924	1.0402	1.0476	-0.0008	11.6	-0.0008
46076.67037037		22.4846	1.0401	1.0474	-0.0006	13.6	-0.0006
46076.67060185		22.4843	1.0400	1.0475	-0.0008	18.3	-0.0007
46076.67083333		22.4845	1.0399	1.0474	-0.0005	23.7	-0.0006
46076.67106481		22.4882	1.0401	1.0475	-0.0007	29.7	-0.0007
46076.67129630		22.4931	1.0400	1.0474	-0.0006	33.5	-0.0005
46076.67152778		22.4943	1.0402	1.0476	-0.0007	35.1	-0.0007
46076.67175926		22.4948	1.0401	1.0476	-0.0007	36.0	-0.0007
46076.67199074		22.4883	1.0401	1.0473	-0.0007	36.7	-0.0005
46076.67222222		22.4853	1.0400	1.0474	-0.0007	39.9	-0.0006
46076.67245370		22.4850	1.0400	1.0474	-0.0006	45.4	-0.0007
46076.67268519		22.4848	1.0400	1.0474	-0.0007	51.5	-0.0006
46076.67291667		22.4895	1.0401	1.0473	-0.0005	57.9	-0.0006
46076.67314815		22.4942	1.0401	1.0473	-0.0006	61.2	-0.0006
46076.67337963		22.4942	1.0400	1.0474	-0.0006	62.1	-0.0006
46076.67361111		22.4923	1.0399	1.0474	-0.0008	62.5	-0.0006
46076.67384259		22.4863	1.0399	1.0475	-0.0007	63.1	-0.0008
46076.67407407		22.4856	1.0400	1.0473	-0.0007	67.2	-0.0005
46076.67430556		22.4856	1.0400	1.0473	-0.0006	73.2	-0.0006
46076.67453704		22.6484	1.0409	1.0481	-0.0007	79.2	-0.0007
46076.67476852		22.6538	1.0412	1.0486	-0.0007	85.3	-0.0007
46076.67500000		22.4863	1.0399	1.0473	-0.0006	88.7	-0.0007
46076.67523148		22.4972	1.0398	1.0473	-0.0007	88.6	-0.0008
46076.67546296		22.4966	1.0400	1.0473	-0.0007	89.2	-0.0006
46076.67569444		22.4987	1.0399	1.0473	-0.0006	88.9	-0.0006
46076.67592593		22.4987	1.0398	1.0475	-0.0008	88.1	-0.0008
46076.67615741		22.4948	1.0399	1.0474	-0.0008	87.0	-0.0006
46076.67638889		22.4989	1.0400	1.0472	-0.0007	85.9	-0.0006
46076.67662037		22.4946	1.0400	1.0472	-0.0007	85.0	-0.0005
46076.67685185		22.4991	1.0400	1.0474	-0.0008	82.8	-0.0006
46076.67708333		22.4989	1.0399	1.0472	-0.0008	81.0	-0.0005
46076.67731481		22.4981	1.0399	1.0472	-0.0006	79.9	-0.0005
46076.67754630		22.4952	1.0399	1.0473	-0.0006	79.3	-0.0007
46076.67777778		22.4954	1.0398	1.0472	-0.0006	78.7	-0.0006
46076.67800926		22.4894	1.0399	1.0473	-0.0008	79.7	-0.0007
46076.67824074		22.4939	1.0399	1.0473	-0.0006	83.4	-0.0007
46076.67847222		22.4962	1.0399	1.0472	-0.0007	86.1	-0.0006
46076.67870370		22.4959	1.0399	1.0472	-0.0006	86.5	-0.0005
46076.67893519		22.4988	1.0399	1.0473	-0.0007	86.7	-0.0005
46076.67916667		22.4991	1.0398	1.0472	-0.0007	86.5	-0.0006
46076.67939815		22.4997	1.0399	1.0473	-0.0007	86.3	-0.0006
46076.67962963		22.4997	1.0399	1.0473	-0.0009	85.9	-0.0006
46076.67986111		22.4998	1.0400	1.0474	-0.0006	85.4	-0.0007
46076.68009259		22.5000	1.0399	1.0473	-0.0008	84.8	-0.0007
46076.68032407		22.4995	1.0400	1.0473	-0.0008	84.1	-0.0004
46076.68055556		22.4991	1.0398	1.0473	-0.0008	83.6	-0.0007
46076.68078704		22.4988	1.0399	1.0474	-0.0006	83.0	-0.0006
46076.68101852		22.4984	1.0400	1.0472	-0.0006	82.4	-0.0005
46076.68125000		22.4969	1.0400	1.0473	-0.0007	82.1	-0.0007
46076.68148148		22.4965	1.0399	1.0474	-0.0008	81.7	-0.0006
46076.68171296		22.4961	1.0397	1.0473	-0.0005	81.5	-0.0006
46076.68194444		22.4955	1.0399	1.0474	-0.0007	81.6	-0.0007
46076.68217593		22.4946	1.0399	1.0472	-0.0007	81.8	-0.0005
46076.68240741		22.4956	1.0399	1.0473	-0.0006	82.2	-0.0004
46076.68263889		22.6589	1.0410	1.0485	-0.0008	82.6	-0.0006
46076.68287037		22.4868	1.0399	1.0474	-0.0006	83.4	-0.0006
46076.68310185		22.4949	1.0399	1.0474	-0.0007	84.2	-0.0007
46076.68333333		22.4958	1.0399	1.0475	-0.0007	85.2	-0.0006
46076.68356481		22.4974	1.0400	1.0473	-0.0007	86.2	-0.0006
46076.68379630		22.4965	1.0399	1.0474	-0.0008	87.1	-0.0006
46076.68402778		22.4972	1.0400	1.0473	-0.0007	88.0	-0.0005
46076.68425926		22.4993	1.0400	1.0474	-0.0005	88.8	-0.0005
46076.68449074		22.5007	1.0399	1.0474	-0.0007	89.4	-0.0005
46076.68472222		22.5010	1.0401	1.0475	-0.0006	89.8	-0.0006
46076.68495370		22.5015	1.0400	1.0474	-0.0007	90.0	-0.0006
46076.68518519		22.4974	1.0400	1.0474	-0.0008	90.0	-0.0006
46076.68541667		22.5016	1.0399	1.0474	-0.0007	89.7	-0.0006
46076.68564815		22.4969	1.0399	1.0474	-0.0007	89.5	-0.0006
46076.68587963		22.5007	1.0400	1.0475	-0.0008	88.4	-0.0006
46076.68611111		22.5002	1.0400	1.0475	-0.0007	86.6	-0.0007
46076.68634259		22.4964	1.0400	1.0474	-0.0007	84.7	-0.0006
46076.68657407		22.5007	1.0401	1.0475	-0.0008	82.7	-0.0007
46076.68680556		22.5010	1.0401	1.0475	-0.0006	81.7	-0.0006
46076.68703704		22.5002	1.0401	1.0474	-0.0007	81.7	-0.0005
46076.68726852		22.4992	1.0401	1.0474	-0.0007	82.0	-0.0005
46076.68750000		22.4981	1.0401	1.0475	-0.0008	82.1	-0.0007
46076.68773148		22.4946	1.0402	1.0474	-0.0006	82.4	-0.0006
46076.68796296		22.4981	1.0401	1.0474	-0.0007	84.1	-0.0005
46076.68819444		22.5000	1.0401	1.0474	-0.0008	84.6	-0.0006
46076.68842593		22.4995	1.0401	1.0474	-0.0006	84.8	-0.0005
46076.68865741		22.4984	1.0400	1.0473	-0.0007	85.1	-0.0005
46076.68888889		22.4999	1.0400	1.0475	-0.0004	85.4	-0.0007
46076.68912037		22.5018	1.0401	1.0476	-0.0008	85.7	-0.0007
46076.68935185		22.4904	1.0400	1.0476	-0.0008	85.6	-0.0007
46076.68958333		22.4899	1.0401	1.0474	-0.0007	84.7	-0.0005
46076.68981481		22.4883	1.0401	1.0475	-0.0007	80.4	-0.0005
46076.69004630		22.4944	1.0401	1.0474	-0.0007	72.6	-0.0006
46076.69027778		22.4923	1.0401	1.0476	-0.0007	66.0	-0.0006
46076.69050926		22.4900	1.0401	1.0474	-0.0006	61.0	-0.0006
46076.69074074		22.4891	1.0401	1.0474	-0.0007	57.2	-0.0006
46076.69097222		22.4899	1.0402	1.0474	-0.0007	54.7	-0.0006
46076.69120370		22.4852	1.0400	1.0474	-0.0007	53.2	-0.0005
46076.69143519		22.4869	1.0401	1.0473	-0.0007	48.4	-0.0005
46076.69166667		22.4909	1.0401	1.0475	-0.0006	40.5	-0.0007
46076.69189815		22.4908	1.0401	1.0473	-0.0006	34.5	-0.0006
46076.69212963		22.4914	1.0401	1.0475	-0.0007	30.8	-0.0007
46076.69236111		22.4972	1.0401	1.0476	-0.0007	29.4	-0.0007
46076.69259259		22.4921	1.0401	1.0476	-0.0006	29.7	-0.0007
46076.69282407		22.4894	1.0401	1.0474	-0.0007	29.2	-0.0005
46076.69305556		22.4800	1.0401	1.0474	-0.0006	25.1	-0.0006
46076.69328704		22.4816	1.0401	1.0475	-0.0006	17.6	-0.0007
46076.69351852		22.4656	1.0401	1.0474	-0.0007	12.8	-0.0005
46076.69375000		22.4819	1.0401	1.0475	-0.0007	8.9	-0.0006
46076.69398148		22.4835	1.0402	1.0475	-0.0007	6.5	-0.0007
46076.69421296		22.4640	1.0400	1.0474	-0.0006	5.0	-0.0006
46076.69444444		22.4823	1.0402	1.0474	-0.0006	2.1	-0.0005
46076.69467593		22.4649	1.0400	1.0475	-0.0007	-0.8	-0.0006
46076.69490741		22.4829	1.0401	1.0474	-0.0007	-4.0	-0.0006
46076.69513889		22.4679	1.0400	1.0475	-0.0007	-7.1	-0.0006
46076.69537037		22.4844	1.0401	1.0475	-0.0006	-10.1	-0.0006
46076.69560185		22.4981	1.0401	1.0475	-0.0006	-12.9	-0.0006
46076.69583333		22.4876	1.0399	1.0473	-0.0007	-16.0	-0.0006
46076.69606481		22.4803	1.0400	1.0473	-0.0006	-19.0	-0.0005
46076.69629630		22.4610	1.0399	1.0472	-0.0007	-22.0	-0.0006
46076.69652778		22.4863	1.0401	1.0475	-0.0006	-25.7	-0.0007
46076.69675926		22.4800	1.0400	1.0474	-0.0006	-27.9	-0.0006
46076.69699074		22.4806	1.0400	1.0474	-0.0007	-31.5	-0.0007
46076.69722222		22.4609	1.0400	1.0473	-0.0006	-34.5	-0.0007
46076.69745370		22.4812	1.0400	1.0474	-0.0007	-38.5	-0.0005
46076.69768519		22.4803	1.0400	1.0474	-0.0006	-40.0	-0.0007
46076.69791667		22.4799	1.0400	1.0474	-0.0008	-43.7	-0.0005
46076.69814815		22.4797	1.0399	1.0473	-0.0008	-47.2	-0.0005
46076.69837963		22.4795	1.0400	1.0474	-0.0007	-49.9	-0.0006
46076.69861111		22.4790	1.0400	1.0473	-0.0007	-51.9	-0.0006
46076.69884259		22.4794	1.0399	1.0474	-0.0006	-54.3	-0.0007
46076.69907407		22.4842	1.0400	1.0475	-0.0007	-53.3	-0.0007
46076.69930556		22.4854	1.0399	1.0474	-0.0007	-54.5	-0.0006
46076.69953704		22.4877	1.0400	1.0474	-0.0008	-53.9	-0.0006
46076.69976852		22.4973	1.0399	1.0475	-0.0007	-53.8	-0.0006
46076.70000000		22.4884	1.0399	1.0474	-0.0006	-54.4	-0.0005
46076.70023148		22.4867	1.0400	1.0474	-0.0006	-55.0	-0.0007
46076.70046296		22.4970	1.0401	1.0475	-0.0008	-55.5	-0.0006
46076.70069444		22.4986	1.0400	1.0474	-0.0006	-55.8	-0.0005
46076.70092593		22.4959	1.0401	1.0475	-0.0007	-56.4	-0.0005
46076.70115741		22.4904	1.0401	1.0474	-0.0007	-57.0	-0.0006
46076.70138889		22.4917	1.0400	1.0474	-0.0007	-57.1	-0.0006
46076.70162037		22.4935	1.0399	1.0474	-0.0008	-56.6	-0.0006
46076.70185185		22.4913	1.0400	1.0474	-0.0007	-56.9	-0.0006
46076.70208333		22.4913	1.0400	1.0475	-0.0006	-56.4	-0.0007
46076.70231481		22.4932	1.0402	1.0474	-0.0007	-56.2	-0.0005
46076.70254630		22.4932	1.0400	1.0474	-0.0006	-56.0	-0.0007
46076.70277778		22.4914	1.0400	1.0474	-0.0007	-55.5	-0.0005
46076.70300926		22.4900	1.0400	1.0473	-0.0007	-55.1	-0.0006
46076.70324074		22.4957	1.0400	1.0475	-0.0007	-54.8	-0.0007
46076.70347222		22.4969	1.0400	1.0474	-0.0006	-54.5	-0.0005
46076.70370370		22.4980	1.0401	1.0474	-0.0007	-54.2	-0.0007
46076.70393519		22.5019	1.0401	1.0475	-0.0008	-54.5	-0.0008
46076.70416667		22.5022	1.0400	1.0475	-0.0007	-54.7	-0.0006
46076.70439815		22.5019	1.0401	1.0475	-0.0007	-54.9	-0.0007
46076.70462963		22.5010	1.0401	1.0475	-0.0006	-54.9	-0.0006
46076.70486111		22.4960	1.0400	1.0475	-0.0007	-54.7	-0.0006
46076.70509259		22.4932	1.0402	1.0475	-0.0008	-54.4	-0.0008
46076.70532407		22.4980	1.0402	1.0475	-0.0008	-53.6	-0.0007
46076.70555556		22.5002	1.0402	1.0474	-0.0006	-53.6	-0.0006
46076.70578704		22.5033	1.0402	1.0476	-0.0007	-54.0	-0.0007
46076.70601852		22.5030	1.0400	1.0476	-0.0007	-54.4	-0.0007
46076.70625000		22.5012	1.0401	1.0474	-0.0005	-54.6	-0.0005
46076.70648148		22.4944	1.0401	1.0474	-0.0007	-54.1	-0.0008
46076.70671296		22.4991	1.0400	1.0474	-0.0007	-53.4	-0.0005
46076.70694444		22.5018	1.0402	1.0476	-0.0007	-53.4	-0.0008
46076.70717593		22.5036	1.0400	1.0475	-0.0006	-54.0	-0.0005
46076.70740741		22.5027	1.0400	1.0476	-0.0007	-54.3	-0.0007
46076.70763889		22.4971	1.0401	1.0475	-0.0006	-54.2	-0.0007
46076.70787037		22.4956	1.0401	1.0474	-0.0005	-53.6	-0.0006
46076.70810185		22.5008	1.0401	1.0476	-0.0006	-53.2	-0.0007
46076.70833333		22.5038	1.0402	1.0475	-0.0006	-53.9	-0.0005
46076.70856481		22.5031	1.0401	1.0474	-0.0006	-54.3	-0.0004
46076.70879630		22.4956	1.0400	1.0475	-0.0005	-54.1	-0.0006
46076.70902778		22.4990	1.0402	1.0475	-0.0007	-53.2	-0.0007
46076.70925926		22.5033	1.0401	1.0475	-0.0007	-53.3	-0.0005
46076.70949074		22.5040	1.0400	1.0475	-0.0006	-53.9	-0.0006
46076.70972222		22.5023	1.0400	1.0476	-0.0008	-54.2	-0.0006
46076.70995370		22.4946	1.0400	1.0476	-0.0008	-53.8	-0.0006
46076.71018519		22.4996	1.0401	1.0476	-0.0006	-53.0	-0.0006
46076.71041667		22.5039	1.0401	1.0477	-0.0007	-53.5	-0.0008
46076.71064815		22.5030	1.0402	1.0477	-0.0007	-54.1	-0.0007
46076.71087963		22.4976	1.0401	1.0476	-0.0007	-54.1	-0.0007
46076.71111111		22.4990	1.0401	1.0477	-0.0007	-53.2	-0.0007
46076.71134259		22.5042	1.0400	1.0475	-0.0006	-53.3	-0.0005
46076.71157407		22.5039	1.0401	1.0477	-0.0006	-54.0	-0.0007
46076.71180556		22.5024	1.0401	1.0477	-0.0007	-54.3	-0.0008
46076.71203704		22.4855	1.0402	1.0476	-0.0007	-53.5	-0.0007
46076.71226852		22.5024	1.0403	1.0476	-0.0008	-53.2	-0.0008
46076.71250000		22.5042	1.0403	1.0476	-0.0006	-53.9	-0.0007
46076.71273148		22.5007	1.0402	1.0477	-0.0007	-53.7	-0.0008
46076.71296296		22.5004	1.0402	1.0476	-0.0006	-51.8	-0.0006
46076.71319444		22.4943	1.0402	1.0475	-0.0006	-49.2	-0.0005
46076.71342593		22.4932	1.0402	1.0476	-0.0007	-45.8	-0.0005
46076.71365741		22.4908	1.0403	1.0476	-0.0007	-41.2	-0.0006
46076.71388889		22.4952	1.0402	1.0476	-0.0008	-36.1	-0.0006
46076.71412037		22.4989	1.0403	1.0475	-0.0005	-31.5	-0.0005
46076.71435185		22.4951	1.0403	1.0476	-0.0008	-27.1	-0.0005
46076.71458333		22.4963	1.0402	1.0475	-0.0007	-23.0	-0.0004
46076.71481481		22.4967	1.0402	1.0478	-0.0007	-19.0	-0.0007
46076.71504630		22.5022	1.0404	1.0476	-0.0006	-15.6	-0.0005
46076.71527778		22.5013	1.0404	1.0478	-0.0006	-13.7	-0.0007
46076.71550926		22.5018	1.0403	1.0477	-0.0006	-12.5	-0.0006
46076.71574074		22.4941	1.0403	1.0477	-0.0008	-11.2	-0.0007
46076.71597222		22.4923	1.0402	1.0475	-0.0007	-7.7	-0.0006
46076.71620370		22.4939	1.0402	1.0477	-0.0006	-3.1	-0.0007
46076.71643519		22.4934	1.0402	1.0477	-0.0005	2.1	-0.0006
46076.71666667		22.5012	1.0403	1.0476	-0.0006	7.0	-0.0005
46076.71689815		22.5017	1.0405	1.0477	-0.0007	9.8	-0.0007
46076.71712963		22.5006	1.0404	1.0478	-0.0006	11.2	-0.0007
46076.71736111		22.5012	1.0402	1.0477	-0.0007	12.2	-0.0007
46076.71759259		22.4927	1.0402	1.0475	-0.0006	13.6	-0.0004
46076.71782407		22.4921	1.0403	1.0476	-0.0006	18.2	-0.0004
46076.71805556		22.4919	1.0404	1.0475	-0.0007	24.0	-0.0005
46076.71828704		22.4959	1.0402	1.0476	-0.0008	30.0	-0.0006
46076.71851852		22.5012	1.0403	1.0477	-0.0008	33.8	-0.0007
46076.71875000		22.5022	1.0404	1.0479	-0.0007	35.1	-0.0007
46076.71898148		22.4995	1.0404	1.0477	-0.0007	35.9	-0.0007
46076.71921296		22.4937	1.0403	1.0476	-0.0007	36.6	-0.0005
46076.71944444		22.4920	1.0402	1.0476	-0.0006	40.2	-0.0006
46076.71967593		22.4921	1.0403	1.0476	-0.0007	46.7	-0.0007
46076.71990741		22.4928	1.0404	1.0475	-0.0005	52.9	-0.0005
46076.72013889		22.5017	1.0403	1.0476	-0.0006	58.7	-0.0004
46076.72037037		22.5004	1.0403	1.0476	-0.0007	60.3	-0.0005
46076.72060185		22.4998	1.0403	1.0477	-0.0007	61.3	-0.0006
46076.72083333		22.4985	1.0403	1.0476	-0.0007	61.9	-0.0006
46076.72106481		22.4916	1.0404	1.0476	-0.0007	62.5	-0.0006
46076.72129630		22.4915	1.0402	1.0475	-0.0006	67.3	-0.0005
46076.72152778		22.4915	1.0403	1.0476	-0.0006	73.2	-0.0006
46076.72175926		22.4914	1.0402	1.0477	-0.0007	79.0	-0.0008
46076.72199074		22.4947	1.0403	1.0475	-0.0008	85.9	-0.0006
46076.72222222		22.5010	1.0403	1.0477	-0.0007	89.5	-0.0006
46076.72245370		22.5031	1.0403	1.0476	-0.0006	89.9	-0.0006
46076.72268519		22.5050	1.0403	1.0477	-0.0008	90.0	-0.0007
46076.72291667		22.6638	1.0415	1.0489	-0.0007	89.3	-0.0006
46076.72314815		22.4986	1.0403	1.0476	-0.0007	88.4	-0.0004
46076.72337963		22.5056	1.0402	1.0476	-0.0006	87.2	-0.0007
46076.72361111		22.5059	1.0403	1.0476	-0.0007	85.8	-0.0005
46076.72384259		22.5050	1.0402	1.0476	-0.0008	83.9	-0.0006
46076.72407407		22.5054	1.0403	1.0477	-0.0007	82.0	-0.0006
46076.72430556		22.5051	1.0402	1.0475	-0.0007	80.7	-0.0005
46076.72453704		22.5018	1.0403	1.0476	-0.0006	80.2	-0.0006
46076.72476852		22.5022	1.0402	1.0475	-0.0007	79.5	-0.0006
46076.72500000		22.5013	1.0402	1.0475	-0.0007	78.9	-0.0005
46076.72523148		22.4990	1.0402	1.0476	-0.0005	79.9	-0.0007
46076.72546296		22.5006	1.0402	1.0475	-0.0007	83.3	-0.0006
46076.72569444		22.5019	1.0402	1.0477	-0.0008	85.8	-0.0007
46076.72592593		22.5013	1.0402	1.0475	-0.0007	86.2	-0.0007
46076.72615741		22.5033	1.0402	1.0476	-0.0007	86.4	-0.0005
46076.72638889		22.5033	1.0402	1.0475	-0.0007	86.2	-0.0006
46076.72662037		22.5029	1.0403	1.0475	-0.0005	86.0	-0.0006
46076.72685185		22.5039	1.0402	1.0476	-0.0006	85.6	-0.0007
46076.72708333		22.5039	1.0403	1.0475	-0.0006	85.2	-0.0007
46076.72731481		22.5040	1.0402	1.0476	-0.0006	84.7	-0.0007
46076.72754630		22.5032	1.0402	1.0476	-0.0006	84.2	-0.0007
46076.72777778		22.5017	1.0401	1.0475	-0.0007	83.6	-0.0006
46076.72800926		22.5030	1.0402	1.0476	-0.0005	83.1	-0.0006
46076.72824074		22.5009	1.0401	1.0476	-0.0007	82.7	-0.0007
46076.72847222		22.5015	1.0400	1.0476	-0.0007	82.3	-0.0006
46076.72870370		22.5011	1.0401	1.0475	-0.0006	82.1	-0.0006
46076.72893519		22.5017	1.0402	1.0474	-0.0005	82.0	-0.0004
46076.72916667		22.5002	1.0402	1.0473	-0.0006	82.1	-0.0005
46076.72939815		22.5005	1.0401	1.0474	-0.0007	82.3	-0.0006
46076.72962963		22.4995	1.0402	1.0473	-0.0006	82.8	-0.0005
46076.72986111		22.4995	1.0402	1.0474	-0.0006	83.3	-0.0007
46076.73009259		22.5019	1.0400	1.0475	-0.0007	83.9	-0.0005
46076.73032407		22.4911	1.0406	1.0479	-0.0007	84.7	-0.0007
46076.73055556		22.4988	1.0401	1.0476	-0.0007	85.4	-0.0006
46076.73078704		22.5027	1.0401	1.0475	-0.0008	86.2	-0.0006
46076.73101852		22.5034	1.0402	1.0474	-0.0006	87.1	-0.0005
46076.73125000		22.5032	1.0401	1.0475	-0.0006	87.9	-0.0005
46076.73148148		22.5043	1.0402	1.0475	-0.0007	88.4	-0.0005
46076.73171296		22.5044	1.0402	1.0476	-0.0006	88.9	-0.0005
46076.73194444		22.5063	1.0403	1.0475	-0.0007	89.2	-0.0005
46076.73217593		22.5060	1.0404	1.0475	-0.0007	89.3	-0.0007
46076.73240741		22.5056	1.0403	1.0477	-0.0007	89.3	-0.0008
46076.73263889		22.5065	1.0401	1.0476	-0.0008	89.1	-0.0006
46076.73287037		22.5002	1.0402	1.0476	-0.0006	88.7	-0.0007
46076.73310185		22.5062	1.0403	1.0475	-0.0006	87.3	-0.0005
46076.73333333		22.5039	1.0403	1.0476	-0.0005	85.8	-0.0006
46076.73356481		22.5060	1.0403	1.0477	-0.0007	84.1	-0.0006
46076.73379630		22.5062	1.0402	1.0478	-0.0008	83.5	-0.0007
46076.73402778		22.5064	1.0402	1.0477	-0.0008	83.4	-0.0007
46076.73425926		22.5064	1.0403	1.0476	-0.0008	83.5	-0.0006
46076.73449074		22.5041	1.0403	1.0475	-0.0007	83.3	-0.0005
46076.73472222		22.5040	1.0403	1.0476	-0.0006	83.1	-0.0006
46076.73495370		22.5034	1.0402	1.0475	-0.0006	83.0	-0.0006
46076.73518519		22.5048	1.0402	1.0476	-0.0006	82.9	-0.0006
46076.73541667		22.5045	1.0403	1.0475	-0.0006	82.9	-0.0005
46076.73564815		22.5039	1.0403	1.0476	-0.0007	83.0	-0.0005
46076.73587963		22.5042	1.0404	1.0478	-0.0007	83.2	-0.0006
46076.73611111		22.5031	1.0404	1.0476	-0.0007	83.6	-0.0004
46076.73634259		22.5050	1.0404	1.0478	-0.0006	83.9	-0.0007
46076.73657407		22.4974	1.0403	1.0475	-0.0007	84.1	-0.0006
46076.73680556		22.5018	1.0403	1.0477	-0.0007	83.8	-0.0006
46076.73703704		22.4934	1.0402	1.0477	-0.0008	81.7	-0.0007
46076.73726852		22.4990	1.0403	1.0477	-0.0007	75.7	-0.0007
46076.73750000		22.4934	1.0403	1.0477	-0.0008	68.6	-0.0008
46076.73773148		22.4952	1.0403	1.0475	-0.0006	63.3	-0.0005
46076.73796296		22.4926	1.0402	1.0477	-0.0008	58.8	-0.0007
46076.73819444		22.5022	1.0403	1.0476	-0.0007	55.3	-0.0005
46076.73842593		22.4953	1.0403	1.0477	-0.0007	53.2	-0.0006
46076.73865741		22.4931	1.0403	1.0477	-0.0008	50.0	-0.0008
46076.73888889		22.4862	1.0402	1.0476	-0.0007	44.8	-0.0006
46076.73912037		22.4866	1.0404	1.0475	-0.0008	36.9	-0.0005
46076.73935185		22.4967	1.0403	1.0476	-0.0007	31.0	-0.0006
46076.73958333		22.4889	1.0403	1.0476	-0.0007	27.3	-0.0006
46076.73981481		22.4948	1.0404	1.0477	-0.0007	25.3	-0.0007
46076.74004630		22.5023	1.0405	1.0477	-0.0007	25.2	-0.0005
46076.74027778		22.4958	1.0404	1.0476	-0.0006	25.8	-0.0005
46076.74050926		22.4900	1.0403	1.0478	-0.0008	22.4	-0.0008
46076.74074074		22.4949	1.0403	1.0477	-0.0007	15.6	-0.0006
46076.74097222		22.4921	1.0402	1.0476	-0.0006	10.1	-0.0005
46076.74120370		22.4906	1.0403	1.0475	-0.0005	6.0	-0.0004
46076.74143519		22.4887	1.0403	1.0476	-0.0007	3.4	-0.0005
46076.74166667		22.4857	1.0403	1.0477	-0.0006	1.3	-0.0007
46076.74189815		22.4851	1.0404	1.0476	-0.0007	-0.6	-0.0005
46076.74212963		22.4808	1.0401	1.0474	-0.0006	-2.8	-0.0006
46076.74236111		22.4866	1.0402	1.0475	-0.0007	-6.4	-0.0005
46076.74259259		22.4872	1.0402	1.0475	-0.0006	-10.8	-0.0005
46076.74282407		22.5028	1.0403	1.0477	-0.0008	-14.0	-0.0007
46076.74305556		22.4972	1.0402	1.0476	-0.0007	-16.8	-0.0007
46076.74328704		22.4850	1.0402	1.0477	-0.0006	-19.5	-0.0007
46076.74351852		22.4658	1.0401	1.0475	-0.0007	-22.0	-0.0007
46076.74375000		22.4886	1.0403	1.0477	-0.0007	-26.0	-0.0008
46076.74398148		22.4841	1.0403	1.0475	-0.0005	-28.4	-0.0005
46076.74421296		22.4840	1.0402	1.0475	-0.0007	-31.9	-0.0005
46076.74444444		22.4644	1.0401	1.0476	-0.0007	-35.4	-0.0008
46076.74467593		22.4829	1.0403	1.0476	-0.0008	-38.3	-0.0008
46076.74490741		22.4828	1.0403	1.0477	-0.0009	-40.7	-0.0007
46076.74513889		22.4869	1.0404	1.0477	-0.0007	-44.3	-0.0008
46076.74537037		22.4826	1.0403	1.0476	-0.0007	-45.6	-0.0007
46076.74560185		22.4830	1.0403	1.0476	-0.0007	-49.2	-0.0007
46076.74583333		22.4829	1.0403	1.0476	-0.0006	-52.4	-0.0005
46076.74606481		22.4828	1.0403	1.0476	-0.0007	-54.2	-0.0007
46076.74629630		22.4882	1.0403	1.0478	-0.0008	-55.5	-0.0008
46076.74652778		22.4894	1.0402	1.0475	-0.0007	-54.1	-0.0005
46076.74675926		22.5005	1.0403	1.0476	-0.0006	-53.9	-0.0005
46076.74699074		22.4898	1.0403	1.0474	-0.0007	-53.8	-0.0003
46076.74722222		22.4907	1.0403	1.0476	-0.0007	-54.3	-0.0007
46076.74745370		22.4913	1.0403	1.0476	-0.0007	-54.9	-0.0007
46076.74768519		22.5015	1.0405	1.0477	-0.0008	-55.3	-0.0007
46076.74791667		22.5041	1.0404	1.0477	-0.0006	-55.4	-0.0008
46076.74814815		22.5039	1.0403	1.0477	-0.0007	-55.9	-0.0006
46076.74837963		22.4959	1.0402	1.0475	-0.0007	-56.4	-0.0006
46076.74861111		22.5023	1.0403	1.0477	-0.0008	-56.5	-0.0006
46076.74884259		22.5024	1.0403	1.0478	-0.0007	-56.1	-0.0007
46076.74907407		22.5021	1.0403	1.0477	-0.0007	-56.4	-0.0006
46076.74930556		22.5015	1.0403	1.0475	-0.0006	-56.5	-0.0005
46076.74953704		22.5026	1.0402	1.0475	-0.0005	-56.3	-0.0005
46076.74976852		22.4999	1.0402	1.0475	-0.0007	-55.8	-0.0005
46076.75000000		22.4988	1.0403	1.0476	-0.0009	-55.6	-0.0007
46076.75023148		22.4961	1.0402	1.0475	-0.0007	-55.4	-0.0006
46076.75046296		22.4956	1.0402	1.0476	-0.0007	-55.0	-0.0007
46076.75069444		22.4943	1.0401	1.0476	-0.0008	-54.8	-0.0007
46076.75092593		22.4979	1.0403	1.0476	-0.0007	-54.6	-0.0007
46076.75115741		22.5012	1.0401	1.0475	-0.0007	-54.3	-0.0005
46076.75138889		22.5023	1.0403	1.0476	-0.0007	-54.1	-0.0007
46076.75162037		22.5061	1.0401	1.0476	-0.0007	-54.3	-0.0007
46076.75185185		22.5053	1.0402	1.0474	-0.0006	-54.6	-0.0005
46076.75208333		22.5048	1.0402	1.0476	-0.0008	-54.7	-0.0007
46076.75231481		22.5038	1.0401	1.0475	-0.0007	-54.8	-0.0006
46076.75254630		22.4971	1.0402	1.0475	-0.0006	-54.6	-0.0005
46076.75277778		22.4967	1.0402	1.0477	-0.0008	-54.0	-0.0007
46076.75300926		22.5016	1.0401	1.0476	-0.0006	-53.7	-0.0006
46076.75324074		22.5047	1.0402	1.0477	-0.0008	-53.8	-0.0007
46076.75347222		22.5064	1.0402	1.0477	-0.0008	-54.2	-0.0008
46076.75370370		22.5053	1.0402	1.0475	-0.0007	-54.5	-0.0006
46076.75393519		22.5030	1.0402	1.0474	-0.0006	-54.5	-0.0005
46076.75416667		22.4972	1.0401	1.0475	-0.0007	-54.0	-0.0006
46076.75439815		22.5014	1.0403	1.0476	-0.0007	-53.4	-0.0006
46076.75462963		22.5064	1.0401	1.0476	-0.0007	-53.7	-0.0006
46076.75486111		22.5067	1.0401	1.0475	-0.0007	-54.1	-0.0007
46076.75509259		22.5048	1.0401	1.0475	-0.0007	-54.4	-0.0006
46076.75532407		22.4974	1.0401	1.0473	-0.0006	-54.2	-0.0005
46076.75555556		22.5015	1.0401	1.0473	-0.0007	-53.6	-0.0005
46076.75578704		22.5050	1.0401	1.0475	-0.0007	-53.4	-0.0006
46076.75601852		22.5065	1.0401	1.0475	-0.0007	-54.0	-0.0006
46076.75625000		22.5054	1.0400	1.0474	-0.0007	-54.4	-0.0007
46076.75648148		22.4978	1.0399	1.0474	-0.0006	-54.3	-0.0006
46076.75671296		22.5013	1.0400	1.0474	-0.0007	-53.5	-0.0005
46076.75694444		22.5054	1.0400	1.0475	-0.0007	-53.5	-0.0006
46076.75717593		22.5059	1.0401	1.0474	-0.0007	-54.1	-0.0006
46076.75740741		22.5039	1.0399	1.0474	-0.0007	-54.4	-0.0007
46076.75763889		22.4969	1.0401	1.0474	-0.0007	-54.0	-0.0006
46076.75787037		22.5011	1.0399	1.0473	-0.0006	-53.3	-0.0005
46076.75810185		22.5061	1.0399	1.0474	-0.0007	-53.8	-0.0006
46076.75833333		22.5060	1.0400	1.0474	-0.0006	-54.3	-0.0006
46076.75856481		22.5016	1.0400	1.0474	-0.0007	-54.4	-0.0007
46076.75879630		22.5018	1.0401	1.0473	-0.0006	-53.4	-0.0003
46076.75902778		22.5072	1.0400	1.0473	-0.0007	-53.6	-0.0005
46076.75925926		22.5069	1.0401	1.0476	-0.0006	-54.2	-0.0009
46076.75949074		22.5031	1.0399	1.0474	-0.0007	-54.4	-0.0005
46076.75972222		22.4986	1.0399	1.0474	-0.0006	-53.5	-0.0005
46076.75995370		22.5061	1.0400	1.0474	-0.0006	-53.3	-0.0006
46076.76018519		22.5046	1.0400	1.0473	-0.0007	-51.5	-0.0005
46076.76041667		22.4965	1.0400	1.0473	-0.0006	-49.5	-0.0005
46076.76064815		22.4945	1.0398	1.0473	-0.0005	-46.0	-0.0006
46076.76087963		22.4932	1.0398	1.0474	-0.0007	-41.4	-0.0008
46076.76111111		22.4975	1.0399	1.0474	-0.0007	-36.0	-0.0006
46076.76134259		22.4965	1.0399	1.0473	-0.0006	-31.4	-0.0006
46076.76157407		22.4986	1.0399	1.0474	-0.0007	-27.1	-0.0006
46076.76180556		22.4995	1.0400	1.0474	-0.0008	-22.9	-0.0006
46076.76203704		22.5028	1.0400	1.0473	-0.0006	-19.1	-0.0006
46076.76226852		22.5031	1.0399	1.0475	-0.0008	-16.1	-0.0007
46076.76250000		22.4989	1.0400	1.0474	-0.0007	-14.2	-0.0007
46076.76273148		22.5048	1.0399	1.0474	-0.0006	-13.0	-0.0008
46076.76296296		22.4973	1.0398	1.0473	-0.0008	-11.0	-0.0007
46076.76319444		22.4951	1.0399	1.0473	-0.0006	-7.2	-0.0005
46076.76342593		22.4968	1.0400	1.0473	-0.0008	-2.7	-0.0005
46076.76365741		22.4956	1.0399	1.0474	-0.0008	2.3	-0.0008
46076.76388889		22.5048	1.0398	1.0472	-0.0005	6.7	-0.0005
46076.76412037		22.5044	1.0400	1.0473	-0.0008	8.7	-0.0007
46076.76435185		22.5026	1.0399	1.0472	-0.0007	10.4	-0.0005
46076.76458333		22.5018	1.0399	1.0472	-0.0007	11.3	-0.0005
46076.76481481		22.4940	1.0399	1.0472	-0.0007	14.6	-0.0005
46076.76504630		22.4940	1.0399	1.0472	-0.0006	20.0	-0.0006
46076.76527778		22.4993	1.0399	1.0472	-0.0009	26.0	-0.0006
46076.76550926		22.5012	1.0400	1.0473	-0.0007	30.6	-0.0007
46076.76574074		22.5025	1.0399	1.0472	-0.0007	32.0	-0.0008
46076.76597222		22.5016	1.0398	1.0472	-0.0006	33.1	-0.0006
46076.76620370		22.4996	1.0398	1.0472	-0.0007	33.5	-0.0006
46076.76643519		22.4933	1.0397	1.0471	-0.0006	36.1	-0.0006
46076.76666667		22.4933	1.0398	1.0471	-0.0007	41.6	-0.0007
46076.76689815		22.4935	1.0397	1.0470	-0.0007	48.1	-0.0006
46076.76712963		22.6518	1.0405	1.0479	-0.0008	54.7	-0.0007
46076.76736111		22.6606	1.0410	1.0483	-0.0005	58.7	-0.0005
46076.76759259		22.4941	1.0397	1.0470	-0.0007	59.7	-0.0006
46076.76782407		22.5023	1.0397	1.0472	-0.0006	60.0	-0.0006
46076.76805556		22.5013	1.0396	1.0470	-0.0007	60.3	-0.0005
46076.76828704		22.4948	1.0398	1.0470	-0.0007	63.1	-0.0006
46076.76851852		22.4945	1.0397	1.0471	-0.0008	68.5	-0.0007
46076.76875000		22.4943	1.0396	1.0470	-0.0007	74.7	-0.0006
46076.76898148		22.4933	1.0396	1.0469	-0.0007	81.0	-0.0005
46076.76921296		22.5002	1.0395	1.0469	-0.0007	86.8	-0.0005
46076.76944444		22.5015	1.0396	1.0469	-0.0007	88.2	-0.0005
46076.76967593		22.5035	1.0396	1.0471	-0.0009	88.3	-0.0008
46076.76990741		22.5047	1.0395	1.0468	-0.0007	88.1	-0.0006
46076.77013889		22.5065	1.0395	1.0469	-0.0008	87.8	-0.0006
46076.77037037		22.5064	1.0395	1.0468	-0.0007	87.1	-0.0005
46076.77060185		22.5019	1.0396	1.0469	-0.0007	86.5	-0.0007
46076.77083333		22.5062	1.0395	1.0468	-0.0007	85.0	-0.0006
46076.77106481		22.5063	1.0394	1.0469	-0.0006	83.7	-0.0006
46076.77129630		22.5067	1.0395	1.0469	-0.0006	82.7	-0.0007
46076.77152778		22.5065	1.0394	1.0468	-0.0006	81.8	-0.0006
46076.77175926		22.5061	1.0395	1.0467	-0.0006	81.0	-0.0006
46076.77199074		22.5031	1.0395	1.0467	-0.0008	80.2	-0.0005
46076.77222222		22.5018	1.0393	1.0467	-0.0006	79.5	-0.0006
46076.77245370		22.4951	1.0394	1.0468	-0.0007	79.1	-0.0007
46076.77268519		22.4958	1.0392	1.0467	-0.0006	82.1	-0.0007
46076.77291667		22.5032	1.0393	1.0467	-0.0007	85.7	-0.0008
46076.77314815		22.5044	1.0394	1.0467	-0.0007	86.4	-0.0007
46076.77337963		22.5027	1.0394	1.0467	-0.0006	86.6	-0.0007
46076.77361111		22.5046	1.0392	1.0467	-0.0007	86.7	-0.0005
46076.77384259		22.5059	1.0391	1.0467	-0.0008	86.7	-0.0006
46076.77407407		22.5043	1.0393	1.0467	-0.0008	86.5	-0.0007
46076.77430556		22.5055	1.0392	1.0467	-0.0007	86.1	-0.0006
46076.77453704		22.5052	1.0394	1.0466	-0.0007	85.7	-0.0006
46076.77476852		22.5060	1.0393	1.0466	-0.0008	85.2	-0.0006
46076.77500000		22.5047	1.0393	1.0467	-0.0007	84.7	-0.0006
46076.77523148		22.5035	1.0392	1.0467	-0.0007	84.1	-0.0007
46076.77546296		22.5045	1.0392	1.0467	-0.0006	83.6	-0.0007
46076.77569444		22.5034	1.0392	1.0466	-0.0006	83.1	-0.0007
46076.77592593		22.5010	1.0391	1.0466	-0.0005	82.6	-0.0006
46076.77615741		22.5016	1.0392	1.0465	-0.0007	82.3	-0.0005
46076.77638889		22.5017	1.0392	1.0465	-0.0005	82.1	-0.0006
46076.77662037		22.5027	1.0392	1.0465	-0.0008	82.1	-0.0006
46076.77685185		22.5013	1.0392	1.0465	-0.0007	82.4	-0.0006
46076.77708333		22.5013	1.0391	1.0465	-0.0006	82.7	-0.0005
46076.77731481		22.5015	1.0391	1.0466	-0.0007	83.2	-0.0006
46076.77754630		22.5015	1.0391	1.0465	-0.0007	83.9	-0.0006
46076.77777778		22.5010	1.0391	1.0466	-0.0007	84.6	-0.0007
46076.77800926		22.5013	1.0391	1.0464	-0.0006	85.4	-0.0006
46076.77824074		22.5037	1.0390	1.0466	-0.0007	86.3	-0.0007
46076.77847222		22.5041	1.0391	1.0465	-0.0006	87.0	-0.0006
46076.77870370		22.4963	1.0393	1.0468	-0.0008	87.5	-0.0007
46076.77893519		22.5044	1.0391	1.0465	-0.0007	88.1	-0.0006
46076.77916667		22.5047	1.0390	1.0466	-0.0007	88.7	-0.0006
46076.77939815		22.5073	1.0391	1.0466	-0.0007	89.1	-0.0007
46076.77962963		22.5074	1.0391	1.0465	-0.0007	89.3	-0.0005
46076.77986111		22.5016	1.0390	1.0465	-0.0006	89.4	-0.0005
46076.78009259		22.5174	1.0392	1.0466	-0.0007	89.3	-0.0006
46076.78032407		22.5199	1.0392	1.0466	-0.0007	89.1	-0.0006
46076.78055556		22.5292	1.0393	1.0466	-0.0007	88.1	-0.0008
46076.78078704		22.5286	1.0394	1.0467	-0.0008	86.9	-0.0007
46076.78101852		22.5330	1.0392	1.0467	-0.0007	85.0	-0.0006
46076.78125000		22.5337	1.0393	1.0467	-0.0005	83.8	-0.0006
46076.78148148		22.5357	1.0392	1.0467	-0.0006	83.6	-0.0006
46076.78171296		22.5346	1.0393	1.0467	-0.0006	83.6	-0.0006
46076.78194444		22.5331	1.0393	1.0467	-0.0007	83.5	-0.0006
46076.78217593		22.5388	1.0393	1.0467	-0.0006	83.4	-0.0007
46076.78240741		22.5348	1.0393	1.0466	-0.0007	83.2	-0.0005
46076.78263889		22.5331	1.0393	1.0466	-0.0006	83.0	-0.0004
46076.78287037		22.5349	1.0393	1.0468	-0.0008	83.0	-0.0007
46076.78310185		22.5331	1.0393	1.0466	-0.0007	83.0	-0.0006
46076.78333333		22.5329	1.0392	1.0466	-0.0007	83.1	-0.0006
46076.78356481		22.5321	1.0393	1.0466	-0.0007	83.3	-0.0007
46076.78379630		22.5317	1.0393	1.0467	-0.0007	83.2	-0.0007
46076.78402778		22.5228	1.0392	1.0466	-0.0006	82.6	-0.0007
46076.78425926		22.5233	1.0390	1.0467	-0.0007	80.3	-0.0006
46076.78449074		22.5211	1.0391	1.0466	-0.0007	75.2	-0.0006
46076.78472222		22.5258	1.0392	1.0466	-0.0007	67.7	-0.0007
46076.78495370		22.5244	1.0391	1.0465	-0.0008	61.8	-0.0007
46076.78518519		22.5277	1.0391	1.0465	-0.0006	57.8	-0.0006
46076.78541667		22.5321	1.0392	1.0465	-0.0006	55.2	-0.0005
46076.78564815		22.5217	1.0391	1.0465	-0.0005	53.6	-0.0005
46076.78587963		22.5189	1.0392	1.0465	-0.0008	50.1	-0.0006
46076.78611111		22.5205	1.0390	1.0468	-0.0007	43.6	-0.0008
46076.78634259		22.5255	1.0390	1.0466	-0.0007	35.6	-0.0006
46076.78657407		22.5315	1.0392	1.0466	-0.0008	30.6	-0.0006
46076.78680556		22.5457	1.0393	1.0467	-0.0006	28.2	-0.0005
46076.78703704		22.5388	1.0392	1.0467	-0.0007	27.4	-0.0006
46076.78726852		22.5405	1.0393	1.0467	-0.0008	27.4	-0.0007
46076.78750000		22.5409	1.0393	1.0467	-0.0006	26.2	-0.0006
46076.78773148		22.5381	1.0391	1.0466	-0.0007	20.0	-0.0006
46076.78796296		22.5376	1.0393	1.0467	-0.0007	13.0	-0.0007
46076.78819444		22.5365	1.0392	1.0466	-0.0008	9.6	-0.0005
46076.78842593		22.5364	1.0392	1.0468	-0.0006	6.9	-0.0008
46076.78865741		22.5366	1.0392	1.0467	-0.0006	4.2	-0.0007
46076.78888889		22.5344	1.0393	1.0466	-0.0005	2.6	-0.0006
46076.78912037		22.5297	1.0391	1.0467	-0.0007	-0.3	-0.0008
46076.78935185		22.5290	1.0392	1.0466	-0.0007	-3.7	-0.0005
46076.78958333		22.5227	1.0391	1.0465	-0.0006	-6.8	-0.0007
46076.78981481		22.5335	1.0391	1.0466	-0.0007	-10.0	-0.0005
46076.79004630		22.5394	1.0391	1.0466	-0.0006	-13.4	-0.0006
46076.79027778		22.5375	1.0391	1.0465	-0.0005	-17.1	-0.0007
46076.79050926		22.5294	1.0391	1.0465	-0.0007	-19.7	-0.0006
46076.79074074		22.5300	1.0390	1.0465	-0.0007	-22.6	-0.0006
46076.79097222		22.5312	1.0391	1.0464	-0.0007	-26.5	-0.0006
46076.79120370		22.5392	1.0393	1.0465	-0.0007	-28.7	-0.0004
46076.79143519		22.5179	1.0390	1.0464	-0.0007	-31.3	-0.0006
46076.79166667		22.5360	1.0389	1.0465	-0.0007	-35.6	-0.0007
46076.79189815		22.5312	1.0390	1.0464	-0.0006	-37.3	-0.0006
46076.79212963		22.5315	1.0390	1.0464	-0.0006	-41.3	-0.0006
46076.79236111		22.5324	1.0390	1.0466	-0.0005	-43.2	-0.0008
46076.79259259		22.5325	1.0389	1.0465	-0.0007	-45.7	-0.0006
46076.79282407		22.5136	1.0387	1.0463	-0.0008	-49.2	-0.0006
46076.79305556		22.5138	1.0388	1.0463	-0.0007	-51.4	-0.0006
46076.79328704		22.5144	1.0388	1.0463	-0.0006	-53.1	-0.0007
46076.79351852		22.5147	1.0386	1.0463	-0.0007	-54.9	-0.0006
46076.79375000		22.5429	1.0390	1.0463	-0.0008	-56.2	-0.0006
46076.79398148		22.5394	1.0389	1.0463	-0.0007	-54.2	-0.0006
46076.79421296		22.5231	1.0388	1.0465	-0.0007	-53.8	-0.0008
46076.79444444		22.5501	1.0388	1.0465	-0.0007	-54.5	-0.0007
46076.79467593		22.5403	1.0389	1.0464	-0.0007	-54.6	-0.0006
46076.79490741		22.5407	1.0389	1.0464	-0.0007	-55.5	-0.0006
46076.79513889		22.5431	1.0390	1.0465	-0.0008	-55.3	-0.0007
46076.79537037		22.5492	1.0387	1.0465	-0.0007	-55.6	-0.0007
46076.79560185		22.5455	1.0389	1.0465	-0.0006	-56.0	-0.0005
46076.79583333		22.5515	1.0389	1.0464	-0.0007	-56.4	-0.0006
46076.79606481		22.5524	1.0389	1.0465	-0.0007	-56.0	-0.0006
46076.79629630		22.5529	1.0388	1.0465	-0.0007	-55.9	-0.0007
46076.79652778		22.5540	1.0389	1.0465	-0.0007	-56.0	-0.0006
46076.79675926		22.5551	1.0389	1.0464	-0.0007	-56.0	-0.0006
46076.79699074		22.5553	1.0390	1.0465	-0.0006	-55.9	-0.0006
46076.79722222		22.5549	1.0388	1.0463	-0.0007	-55.7	-0.0005
46076.79745370		22.5542	1.0390	1.0464	-0.0006	-55.7	-0.0007
46076.79768519		22.5536	1.0390	1.0464	-0.0006	-55.7	-0.0005
46076.79791667		22.5470	1.0389	1.0464	-0.0007	-55.5	-0.0006
46076.79814815		22.5512	1.0388	1.0465	-0.0007	-55.4	-0.0007
46076.79837963		22.5468	1.0389	1.0464	-0.0007	-55.1	-0.0006
46076.79861111		22.5451	1.0388	1.0464	-0.0007	-54.7	-0.0006
46076.79884259		22.5509	1.0390	1.0465	-0.0007	-54.2	-0.0006
46076.79907407		22.5526	1.0390	1.0463	-0.0005	-54.1	-0.0005
46076.79930556		22.5553	1.0391	1.0465	-0.0006	-54.2	-0.0005
46076.79953704		22.5558	1.0390	1.0465	-0.0006	-54.4	-0.0005
46076.79976852		22.5548	1.0391	1.0465	-0.0007	-54.7	-0.0005
46076.80000000		22.5530	1.0389	1.0465	-0.0006	-54.9	-0.0006
46076.80023148		22.5440	1.0390	1.0464	-0.0006	-54.4	-0.0005
46076.80046296		22.5456	1.0390	1.0465	-0.0007	-53.7	-0.0006
46076.80069444		22.5521	1.0390	1.0465	-0.0006	-53.5	-0.0005
46076.80092593		22.5555	1.0389	1.0466	-0.0005	-54.1	-0.0006
46076.80115741		22.5544	1.0390	1.0465	-0.0007	-54.3	-0.0005
46076.80138889		22.5527	1.0390	1.0465	-0.0008	-54.5	-0.0006
46076.80162037		22.5468	1.0390	1.0465	-0.0006	-54.2	-0.0005
46076.80185185		22.5499	1.0390	1.0465	-0.0007	-53.6	-0.0007
46076.80208333		22.5517	1.0390	1.0466	-0.0006	-53.4	-0.0007
46076.80231481		22.5541	1.0391	1.0465	-0.0007	-53.9	-0.0006
46076.80254630		22.5531	1.0389	1.0465	-0.0006	-54.3	-0.0006
46076.80277778		22.5499	1.0390	1.0465	-0.0006	-54.3	-0.0005
46076.80300926		22.5454	1.0391	1.0466	-0.0007	-53.7	-0.0006
46076.80324074		22.5500	1.0391	1.0466	-0.0006	-53.3	-0.0006
46076.80347222		22.5537	1.0391	1.0465	-0.0006	-53.7	-0.0005
46076.80370370		22.5535	1.0392	1.0465	-0.0006	-54.2	-0.0005
46076.80393519		22.5511	1.0391	1.0466	-0.0007	-54.4	-0.0005
46076.80416667		22.5457	1.0390	1.0467	-0.0006	-53.8	-0.0006
46076.80439815		22.5498	1.0391	1.0468	-0.0007	-53.1	-0.0006
46076.80462963		22.5538	1.0392	1.0467	-0.0006	-53.7	-0.0007
46076.80486111		22.5528	1.0392	1.0467	-0.0007	-54.2	-0.0007
46076.80509259		22.5494	1.0392	1.0466	-0.0008	-54.4	-0.0006
46076.80532407		22.5456	1.0392	1.0467	-0.0007	-53.5	-0.0007
46076.80555556		22.5510	1.0393	1.0467	-0.0006	-53.4	-0.0005
46076.80578704		22.5522	1.0392	1.0468	-0.0008	-54.0	-0.0007
46076.80601852		22.5511	1.0393	1.0468	-0.0006	-54.4	-0.0006
46076.80625000		22.5397	1.0393	1.0467	-0.0006	-54.1	-0.0005
46076.80648148		22.5486	1.0393	1.0468	-0.0006	-53.3	-0.0007
46076.80671296		22.5533	1.0393	1.0468	-0.0006	-53.8	-0.0006
46076.80694444		22.5526	1.0394	1.0468	-0.0006	-54.4	-0.0007
46076.80717593		22.5494	1.0393	1.0468	-0.0008	-52.8	-0.0007
46076.80740741		22.5511	1.0392	1.0468	-0.0007	-52.3	-0.0005
46076.80763889		22.5499	1.0393	1.0468	-0.0007	-49.5	-0.0007
46076.80787037		22.5427	1.0393	1.0467	-0.0006	-46.0	-0.0005
46076.80810185		22.5418	1.0393	1.0469	-0.0008	-41.4	-0.0006
46076.80833333		22.5475	1.0394	1.0469	-0.0007	-36.2	-0.0006
46076.80856481		22.5441	1.0393	1.0469	-0.0007	-31.7	-0.0007
46076.80879630		22.5460	1.0394	1.0471	-0.0006	-27.5	-0.0007
46076.80902778		22.5482	1.0394	1.0469	-0.0007	-23.3	-0.0007
46076.80925926		22.5501	1.0395	1.0470	-0.0008	-19.4	-0.0006
46076.80949074		22.5508	1.0396	1.0469	-0.0007	-15.9	-0.0007
46076.80972222		22.5508	1.0395	1.0469	-0.0007	-13.5	-0.0005
46076.80995370		22.5509	1.0395	1.0470	-0.0005	-12.4	-0.0007
46076.81018519		22.5484	1.0396	1.0469	-0.0008	-11.1	-0.0007
46076.81041667		22.5469	1.0395	1.0469	-0.0008	-7.8	-0.0005
46076.81064815		22.5422	1.0394	1.0469	-0.0007	-3.3	-0.0005
46076.81087963		22.5440	1.0395	1.0470	-0.0007	1.7	-0.0008
46076.81111111		22.5443	1.0395	1.0470	-0.0007	6.5	-0.0006
46076.81134259		22.5499	1.0395	1.0470	-0.0006	9.9	-0.0006
46076.81157407		22.5506	1.0395	1.0471	-0.0008	11.5	-0.0007
46076.81180556		22.5500	1.0395	1.0471	-0.0008	12.8	-0.0007
46076.81203704		22.5425	1.0395	1.0470	-0.0007	13.8	-0.0007
46076.81226852		22.5422	1.0395	1.0471	-0.0007	18.3	-0.0008
46076.81250000		22.5422	1.0395	1.0470	-0.0008	23.8	-0.0006
46076.81273148		22.5434	1.0397	1.0471	-0.0007	29.5	-0.0005
46076.81296296		22.5496	1.0396	1.0470	-0.0007	33.4	-0.0007
46076.81319444		22.5494	1.0396	1.0470	-0.0007	34.8	-0.0005
46076.81342593		22.5504	1.0397	1.0470	-0.0007	35.4	-0.0006
46076.81365741		22.5430	1.0396	1.0472	-0.0007	36.1	-0.0007
46076.81388889		22.5388	1.0398	1.0473	-0.0008	39.7	-0.0006
46076.81412037		22.5405	1.0396	1.0470	-0.0006	45.3	-0.0006
46076.81435185		22.5414	1.0395	1.0471	-0.0006	51.8	-0.0007
46076.81458333		22.5480	1.0396	1.0472	-0.0006	58.8	-0.0007
46076.81481481		22.5498	1.0397	1.0471	-0.0007	61.0	-0.0005
46076.81504630		22.5489	1.0396	1.0472	-0.0008	62.0	-0.0008
46076.81527778		22.5486	1.0396	1.0471	-0.0007	62.4	-0.0006
46076.81550926		22.5428	1.0395	1.0471	-0.0007	63.1	-0.0006
46076.81574074		22.5412	1.0397	1.0471	-0.0006	66.7	-0.0007
46076.81597222		22.5408	1.0397	1.0472	-0.0008	72.5	-0.0006
46076.81620370		22.5411	1.0397	1.0471	-0.0007	78.6	-0.0005
46076.81643519		22.5410	1.0397	1.0472	-0.0008	84.5	-0.0006
46076.81666667		22.5495	1.0397	1.0472	-0.0007	89.2	-0.0005
46076.81689815		22.5502	1.0397	1.0472	-0.0005	90.3	-0.0005
46076.81712963		22.5527	1.0399	1.0472	-0.0008	90.2	-0.0006
46076.81736111		22.5530	1.0398	1.0473	-0.0007	89.6	-0.0008
46076.81759259		22.5534	1.0397	1.0472	-0.0007	88.9	-0.0007
46076.81782407		22.5527	1.0398	1.0473	-0.0008	87.5	-0.0006
46076.81805556		22.5498	1.0398	1.0472	-0.0007	86.1	-0.0005
46076.81828704		22.5529	1.0398	1.0472	-0.0007	83.8	-0.0006
46076.81851852		22.5532	1.0398	1.0472	-0.0006	81.8	-0.0006
46076.81875000		22.5534	1.0399	1.0472	-0.0007	80.6	-0.0006
46076.81898148		22.5514	1.0398	1.0474	-0.0006	80.1	-0.0007
46076.81921296		22.5509	1.0399	1.0472	-0.0006	79.4	-0.0005
46076.81944444		22.5509	1.0398	1.0472	-0.0006	78.8	-0.0006
46076.81967593		22.5479	1.0398	1.0472	-0.0006	79.9	-0.0006
46076.81990741		22.5496	1.0398	1.0473	-0.0006	83.3	-0.0006
46076.82013889		22.5516	1.0400	1.0472	-0.0007	85.8	-0.0005
46076.82037037		22.5513	1.0399	1.0473	-0.0005	86.2	-0.0005
46076.82060185		22.5532	1.0400	1.0474	-0.0008	86.3	-0.0006
46076.82083333		22.5524	1.0399	1.0474	-0.0006	86.3	-0.0006
46076.82106481		22.5541	1.0399	1.0474	-0.0008	86.0	-0.0006
46076.82129630		22.5537	1.0400	1.0474	-0.0007	85.6	-0.0006
46076.82152778		22.5543	1.0400	1.0475	-0.0007	85.1	-0.0006
46076.82175926		22.5541	1.0400	1.0475	-0.0006	84.7	-0.0007
46076.82199074		22.5533	1.0400	1.0475	-0.0007	84.1	-0.0007
46076.82222222		22.5517	1.0401	1.0474	-0.0007	83.5	-0.0005
46076.82245370		22.5528	1.0400	1.0473	-0.0008	83.0	-0.0005
46076.82268519		22.5509	1.0400	1.0475	-0.0007	82.6	-0.0006
46076.82291667		22.5516	1.0401	1.0474	-0.0006	82.2	-0.0005
46076.82314815		22.5515	1.0400	1.0475	-0.0006	82.0	-0.0006
46076.82337963		22.5513	1.0401	1.0475	-0.0006	81.9	-0.0005
46076.82361111		22.5511	1.0400	1.0475	-0.0007	82.0	-0.0006
46076.82384259		22.5494	1.0400	1.0476	-0.0007	82.3	-0.0007
46076.82407407		22.5491	1.0401	1.0475	-0.0006	82.7	-0.0006
46076.82430556		22.5494	1.0401	1.0475	-0.0007	83.3	-0.0006
46076.82453704		22.5500	1.0401	1.0476	-0.0007	84.1	-0.0008
46076.82476852		22.5493	1.0402	1.0476	-0.0006	84.9	-0.0008
46076.82500000		22.5501	1.0402	1.0476	-0.0008	85.8	-0.0007
46076.82523148		22.5520	1.0401	1.0476	-0.0007	86.6	-0.0007
46076.82546296		22.5525	1.0402	1.0477	-0.0008	87.5	-0.0007
46076.82569444		22.5523	1.0402	1.0476	-0.0006	88.1	-0.0006
46076.82592593		22.6949	1.0405	1.0481	-0.0007	88.8	-0.0007
46076.82615741		22.5468	1.0402	1.0478	-0.0008	89.0	-0.0007
46076.82638889		22.5528	1.0402	1.0477	-0.0006	89.1	-0.0006
46076.82662037		22.5513	1.0402	1.0476	-0.0006	89.1	-0.0005
46076.82685185		22.5542	1.0401	1.0476	-0.0006	89.1	-0.0006
46076.82708333		22.5545	1.0402	1.0477	-0.0006	89.0	-0.0006
46076.82731481		22.5524	1.0402	1.0477	-0.0007	88.3	-0.0006
46076.82754630		22.5541	1.0402	1.0476	-0.0008	87.0	-0.0006
46076.82777778		22.5532	1.0402	1.0476	-0.0006	85.4	-0.0006
46076.82800926		22.5492	1.0402	1.0476	-0.0007	83.9	-0.0005
46076.82824074		22.5543	1.0402	1.0476	-0.0008	83.4	-0.0006
46076.82847222		22.5541	1.0403	1.0475	-0.0006	83.5	-0.0006
46076.82870370		22.5524	1.0401	1.0476	-0.0007	83.4	-0.0006
46076.82893519		22.5531	1.0402	1.0475	-0.0006	83.3	-0.0006
46076.82916667		22.5521	1.0401	1.0477	-0.0006	83.1	-0.0007
46076.82939815		22.5526	1.0402	1.0475	-0.0006	82.9	-0.0006
46076.82962963		22.5517	1.0402	1.0475	-0.0008	82.9	-0.0006
46076.82986111		22.5515	1.0401	1.0476	-0.0006	82.9	-0.0007
46076.83009259		22.5514	1.0403	1.0478	-0.0006	83.0	-0.0007
46076.83032407		22.5508	1.0402	1.0475	-0.0006	83.4	-0.0004
46076.83055556		22.5502	1.0402	1.0476	-0.0007	83.7	-0.0005
46076.83078704		22.5528	1.0403	1.0476	-0.0008	84.1	-0.0006
46076.83101852		22.5460	1.0403	1.0475	-0.0007	84.4	-0.0005
46076.83125000		22.5508	1.0401	1.0477	-0.0008	83.8	-0.0007
46076.83148148		22.5448	1.0402	1.0476	-0.0007	81.2	-0.0005
46076.83171296		22.5458	1.0402	1.0476	-0.0007	74.4	-0.0006
46076.83194444		22.5433	1.0402	1.0477	-0.0007	67.7	-0.0007
46076.83217593		22.5475	1.0402	1.0476	-0.0007	62.9	-0.0006
46076.83240741		22.5453	1.0402	1.0476	-0.0007	59.0	-0.0005
46076.83263889		22.5498	1.0402	1.0477	-0.0007	56.4	-0.0007
46076.83287037		22.5383	1.0401	1.0476	-0.0006	54.8	-0.0006
46076.83310185		22.5359	1.0403	1.0476	-0.0008	51.2	-0.0006
46076.83333333		22.5350	1.0402	1.0475	-0.0008	44.7	-0.0007
46076.83356481		22.5347	1.0401	1.0475	-0.0007	37.0	-0.0006
46076.83379630		22.5356	1.0402	1.0476	-0.0007	31.3	-0.0007
46076.83402778		22.5416	1.0402	1.0476	-0.0007	28.1	-0.0006
46076.83425926		22.5232	1.0402	1.0475	-0.0007	26.1	-0.0005
46076.83449074		22.5408	1.0402	1.0475	-0.0007	24.4	-0.0005
46076.83472222		22.5427	1.0402	1.0476	-0.0006	24.7	-0.0006
46076.83495370		22.5355	1.0401	1.0475	-0.0008	22.5	-0.0006
46076.83518519		22.5393	1.0402	1.0476	-0.0006	15.5	-0.0006
46076.83541667		22.5438	1.0402	1.0477	-0.0007	9.4	-0.0007
46076.83564815		22.5428	1.0402	1.0476	-0.0008	6.5	-0.0007
46076.83587963		22.5423	1.0402	1.0474	-0.0007	3.6	-0.0005
46076.83611111		22.5417	1.0402	1.0476	-0.0007	1.6	-0.0006
46076.83634259		22.5388	1.0401	1.0476	-0.0007	-0.8	-0.0006
46076.83657407		22.5330	1.0401	1.0475	-0.0008	-4.2	-0.0006
46076.83680556		22.5135	1.0400	1.0474	-0.0007	-6.7	-0.0006
46076.83703704		22.5331	1.0401	1.0476	-0.0006	-9.9	-0.0006
46076.83726852		22.5349	1.0401	1.0475	-0.0006	-13.0	-0.0005
46076.83750000		22.5404	1.0402	1.0474	-0.0008	-16.1	-0.0006
46076.83773148		22.5315	1.0401	1.0475	-0.0007	-19.2	-0.0005
46076.83796296		22.5312	1.0401	1.0475	-0.0008	-22.8	-0.0006
46076.83819444		22.5378	1.0402	1.0475	-0.0008	-26.4	-0.0005
46076.83842593		22.5303	1.0401	1.0476	-0.0007	-28.8	-0.0007
46076.83865741		22.5325	1.0401	1.0475	-0.0007	-31.7	-0.0005
46076.83888889		22.5112	1.0399	1.0473	-0.0007	-34.8	-0.0005
46076.83912037		22.5390	1.0400	1.0475	-0.0008	-39.2	-0.0005
46076.83935185		22.5300	1.0401	1.0475	-0.0008	-40.0	-0.0005
46076.83958333		22.5293	1.0401	1.0475	-0.0007	-43.4	-0.0008
46076.83981481		22.5298	1.0400	1.0474	-0.0007	-47.0	-0.0006
46076.84004630		22.5297	1.0402	1.0474	-0.0008	-49.5	-0.0005
46076.84027778		22.5302	1.0401	1.0476	-0.0006	-51.9	-0.0007
46076.84050926		22.5303	1.0401	1.0475	-0.0005	-54.0	-0.0007
46076.84074074		22.5393	1.0401	1.0475	-0.0007	-55.5	-0.0007
46076.84097222		22.5366	1.0401	1.0475	-0.0007	-54.3	-0.0006
46076.84120370		22.5410	1.0401	1.0474	-0.0007	-54.0	-0.0005
46076.84143519		22.5373	1.0400	1.0474	-0.0007	-53.5	-0.0005
46076.84166667		22.5345	1.0401	1.0475	-0.0007	-53.7	-0.0005
46076.84189815		22.5366	1.0401	1.0475	-0.0007	-55.1	-0.0008
46076.84212963		22.5447	1.0400	1.0475	-0.0007	-56.4	-0.0007
46076.84236111		22.5354	1.0400	1.0473	-0.0007	-56.0	-0.0005
46076.84259259		22.5350	1.0401	1.0475	-0.0007	-56.4	-0.0007
46076.84282407		22.5351	1.0399	1.0475	-0.0007	-56.4	-0.0007
46076.84305556		22.5411	1.0401	1.0476	-0.0007	-56.6	-0.0006
46076.84328704		22.5366	1.0400	1.0476	-0.0008	-56.1	-0.0007
46076.84351852		22.5371	1.0401	1.0475	-0.0008	-56.0	-0.0007
46076.84375000		22.5376	1.0400	1.0473	-0.0006	-56.0	-0.0006
46076.84398148		22.5374	1.0400	1.0475	-0.0007	-55.7	-0.0007
46076.84421296		22.5430	1.0402	1.0474	-0.0008	-55.5	-0.0005
46076.84444444		22.5437	1.0400	1.0474	-0.0007	-55.2	-0.0005
46076.84467593		22.5444	1.0402	1.0476	-0.0008	-54.8	-0.0007
46076.84490741		22.5449	1.0400	1.0475	-0.0007	-54.6	-0.0006
46076.84513889		22.5465	1.0402	1.0476	-0.0006	-54.7	-0.0008
46076.84537037		22.5480	1.0401	1.0475	-0.0007	-54.8	-0.0006
46076.84560185		22.5479	1.0400	1.0475	-0.0007	-55.0	-0.0007
46076.84583333		22.5472	1.0399	1.0475	-0.0006	-55.1	-0.0005
46076.84606481		22.5457	1.0400	1.0474	-0.0007	-55.0	-0.0006
46076.84629630		22.5395	1.0401	1.0474	-0.0006	-54.8	-0.0005
46076.84652778		22.5391	1.0399	1.0474	-0.0007	-54.4	-0.0006
46076.84675926		22.5433	1.0401	1.0474	-0.0006	-54.0	-0.0005
46076.84699074		22.5447	1.0400	1.0475	-0.0006	-53.7	-0.0006
46076.84722222		22.5478	1.0400	1.0475	-0.0006	-54.0	-0.0007
46076.84745370		22.5474	1.0399	1.0474	-0.0006	-54.4	-0.0006
46076.84768519		22.5465	1.0399	1.0475	-0.0006	-54.5	-0.0007
46076.84791667		22.5442	1.0400	1.0474	-0.0008	-54.6	-0.0006
46076.84814815		22.5396	1.0400	1.0474	-0.0007	-54.2	-0.0006
46076.84837963		22.5435	1.0401	1.0475	-0.0006	-53.6	-0.0005
46076.84861111		22.5463	1.0400	1.0475	-0.0006	-53.7	-0.0006
46076.84884259		22.5480	1.0401	1.0475	-0.0007	-54.1	-0.0006
46076.84907407		22.5474	1.0401	1.0476	-0.0006	-54.4	-0.0006
46076.84930556		22.5439	1.0400	1.0473	-0.0007	-54.4	-0.0005
46076.84953704		22.5406	1.0399	1.0475	-0.0008	-53.8	-0.0006
46076.84976852		22.5450	1.0401	1.0475	-0.0007	-53.4	-0.0008
46076.85000000		22.5488	1.0400	1.0476	-0.0007	-53.8	-0.0007
46076.85023148		22.5481	1.0400	1.0474	-0.0007	-54.3	-0.0006
46076.85046296		22.5460	1.0400	1.0475	-0.0007	-54.3	-0.0006
46076.85069444		22.5407	1.0402	1.0474	-0.0007	-53.9	-0.0004
46076.85092593		22.5457	1.0401	1.0475	-0.0007	-53.4	-0.0006
46076.85115741		22.5493	1.0401	1.0474	-0.0007	-53.9	-0.0005
46076.85138889		22.5483	1.0401	1.0475	-0.0006	-54.3	-0.0005
46076.85162037		22.5447	1.0401	1.0475	-0.0007	-54.3	-0.0006
46076.85185185		22.5440	1.0401	1.0476	-0.0008	-53.6	-0.0007
46076.85208333		22.5472	1.0400	1.0475	-0.0007	-53.5	-0.0006
46076.85231481		22.5478	1.0402	1.0475	-0.0007	-54.0	-0.0006
46076.85254630		22.5467	1.0401	1.0476	-0.0006	-54.3	-0.0007
46076.85277778		22.5407	1.0401	1.0476	-0.0007	-53.9	-0.0007
46076.85300926		22.5453	1.0401	1.0475	-0.0008	-53.2	-0.0007
46076.85324074		22.5478	1.0402	1.0476	-0.0007	-53.9	-0.0007
46076.85347222		22.5474	1.0401	1.0476	-0.0007	-54.4	-0.0006
46076.85370370		22.5401	1.0401	1.0475	-0.0007	-54.1	-0.0005
46076.85393519		22.5443	1.0400	1.0475	-0.0007	-53.3	-0.0005
46076.85416667		22.5482	1.0402	1.0476	-0.0007	-53.7	-0.0006
46076.85439815		22.5474	1.0401	1.0477	-0.0007	-53.9	-0.0007
46076.85462963		22.5419	1.0401	1.0475	-0.0006	-51.9	-0.0004
46076.85486111		22.5426	1.0402	1.0478	-0.0009	-49.5	-0.0008
46076.85509259		22.5425	1.0401	1.0476	-0.0007	-45.8	-0.0006
46076.85532407		22.5399	1.0401	1.0476	-0.0008	-41.0	-0.0006
46076.85555556		22.5388	1.0401	1.0476	-0.0008	-35.7	-0.0007
46076.85578704		22.5441	1.0402	1.0475	-0.0007	-31.1	-0.0007
46076.85601852		22.5423	1.0402	1.0475	-0.0007	-26.7	-0.0007
46076.85625000		22.5436	1.0401	1.0476	-0.0007	-22.6	-0.0006
46076.85648148		22.5408	1.0401	1.0476	-0.0007	-18.8	-0.0006
46076.85671296		22.5464	1.0403	1.0475	-0.0006	-16.2	-0.0005
46076.85694444		22.5460	1.0401	1.0476	-0.0007	-15.0	-0.0006
46076.85717593		22.5420	1.0401	1.0476	-0.0007	-13.6	-0.0007
46076.85740741		22.5384	1.0401	1.0476	-0.0008	-10.9	-0.0006
46076.85763889		22.5423	1.0402	1.0476	-0.0007	-6.8	-0.0004
46076.85787037		22.5385	1.0402	1.0476	-0.0008	-1.8	-0.0007
46076.85810185		22.5425	1.0401	1.0475	-0.0006	2.7	-0.0006
46076.85833333		22.5441	1.0403	1.0477	-0.0005	6.7	-0.0007
46076.85856481		22.5443	1.0403	1.0476	-0.0007	8.5	-0.0007
46076.85879630		22.5455	1.0402	1.0475	-0.0006	9.8	-0.0005
46076.85902778		22.5391	1.0401	1.0476	-0.0007	10.9	-0.0006
46076.85925926		22.5358	1.0402	1.0475	-0.0006	14.5	-0.0005
46076.85949074		22.5363	1.0401	1.0476	-0.0007	19.9	-0.0006
46076.85972222		22.5426	1.0402	1.0476	-0.0007	26.1	-0.0005
46076.85995370		22.5448	1.0402	1.0477	-0.0007	30.5	-0.0007
46076.86018519		22.5435	1.0403	1.0477	-0.0008	32.2	-0.0007
46076.86041667		22.5450	1.0403	1.0476	-0.0007	33.1	-0.0006
46076.86064815		22.5414	1.0402	1.0476	-0.0006	33.8	-0.0006
46076.86087963		22.5352	1.0403	1.0476	-0.0006	35.9	-0.0006
46076.86111111		22.5353	1.0402	1.0476	-0.0006	40.8	-0.0007
46076.86134259		22.6181	1.0414	1.0487	-0.0007	47.4	-0.0007
46076.86157407		22.5310	1.0403	1.0476	-0.0006	54.1	-0.0007
46076.86180556		22.5448	1.0402	1.0476	-0.0006	58.1	-0.0006
46076.86203704		22.5440	1.0402	1.0475	-0.0006	59.3	-0.0005
46076.86226852		22.5418	1.0402	1.0476	-0.0007	59.9	-0.0006
46076.86250000		22.5418	1.0402	1.0476	-0.0006	60.6	-0.0006
46076.86273148		22.5356	1.0402	1.0476	-0.0006	62.7	-0.0005
46076.86296296		22.5360	1.0400	1.0476	-0.0006	68.4	-0.0006
46076.86319444		22.5356	1.0401	1.0475	-0.0007	74.6	-0.0007
46076.86342593		22.5355	1.0401	1.0477	-0.0007	81.2	-0.0007
46076.86365741		22.5421	1.0402	1.0476	-0.0009	85.6	-0.0006
46076.86388889		22.5438	1.0402	1.0476	-0.0007	87.0	-0.0007
46076.86412037		22.5436	1.0402	1.0475	-0.0006	87.3	-0.0006
46076.86435185		22.5460	1.0403	1.0476	-0.0007	87.4	-0.0007
46076.86458333		22.5457	1.0401	1.0476	-0.0007	86.9	-0.0006
46076.86481481		22.5474	1.0403	1.0477	-0.0007	86.8	-0.0007
46076.86504630		22.5475	1.0402	1.0476	-0.0007	86.0	-0.0007
46076.86527778		22.5474	1.0403	1.0477	-0.0008	85.1	-0.0008
46076.86550926		22.5476	1.0402	1.0476	-0.0007	84.3	-0.0007
46076.86574074		22.5475	1.0400	1.0475	-0.0006	83.3	-0.0005
46076.86597222		22.5461	1.0401	1.0476	-0.0007	82.3	-0.0005
46076.86620370		22.6893	1.0408	1.0483	-0.0008	81.3	-0.0008
46076.86643519		22.6886	1.0415	1.0488	-0.0005	80.5	-0.0006
46076.86666667		22.5346	1.0401	1.0477	-0.0007	79.7	-0.0006
46076.86689815		22.5414	1.0402	1.0475	-0.0007	79.3	-0.0005
46076.86712963		22.5371	1.0402	1.0476	-0.0007	80.9	-0.0007
46076.86736111		22.5422	1.0401	1.0475	-0.0007	85.3	-0.0006
46076.86759259		22.5439	1.0402	1.0476	-0.0007	86.6	-0.0005
46076.86782407		22.5444	1.0402	1.0476	-0.0005	87.1	-0.0005
46076.86805556		22.5437	1.0402	1.0476	-0.0007	87.2	-0.0006
46076.86828704		22.5451	1.0403	1.0477	-0.0007	87.5	-0.0005
46076.86851852		22.5454	1.0402	1.0477	-0.0007	87.3	-0.0006
46076.86875000		22.5461	1.0404	1.0477	-0.0006	87.0	-0.0006
46076.86898148		22.5462	1.0402	1.0476	-0.0006	86.6	-0.0005
46076.86921296		22.5461	1.0403	1.0477	-0.0006	86.1	-0.0006
46076.86944444		22.5433	1.0402	1.0476	-0.0007	85.5	-0.0005
46076.86967593		22.5460	1.0402	1.0476	-0.0008	84.6	-0.0006
46076.86990741		22.5450	1.0403	1.0477	-0.0006	84.0	-0.0005
46076.87013889		22.5455	1.0403	1.0476	-0.0006	83.3	-0.0005
46076.87037037		22.5453	1.0404	1.0477	-0.0007	82.9	-0.0004
46076.87060185		22.5431	1.0402	1.0476	-0.0007	82.2	-0.0004
46076.87083333		22.5437	1.0403	1.0477	-0.0006	81.9	-0.0007
46076.87106481		22.5434	1.0404	1.0476	-0.0006	81.7	-0.0006
46076.87129630		22.5419	1.0403	1.0476	-0.0006	81.5	-0.0005
46076.87152778		22.6847	1.0415	1.0489	-0.0007	81.5	-0.0006
46076.87175926		22.5328	1.0404	1.0478	-0.0008	83.9	-0.0007
46076.87199074		22.5416	1.0403	1.0476	-0.0005	85.2	-0.0005
46076.87222222		22.5424	1.0403	1.0478	-0.0007	85.9	-0.0007
46076.87245370		22.5426	1.0402	1.0477	-0.0007	86.4	-0.0006
46076.87268519		22.5416	1.0404	1.0478	-0.0007	87.0	-0.0007
46076.87291667		22.5426	1.0403	1.0478	-0.0006	87.3	-0.0007
46076.87314815		22.5426	1.0403	1.0479	-0.0006	87.5	-0.0007
46076.87337963		22.5447	1.0403	1.0478	-0.0006	87.9	-0.0006
46076.87361111		22.5447	1.0404	1.0477	-0.0006	87.9	-0.0005
46076.87384259		22.5447	1.0403	1.0477	-0.0008	87.8	-0.0006
46076.87407407		22.5448	1.0404	1.0478	-0.0007	87.5	-0.0006
46076.87430556		22.5446	1.0404	1.0478	-0.0007	87.4	-0.0006
46076.87453704		22.5418	1.0404	1.0477	-0.0006	87.0	-0.0006
46076.87476852		22.5443	1.0404	1.0479	-0.0006	86.3	-0.0006
46076.87500000		22.5444	1.0405	1.0479	-0.0006	85.8	-0.0007
46076.87523148		22.5444	1.0404	1.0478	-0.0007	85.4	-0.0007
46076.87546296		22.5385	1.0403	1.0478	-0.0007	84.9	-0.0006
46076.87569444		22.5440	1.0404	1.0478	-0.0006	83.4	-0.0006
46076.87592593		22.5429	1.0403	1.0478	-0.0006	82.5	-0.0006
46076.87615741		22.5376	1.0403	1.0478	-0.0006	82.2	-0.0007
46076.87638889		22.5411	1.0404	1.0478	-0.0007	82.1	-0.0006
46076.87662037		22.5411	1.0404	1.0479	-0.0007	82.1	-0.0006
46076.87685185		22.5415	1.0404	1.0478	-0.0007	82.1	-0.0005
46076.87708333		22.5412	1.0404	1.0479	-0.0007	83.8	-0.0007
46076.87731481		22.5411	1.0404	1.0478	-0.0007	84.8	-0.0006
46076.87754630		22.5416	1.0404	1.0478	-0.0007	85.3	-0.0006
46076.87777778		22.5407	1.0404	1.0478	-0.0007	85.7	-0.0005
46076.87800926		22.5441	1.0404	1.0478	-0.0007	86.2	-0.0004
46076.87824074		22.5438	1.0405	1.0478	-0.0005	86.6	-0.0006
46076.87847222		22.5355	1.0405	1.0478	-0.0007	85.5	-0.0006
46076.87870370		22.5329	1.0404	1.0479	-0.0007	80.6	-0.0007
46076.87893519		22.5312	1.0403	1.0478	-0.0007	72.3	-0.0006
46076.87916667		22.5367	1.0403	1.0477	-0.0007	65.8	-0.0005
46076.87939815		22.5314	1.0404	1.0479	-0.0007	61.5	-0.0007
46076.87962963		22.5332	1.0405	1.0478	-0.0007	58.0	-0.0006
46076.87986111		22.5395	1.0406	1.0478	-0.0007	55.8	-0.0006
46076.88009259		22.5300	1.0404	1.0478	-0.0008	53.6	-0.0007
46076.88032407		22.5272	1.0403	1.0478	-0.0006	50.0	-0.0006
46076.88055556		22.5222	1.0403	1.0478	-0.0008	44.5	-0.0007
46076.88078704		22.5255	1.0405	1.0477	-0.0006	36.4	-0.0006
46076.88101852		22.5373	1.0404	1.0477	-0.0005	30.5	-0.0005
46076.88125000		22.5414	1.0405	1.0477	-0.0007	27.1	-0.0006
46076.88148148		22.5345	1.0406	1.0479	-0.0008	25.5	-0.0008
46076.88171296		22.5409	1.0405	1.0479	-0.0009	25.7	-0.0007
46076.88194444		22.5368	1.0405	1.0479	-0.0008	26.1	-0.0007
46076.88217593		22.5311	1.0405	1.0478	-0.0007	22.6	-0.0007
46076.88240741		22.5220	1.0403	1.0477	-0.0007	15.8	-0.0005
46076.88263889		22.5226	1.0404	1.0478	-0.0007	10.7	-0.0008
46076.88287037		22.5227	1.0404	1.0476	-0.0005	6.1	-0.0005
46076.88310185		22.5068	1.0404	1.0478	-0.0007	3.2	-0.0006
46076.88333333		22.5233	1.0404	1.0478	-0.0005	0.8	-0.0005
46076.88356481		22.5232	1.0404	1.0478	-0.0008	-1.1	-0.0006
46076.88379630		22.5321	1.0405	1.0477	-0.0008	-3.2	-0.0006
46076.88402778		22.5299	1.0403	1.0477	-0.0008	-6.5	-0.0006
46076.88425926		22.5203	1.0403	1.0477	-0.0008	-10.0	-0.0007
46076.88449074		22.5013	1.0402	1.0476	-0.0006	-13.8	-0.0006
46076.88472222		22.5214	1.0402	1.0477	-0.0006	-17.2	-0.0006
46076.88495370		22.5284	1.0404	1.0477	-0.0007	-19.8	-0.0006
46076.88518519		22.5194	1.0404	1.0477	-0.0008	-22.4	-0.0007
46076.88541667		22.5019	1.0402	1.0476	-0.0007	-25.6	-0.0008
46076.88564815		22.5293	1.0403	1.0476	-0.0008	-29.2	-0.0007
46076.88587963		22.5205	1.0402	1.0477	-0.0008	-31.0	-0.0007
46076.88611111		22.5220	1.0403	1.0477	-0.0006	-35.2	-0.0005
46076.88634259		22.5203	1.0402	1.0475	-0.0006	-37.7	-0.0005
46076.88657407		22.5005	1.0400	1.0474	-0.0006	-41.0	-0.0005
46076.88680556		22.5001	1.0400	1.0473	-0.0006	-44.1	-0.0006
46076.88703704		22.5002	1.0400	1.0475	-0.0007	-46.7	-0.0006
46076.88726852		22.5004	1.0400	1.0473	-0.0006	-48.9	-0.0005
46076.88750000		22.5001	1.0401	1.0474	-0.0006	-50.8	-0.0007
46076.88773148		22.4999	1.0401	1.0474	-0.0008	-53.0	-0.0006
46076.88796296		22.4998	1.0399	1.0474	-0.0006	-54.8	-0.0006
46076.88819444		22.5247	1.0402	1.0476	-0.0008	-54.4	-0.0007
46076.88842593		22.5266	1.0403	1.0477	-0.0006	-54.7	-0.0008
46076.88865741		22.5261	1.0402	1.0476	-0.0007	-53.9	-0.0006
46076.88888889		22.5340	1.0401	1.0476	-0.0007	-54.1	-0.0006
46076.88912037		22.5265	1.0403	1.0476	-0.0007	-54.9	-0.0007
46076.88935185		22.5288	1.0403	1.0477	-0.0005	-55.1	-0.0006
46076.88958333		22.5268	1.0401	1.0477	-0.0006	-54.9	-0.0005
46076.88981481		22.5335	1.0402	1.0477	-0.0007	-55.5	-0.0007
46076.89004630		22.5285	1.0403	1.0475	-0.0008	-56.2	-0.0005
46076.89027778		22.5369	1.0402	1.0476	-0.0006	-56.9	-0.0006
46076.89050926		22.5365	1.0402	1.0477	-0.0006	-56.3	-0.0007
46076.89074074		22.5374	1.0402	1.0477	-0.0009	-56.1	-0.0009
46076.89097222		22.5370	1.0403	1.0476	-0.0007	-56.3	-0.0007
46076.89120370		22.5379	1.0402	1.0476	-0.0008	-56.2	-0.0005
46076.89143519		22.5376	1.0400	1.0474	-0.0007	-56.0	-0.0005
46076.89166667		22.5371	1.0402	1.0475	-0.0006	-55.8	-0.0004
46076.89189815		22.5367	1.0403	1.0475	-0.0007	-55.9	-0.0005
46076.89212963		22.5362	1.0402	1.0477	-0.0008	-55.9	-0.0008
46076.89236111		22.5350	1.0400	1.0476	-0.0008	-55.7	-0.0005
46076.89259259		22.5311	1.0401	1.0476	-0.0008	-55.3	-0.0006
46076.89282407		22.5294	1.0401	1.0475	-0.0008	-55.0	-0.0007
46076.89305556		22.5115	1.0402	1.0476	-0.0006	-54.6	-0.0008
46076.89328704		22.5334	1.0402	1.0475	-0.0007	-54.3	-0.0005
46076.89351852		22.5342	1.0401	1.0476	-0.0008	-54.0	-0.0008
46076.89375000		22.5377	1.0402	1.0475	-0.0006	-54.2	-0.0005
46076.89398148		22.5376	1.0400	1.0476	-0.0007	-54.4	-0.0006
46076.89421296		22.5368	1.0403	1.0477	-0.0008	-54.6	-0.0008
46076.89444444		22.5353	1.0401	1.0475	-0.0007	-54.8	-0.0005
46076.89467593		22.5290	1.0403	1.0477	-0.0006	-54.3	-0.0007
46076.89490741		22.5292	1.0400	1.0475	-0.0007	-53.7	-0.0005
46076.89513889		22.5340	1.0403	1.0476	-0.0007	-53.4	-0.0007
46076.89537037		22.5381	1.0401	1.0477	-0.0007	-53.7	-0.0007
46076.89560185		22.5374	1.0403	1.0476	-0.0007	-54.1	-0.0006
46076.89583333		22.5362	1.0401	1.0475	-0.0007	-54.3	-0.0005
46076.89606481		22.5302	1.0402	1.0476	-0.0008	-54.3	-0.0007
46076.89629630		22.5289	1.0400	1.0477	-0.0008	-53.7	-0.0008
46076.89652778		22.5338	1.0401	1.0474	-0.0005	-53.3	-0.0005
46076.89675926		22.5376	1.0402	1.0475	-0.0006	-53.7	-0.0006
46076.89699074		22.5371	1.0403	1.0476	-0.0007	-54.0	-0.0008
46076.89722222		22.5356	1.0402	1.0478	-0.0007	-54.2	-0.0007
46076.89745370		22.5295	1.0401	1.0476	-0.0007	-53.9	-0.0007
46076.89768519		22.5336	1.0400	1.0476	-0.0007	-53.3	-0.0006
46076.89791667		22.5370	1.0403	1.0475	-0.0006	-53.4	-0.0005
46076.89814815		22.5375	1.0402	1.0477	-0.0008	-53.9	-0.0007
46076.89837963		22.5365	1.0401	1.0476	-0.0007	-54.2	-0.0006
46076.89861111		22.5293	1.0401	1.0476	-0.0006	-54.0	-0.0007
46076.89884259		22.5335	1.0401	1.0475	-0.0005	-53.3	-0.0005
46076.89907407		22.5384	1.0401	1.0476	-0.0007	-53.4	-0.0005
46076.89930556		22.5379	1.0402	1.0476	-0.0005	-54.0	-0.0005
46076.89953704		22.5360	1.0403	1.0476	-0.0008	-54.2	-0.0006
46076.89976852		22.5298	1.0402	1.0476	-0.0007	-53.8	-0.0006
46076.90000000		22.5341	1.0402	1.0475	-0.0007	-53.1	-0.0005
46076.90023148		22.5384	1.0401	1.0476	-0.0008	-53.6	-0.0005
46076.90046296		22.5374	1.0403	1.0478	-0.0007	-54.1	-0.0008
46076.90069444		22.5331	1.0402	1.0476	-0.0006	-54.2	-0.0006
46076.90092593		22.5332	1.0402	1.0476	-0.0006	-53.3	-0.0005
46076.90115741		22.5374	1.0402	1.0476	-0.0008	-53.2	-0.0008
46076.90138889		22.5375	1.0404	1.0476	-0.0007	-54.0	-0.0006
46076.90162037		22.5343	1.0403	1.0475	-0.0006	-53.7	-0.0005
46076.90185185		22.5363	1.0402	1.0477	-0.0007	-51.8	-0.0008
46076.90208333		22.5335	1.0402	1.0476	-0.0006	-49.3	-0.0005
46076.90231481		22.5330	1.0402	1.0475	-0.0007	-45.9	-0.0005
46076.90254630		22.5259	1.0402	1.0474	-0.0006	-41.3	-0.0005
46076.90277778		22.5336	1.0402	1.0476	-0.0007	-36.0	-0.0005
46076.90300926		22.5293	1.0401	1.0475	-0.0007	-31.3	-0.0005
46076.90324074		22.5298	1.0401	1.0476	-0.0007	-27.1	-0.0006
46076.90347222		22.5303	1.0402	1.0476	-0.0006	-23.3	-0.0005
46076.90370370		22.5324	1.0401	1.0476	-0.0007	-19.4	-0.0006
46076.90393519		22.5345	1.0402	1.0477	-0.0007	-15.7	-0.0006
46076.90416667		22.5353	1.0403	1.0477	-0.0007	-13.3	-0.0007
46076.90439815		22.5357	1.0402	1.0477	-0.0007	-12.2	-0.0006
46076.90462963		22.5322	1.0401	1.0476	-0.0007	-10.8	-0.0004
46076.90486111		22.5285	1.0401	1.0476	-0.0007	-7.6	-0.0006
46076.90509259		22.5267	1.0401	1.0476	-0.0006	-3.3	-0.0006
46076.90532407		22.5307	1.0402	1.0476	-0.0006	1.8	-0.0005
46076.90555556		22.5321	1.0402	1.0476	-0.0007	6.6	-0.0006
46076.90578704		22.5337	1.0404	1.0477	-0.0008	9.7	-0.0006
46076.90601852		22.5336	1.0402	1.0476	-0.0007	11.4	-0.0007
46076.90625000		22.5341	1.0403	1.0477	-0.0007	12.4	-0.0008
46076.90648148		22.5257	1.0402	1.0477	-0.0008	13.9	-0.0008
46076.90671296		22.5253	1.0402	1.0476	-0.0006	18.5	-0.0008
46076.90694444		22.5250	1.0401	1.0477	-0.0008	24.3	-0.0007
46076.90717593		22.5316	1.0402	1.0477	-0.0006	30.2	-0.0007
46076.90740741		22.5330	1.0403	1.0477	-0.0008	33.4	-0.0007
46076.90763889		22.5338	1.0403	1.0477	-0.0007	34.3	-0.0006
46076.90787037		22.5315	1.0403	1.0477	-0.0006	35.1	-0.0007
46076.90810185		22.5254	1.0403	1.0475	-0.0007	35.7	-0.0006
46076.90833333		22.5242	1.0403	1.0476	-0.0006	39.8	-0.0006
46076.90856481		22.5242	1.0402	1.0475	-0.0006	45.2	-0.0005
46076.90879630		22.5235	1.0402	1.0475	-0.0006	51.7	-0.0004
46076.90902778		22.5312	1.0403	1.0475	-0.0007	58.8	-0.0005
46076.90925926		22.5316	1.0402	1.0476	-0.0006	61.5	-0.0005
46076.90949074		22.5325	1.0403	1.0476	-0.0006	62.2	-0.0006
46076.90972222		22.5307	1.0402	1.0476	-0.0007	62.4	-0.0006
46076.90995370		22.5260	1.0402	1.0476	-0.0007	62.8	-0.0007
46076.91018519		22.5233	1.0401	1.0476	-0.0006	66.3	-0.0006
46076.91041667		22.5233	1.0401	1.0475	-0.0005	72.2	-0.0005
46076.91064815		22.5232	1.0401	1.0475	-0.0008	78.3	-0.0006
46076.91087963		22.5232	1.0403	1.0475	-0.0006	84.7	-0.0005
46076.91111111		22.5313	1.0401	1.0476	-0.0007	89.0	-0.0006
46076.91134259		22.5337	1.0403	1.0476	-0.0006	89.8	-0.0007
46076.91157407		22.6825	1.0413	1.0486	-0.0006	89.6	-0.0004
46076.91180556		22.5276	1.0402	1.0476	-0.0007	89.0	-0.0007
46076.91203704		22.5351	1.0402	1.0475	-0.0007	88.1	-0.0006
46076.91226852		22.5350	1.0402	1.0475	-0.0007	87.1	-0.0006
46076.91250000		22.5357	1.0402	1.0475	-0.0007	85.5	-0.0005
46076.91273148		22.5347	1.0401	1.0476	-0.0008	83.7	-0.0007
46076.91296296		22.5353	1.0401	1.0474	-0.0006	81.4	-0.0005
46076.91319444		22.5344	1.0402	1.0475	-0.0006	80.2	-0.0006
46076.91342593		22.5323	1.0402	1.0476	-0.0008	79.6	-0.0008
46076.91365741		22.5327	1.0401	1.0475	-0.0007	79.0	-0.0006
46076.91388889		22.5271	1.0402	1.0475	-0.0006	78.6	-0.0005
46076.91412037		22.5251	1.0401	1.0476	-0.0008	80.9	-0.0009
46076.91435185		22.5314	1.0401	1.0476	-0.0007	84.7	-0.0007
46076.91458333		22.5323	1.0401	1.0474	-0.0006	86.2	-0.0005
46076.91481481		22.5330	1.0402	1.0477	-0.0007	86.5	-0.0006
46076.91504630		22.5340	1.0401	1.0475	-0.0007	86.6	-0.0006
46076.91527778		22.5342	1.0403	1.0475	-0.0006	86.4	-0.0005
46076.91550926		22.5332	1.0402	1.0475	-0.0008	86.2	-0.0007
46076.91574074		22.5353	1.0401	1.0476	-0.0006	85.5	-0.0006
46076.91597222		22.5353	1.0402	1.0475	-0.0006	85.0	-0.0006
46076.91620370		22.5362	1.0401	1.0477	-0.0008	84.5	-0.0007
46076.91643519		22.5368	1.0401	1.0476	-0.0008	83.8	-0.0006
46076.91666667		22.5343	1.0403	1.0477	-0.0007	83.2	-0.0006
46076.91689815		22.5350	1.0402	1.0478	-0.0008	82.7	-0.0008
46076.91712963		22.5324	1.0401	1.0476	-0.0007	82.1	-0.0006
46076.91736111		22.5322	1.0403	1.0476	-0.0007	81.9	-0.0008
46076.91759259		22.5318	1.0402	1.0477	-0.0006	81.6	-0.0006
46076.91782407		22.5326	1.0402	1.0477	-0.0007	81.5	-0.0007
46076.91805556		22.5303	1.0402	1.0476	-0.0008	81.6	-0.0005
46076.91828704		22.5316	1.0403	1.0475	-0.0007	81.9	-0.0004
46076.91851852		22.5308	1.0403	1.0476	-0.0006	82.5	-0.0005
46076.91875000		22.5305	1.0404	1.0477	-0.0007	83.0	-0.0006
46076.91898148		22.6767	1.0415	1.0488	-0.0008	83.8	-0.0006
46076.91921296		22.5229	1.0402	1.0475	-0.0008	84.6	-0.0006
46076.91944444		22.5321	1.0403	1.0475	-0.0006	85.5	-0.0005
46076.91967593		22.5324	1.0404	1.0476	-0.0007	86.6	-0.0006
46076.91990741		22.5329	1.0403	1.0477	-0.0006	87.5	-0.0006
46076.92013889		22.5320	1.0403	1.0477	-0.0007	88.3	-0.0007
46076.92037037		22.5346	1.0404	1.0477	-0.0007	88.8	-0.0006
46076.92060185		22.5356	1.0402	1.0477	-0.0006	89.4	-0.0005
46076.92083333		22.5359	1.0404	1.0476	-0.0007	89.8	-0.0005
46076.92106481		22.5316	1.0404	1.0478	-0.0007	89.8	-0.0007
46076.92129630		22.5356	1.0402	1.0477	-0.0006	89.5	-0.0007
46076.92152778		22.5307	1.0403	1.0476	-0.0007	89.1	-0.0005
46076.92175926		22.5351	1.0404	1.0477	-0.0008	87.6	-0.0006
46076.92199074		22.5306	1.0404	1.0477	-0.0006	86.0	-0.0007
46076.92222222		22.5348	1.0405	1.0477	-0.0007	84.1	-0.0005
46076.92245370		22.5353	1.0404	1.0478	-0.0006	83.4	-0.0006
46076.92268519		22.5355	1.0405	1.0478	-0.0006	83.4	-0.0006
46076.92291667		22.5354	1.0405	1.0477	-0.0005	83.5	-0.0005
46076.92314815		22.5349	1.0404	1.0477	-0.0007	83.4	-0.0006
46076.92337963		22.5342	1.0404	1.0478	-0.0007	83.2	-0.0006
46076.92361111		22.5333	1.0404	1.0478	-0.0007	83.0	-0.0006
46076.92384259		22.5341	1.0405	1.0478	-0.0007	82.9	-0.0007
46076.92407407		22.5331	1.0404	1.0478	-0.0007	82.8	-0.0006
46076.92430556		22.5320	1.0404	1.0478	-0.0007	82.9	-0.0005
46076.92453704		22.5320	1.0404	1.0478	-0.0007	83.1	-0.0007
46076.92476852		22.5317	1.0404	1.0478	-0.0007	83.4	-0.0007
46076.92500000		22.5312	1.0403	1.0479	-0.0007	83.7	-0.0008
46076.92523148		22.5335	1.0405	1.0478	-0.0009	84.2	-0.0006
46076.92546296		22.5298	1.0405	1.0478	-0.0007	84.3	-0.0007
46076.92569444		22.5251	1.0404	1.0477	-0.0006	83.5	-0.0006
46076.92592593		22.5216	1.0404	1.0477	-0.0008	80.8	-0.0006
46076.92615741		22.5257	1.0404	1.0476	-0.0007	75.0	-0.0005
46076.92638889		22.5260	1.0404	1.0478	-0.0007	68.8	-0.0008
46076.92662037		22.5225	1.0404	1.0478	-0.0008	64.0	-0.0006
46076.92685185		22.5206	1.0404	1.0477	-0.0007	59.9	-0.0006
46076.92708333		22.5324	1.0404	1.0478	-0.0006	56.4	-0.0006
46076.92731481		22.5242	1.0404	1.0477	-0.0007	54.2	-0.0006
46076.92754630		22.5147	1.0404	1.0477	-0.0007	51.2	-0.0006
46076.92777778		22.5227	1.0404	1.0477	-0.0007	45.9	-0.0006
46076.92800926		22.5137	1.0403	1.0477	-0.0007	38.7	-0.0006
46076.92824074		22.5147	1.0403	1.0476	-0.0007	31.2	-0.0004
46076.92847222		22.5225	1.0404	1.0477	-0.0007	27.2	-0.0007
46076.92870370		22.5215	1.0403	1.0478	-0.0007	25.3	-0.0007
46076.92893519		22.5205	1.0404	1.0477	-0.0006	24.8	-0.0006
46076.92916667		22.5226	1.0404	1.0478	-0.0006	25.5	-0.0006
46076.92939815		22.5160	1.0403	1.0477	-0.0008	23.2	-0.0007
46076.92962963		22.5224	1.0404	1.0476	-0.0006	16.8	-0.0005
46076.92986111		22.5141	1.0402	1.0477	-0.0007	11.0	-0.0006
46076.93009259		22.5139	1.0403	1.0476	-0.0007	7.1	-0.0006
46076.93032407		22.5144	1.0403	1.0478	-0.0008	3.2	-0.0007
46076.93055556		22.4984	1.0403	1.0477	-0.0007	0.6	-0.0006
46076.93078704		22.5157	1.0403	1.0477	-0.0007	-1.8	-0.0005
46076.93101852		22.5253	1.0405	1.0478	-0.0007	-3.9	-0.0007
46076.93125000		22.5218	1.0403	1.0476	-0.0006	-6.7	-0.0006
46076.93148148		22.5122	1.0404	1.0477	-0.0008	-9.8	-0.0005
46076.93171296		22.4925	1.0401	1.0475	-0.0005	-13.3	-0.0005
46076.93194444		22.5139	1.0403	1.0477	-0.0007	-17.2	-0.0007
46076.93217593		22.5196	1.0404	1.0477	-0.0007	-20.1	-0.0006
46076.93240741		22.5119	1.0404	1.0476	-0.0008	-22.3	-0.0005
46076.93263889		22.5137	1.0404	1.0477	-0.0006	-25.9	-0.0005
46076.93287037		22.4964	1.0402	1.0475	-0.0006	-28.5	-0.0006
46076.93310185		22.5139	1.0402	1.0477	-0.0007	-32.7	-0.0007
46076.93333333		22.5117	1.0403	1.0476	-0.0007	-34.3	-0.0006
46076.93356481		22.4920	1.0403	1.0475	-0.0006	-38.7	-0.0007
46076.93379630		22.5116	1.0403	1.0476	-0.0008	-40.7	-0.0006
46076.93402778		22.5112	1.0402	1.0476	-0.0007	-42.6	-0.0006
46076.93425926		22.5110	1.0401	1.0476	-0.0006	-46.1	-0.0005
46076.93449074		22.5113	1.0402	1.0476	-0.0007	-49.3	-0.0005
46076.93472222		22.5103	1.0402	1.0477	-0.0007	-51.5	-0.0007
46076.93495370		22.5102	1.0403	1.0476	-0.0007	-53.5	-0.0007
46076.93518519		22.5133	1.0403	1.0475	-0.0008	-55.3	-0.0006
46076.93541667		22.5214	1.0401	1.0476	-0.0007	-55.9	-0.0006
46076.93564815		22.5164	1.0401	1.0476	-0.0008	-53.9	-0.0007
46076.93587963		22.5192	1.0403	1.0476	-0.0008	-53.6	-0.0007
46076.93611111		22.5274	1.0404	1.0476	-0.0006	-54.0	-0.0006
46076.93634259		22.5155	1.0401	1.0475	-0.0005	-54.8	-0.0006
46076.93657407		22.5166	1.0401	1.0474	-0.0007	-55.2	-0.0004
46076.93680556		22.5239	1.0403	1.0475	-0.0007	-54.9	-0.0005
46076.93703704		22.5270	1.0403	1.0476	-0.0007	-55.4	-0.0009
46076.93726852		22.5282	1.0401	1.0475	-0.0007	-56.3	-0.0005
46076.93750000		22.5211	1.0403	1.0475	-0.0007	-56.6	-0.0006
46076.93773148		22.5281	1.0401	1.0475	-0.0007	-56.6	-0.0006
46076.93796296		22.5283	1.0403	1.0475	-0.0008	-56.3	-0.0007
46076.93819444		22.5280	1.0402	1.0476	-0.0007	-56.5	-0.0007
46076.93842593		22.5280	1.0401	1.0475	-0.0007	-56.3	-0.0006
46076.93865741		22.5213	1.0402	1.0475	-0.0007	-56.2	-0.0007
46076.93888889		22.5273	1.0401	1.0476	-0.0005	-56.2	-0.0007
46076.93912037		22.5267	1.0400	1.0474	-0.0007	-55.7	-0.0005
46076.93935185		22.5250	1.0401	1.0475	-0.0006	-55.7	-0.0006
46076.93958333		22.5206	1.0400	1.0475	-0.0007	-55.6	-0.0007
46076.93981481		22.5178	1.0401	1.0473	-0.0007	-55.1	-0.0004
46076.94004630		22.5195	1.0401	1.0475	-0.0007	-54.7	-0.0007
46076.94027778		22.5224	1.0401	1.0476	-0.0008	-54.3	-0.0007
46076.94050926		22.5270	1.0400	1.0474	-0.0006	-54.2	-0.0006
46076.94074074		22.5298	1.0401	1.0474	-0.0008	-54.2	-0.0006
46076.94097222		22.5321	1.0401	1.0475	-0.0007	-54.4	-0.0006
46076.94120370		22.5315	1.0401	1.0474	-0.0007	-54.6	-0.0007
46076.94143519		22.5298	1.0400	1.0474	-0.0006	-54.7	-0.0006
46076.94166667		22.5228	1.0399	1.0473	-0.0005	-54.5	-0.0006
46076.94189815		22.5214	1.0400	1.0474	-0.0006	-53.9	-0.0006
46076.94212963		22.5254	1.0400	1.0474	-0.0008	-53.5	-0.0006
46076.94236111		22.5288	1.0399	1.0474	-0.0006	-53.6	-0.0006
46076.94259259		22.5321	1.0399	1.0474	-0.0006	-54.2	-0.0006
46076.94282407		22.5328	1.0399	1.0475	-0.0007	-54.4	-0.0008
46076.94305556		22.5285	1.0399	1.0474	-0.0007	-54.4	-0.0006
46076.94328704		22.5232	1.0400	1.0472	-0.0006	-53.9	-0.0005
46076.94351852		22.5277	1.0399	1.0473	-0.0007	-53.5	-0.0005
46076.94375000		22.5300	1.0399	1.0473	-0.0006	-53.5	-0.0006
46076.94398148		22.5319	1.0399	1.0474	-0.0006	-54.0	-0.0005
46076.94421296		22.5305	1.0399	1.0474	-0.0006	-54.3	-0.0005
46076.94444444		22.5268	1.0399	1.0474	-0.0007	-54.2	-0.0006
46076.94467593		22.5228	1.0399	1.0475	-0.0008	-53.6	-0.0007
46076.94490741		22.5294	1.0399	1.0473	-0.0006	-53.3	-0.0005
46076.94513889		22.5325	1.0400	1.0475	-0.0005	-53.7	-0.0007
46076.94537037		22.5321	1.0399	1.0474	-0.0007	-54.2	-0.0007
46076.94560185		22.5298	1.0399	1.0473	-0.0008	-54.2	-0.0005
46076.94583333		22.5240	1.0400	1.0473	-0.0007	-53.7	-0.0006
46076.94606481		22.5303	1.0400	1.0474	-0.0006	-53.2	-0.0007
46076.94629630		22.5327	1.0399	1.0474	-0.0006	-53.8	-0.0007
46076.94652778		22.5322	1.0400	1.0474	-0.0007	-54.2	-0.0007
46076.94675926		22.5278	1.0400	1.0474	-0.0008	-54.2	-0.0006
46076.94699074		22.5280	1.0399	1.0472	-0.0005	-53.5	-0.0005
46076.94722222		22.5320	1.0400	1.0474	-0.0007	-53.4	-0.0006
46076.94745370		22.5339	1.0400	1.0473	-0.0006	-54.0	-0.0007
46076.94768519		22.5326	1.0399	1.0473	-0.0008	-54.3	-0.0006
46076.94791667		22.5261	1.0399	1.0472	-0.0007	-53.9	-0.0006
46076.94814815		22.5339	1.0399	1.0473	-0.0006	-53.2	-0.0005
46076.94837963		22.5403	1.0400	1.0474	-0.0007	-53.7	-0.0005
46076.94861111		22.5391	1.0401	1.0474	-0.0006	-54.3	-0.0006
46076.94884259		22.5370	1.0399	1.0475	-0.0007	-53.0	-0.0007
46076.94907407		22.5402	1.0401	1.0474	-0.0006	-52.2	-0.0006
46076.94930556		22.5371	1.0399	1.0473	-0.0007	-49.4	-0.0006
46076.94953704		22.5348	1.0398	1.0472	-0.0006	-46.0	-0.0005
46076.94976852		22.5307	1.0400	1.0473	-0.0006	-41.3	-0.0006
46076.95000000		22.5334	1.0399	1.0474	-0.0008	-36.0	-0.0008
46076.95023148		22.5400	1.0400	1.0474	-0.0007	-31.4	-0.0007
46076.95046296		22.5383	1.0399	1.0474	-0.0008	-27.4	-0.0007
46076.95069444		22.5378	1.0400	1.0474	-0.0006	-23.3	-0.0007
46076.95092593		22.5394	1.0399	1.0472	-0.0007	-19.5	-0.0006
46076.95115741		22.5407	1.0400	1.0475	-0.0007	-15.6	-0.0007
46076.95138889		22.5429	1.0398	1.0473	-0.0006	-13.7	-0.0006
46076.95162037		22.5428	1.0400	1.0472	-0.0006	-12.7	-0.0006
46076.95185185		22.5365	1.0398	1.0472	-0.0008	-11.1	-0.0005
46076.95208333		22.5350	1.0398	1.0472	-0.0007	-7.5	-0.0006
46076.95231481		22.5343	1.0398	1.0472	-0.0006	-2.8	-0.0006
46076.95254630		22.5391	1.0400	1.0473	-0.0006	2.0	-0.0006
46076.95277778		22.5398	1.0399	1.0472	-0.0007	6.7	-0.0006
46076.95300926		22.5426	1.0399	1.0473	-0.0006	9.5	-0.0008
46076.95324074		22.5429	1.0399	1.0472	-0.0006	10.8	-0.0005
46076.95347222		22.5441	1.0399	1.0472	-0.0006	11.6	-0.0005
46076.95370370		22.5348	1.0397	1.0472	-0.0007	14.0	-0.0005
46076.95393519		22.5359	1.0398	1.0472	-0.0007	19.3	-0.0007
46076.95416667		22.5334	1.0396	1.0472	-0.0007	25.0	-0.0007
46076.95439815		22.5430	1.0397	1.0472	-0.0008	30.4	-0.0005
46076.95462963		22.5439	1.0397	1.0472	-0.0006	32.8	-0.0007
46076.95486111		22.5433	1.0397	1.0472	-0.0008	33.8	-0.0006
46076.95509259		22.5424	1.0397	1.0472	-0.0007	34.5	-0.0006
46076.95532407		22.5351	1.0397	1.0471	-0.0008	35.4	-0.0005
46076.95555556		22.5344	1.0396	1.0471	-0.0007	39.9	-0.0006
46076.95578704		22.5337	1.0397	1.0471	-0.0007	45.8	-0.0007
46076.95601852		22.5348	1.0397	1.0470	-0.0007	52.8	-0.0006
46076.95625000		22.5411	1.0395	1.0473	-0.0007	58.8	-0.0007
46076.95648148		22.5431	1.0399	1.0471	-0.0008	60.6	-0.0007
46076.95671296		22.5416	1.0397	1.0472	-0.0006	61.3	-0.0007
46076.95694444		22.5399	1.0398	1.0471	-0.0007	61.6	-0.0006
46076.95717593		22.5336	1.0396	1.0471	-0.0006	62.6	-0.0007
46076.95740741		22.5328	1.0398	1.0470	-0.0008	67.0	-0.0006
46076.95763889		22.5326	1.0397	1.0470	-0.0006	73.4	-0.0006
46076.95787037		22.5318	1.0396	1.0470	-0.0006	79.2	-0.0006
46076.95810185		22.5368	1.0395	1.0472	-0.0007	85.6	-0.0007
46076.95833333		22.6839	1.0405	1.0479	-0.0007	88.1	-0.0006
46076.95856481		22.6070	1.0407	1.0481	-0.0006	88.7	-0.0006
46076.95879630		22.5354	1.0396	1.0471	-0.0007	88.4	-0.0008
46076.95902778		22.5439	1.0397	1.0470	-0.0006	88.1	-0.0004
46076.95925926		22.5450	1.0396	1.0471	-0.0008	87.7	-0.0007
46076.95949074		22.5441	1.0396	1.0471	-0.0007	86.7	-0.0007
46076.95972222		22.5402	1.0395	1.0470	-0.0007	85.6	-0.0006
46076.95995370		22.5443	1.0395	1.0470	-0.0007	83.9	-0.0007
46076.96018519		22.5438	1.0396	1.0469	-0.0008	82.9	-0.0004
46076.96041667		22.5431	1.0395	1.0470	-0.0006	81.8	-0.0004
46076.96064815		22.5444	1.0396	1.0469	-0.0006	81.1	-0.0005
46076.96087963		22.5435	1.0396	1.0470	-0.0006	80.3	-0.0007
46076.96111111		22.5415	1.0396	1.0470	-0.0008	79.5	-0.0006
46076.96134259		22.5358	1.0395	1.0469	-0.0007	79.0	-0.0006
46076.96157407		22.5397	1.0394	1.0470	-0.0008	81.1	-0.0006
46076.96180556		22.5416	1.0396	1.0470	-0.0008	84.9	-0.0006
46076.96203704		22.5431	1.0396	1.0470	-0.0007	86.3	-0.0007
46076.96226852		22.5433	1.0396	1.0469	-0.0005	86.6	-0.0005
46076.96250000		22.5442	1.0395	1.0469	-0.0007	86.9	-0.0006
46076.96273148		22.5447	1.0395	1.0469	-0.0007	86.7	-0.0005
46076.96296296		22.5453	1.0396	1.0470	-0.0007	86.5	-0.0006
46076.96319444		22.5454	1.0395	1.0470	-0.0007	85.9	-0.0005
46076.96342593		22.5448	1.0396	1.0469	-0.0006	85.5	-0.0006
46076.96365741		22.5450	1.0395	1.0470	-0.0007	84.9	-0.0007
46076.96388889		22.5442	1.0395	1.0469	-0.0008	84.2	-0.0006
46076.96412037		22.5438	1.0395	1.0469	-0.0007	83.6	-0.0005
46076.96435185		22.5441	1.0396	1.0470	-0.0007	83.1	-0.0006
46076.96458333		22.5420	1.0395	1.0469	-0.0006	82.5	-0.0005
46076.96481481		22.5409	1.0395	1.0470	-0.0007	82.1	-0.0006
46076.96504630		22.5405	1.0396	1.0469	-0.0006	81.7	-0.0006
46076.96527778		22.5369	1.0394	1.0470	-0.0007	81.6	-0.0007
46076.96550926		22.5368	1.0395	1.0469	-0.0007	81.7	-0.0007
46076.96574074		22.5367	1.0395	1.0468	-0.0007	81.9	-0.0006
46076.96597222		22.5367	1.0394	1.0469	-0.0007	82.3	-0.0005
46076.96620370		22.5357	1.0396	1.0470	-0.0007	82.9	-0.0006
46076.96643519		22.5369	1.0394	1.0469	-0.0006	83.7	-0.0005
46076.96666667		22.5363	1.0395	1.0469	-0.0006	84.6	-0.0006
46076.96689815		22.5380	1.0395	1.0468	-0.0007	85.5	-0.0006
46076.96712963		22.5374	1.0395	1.0470	-0.0007	86.4	-0.0006
46076.96736111		22.5392	1.0394	1.0469	-0.0007	87.3	-0.0005
46076.96759259		22.5399	1.0395	1.0470	-0.0007	88.2	-0.0007
46076.96782407		22.5413	1.0395	1.0470	-0.0007	88.8	-0.0006
46076.96805556		22.5397	1.0395	1.0470	-0.0007	89.3	-0.0007
46076.96828704		22.5382	1.0396	1.0469	-0.0007	89.7	-0.0008
46076.96851852		22.5419	1.0394	1.0470	-0.0008	89.3	-0.0006
46076.96875000		22.5434	1.0395	1.0469	-0.0007	89.3	-0.0006
46076.96898148		22.5344	1.0395	1.0468	-0.0007	89.0	-0.0006
46076.96921296		22.5424	1.0395	1.0469	-0.0007	87.9	-0.0007
46076.96944444		22.5366	1.0395	1.0469	-0.0007	86.8	-0.0005
46076.96967593		22.5446	1.0396	1.0470	-0.0008	85.4	-0.0007
46076.96990741		22.5422	1.0395	1.0470	-0.0006	84.7	-0.0006
46076.97013889		22.5442	1.0395	1.0470	-0.0006	83.6	-0.0006
46076.97037037		22.5446	1.0396	1.0470	-0.0006	82.9	-0.0007
46076.97060185		22.5424	1.0397	1.0469	-0.0007	82.6	-0.0006
46076.97083333		22.5440	1.0396	1.0470	-0.0007	82.7	-0.0006
46076.97106481		22.5422	1.0396	1.0470	-0.0006	82.6	-0.0006
46076.97129630		22.5410	1.0395	1.0470	-0.0008	82.5	-0.0005
46076.97152778		22.5389	1.0395	1.0469	-0.0007	82.6	-0.0006
46076.97175926		22.5387	1.0395	1.0469	-0.0008	82.8	-0.0006
46076.97199074		22.5393	1.0397	1.0469	-0.0008	83.0	-0.0006
46076.97222222		22.5408	1.0395	1.0469	-0.0006	83.4	-0.0005
46076.97245370		22.5440	1.0396	1.0469	-0.0006	83.9	-0.0005
46076.97268519		22.5466	1.0396	1.0470	-0.0006	84.3	-0.0007
46076.97291667		22.5405	1.0395	1.0470	-0.0007	84.4	-0.0006
46076.97314815		22.5360	1.0395	1.0471	-0.0007	82.9	-0.0006
46076.97337963		22.5370	1.0395	1.0470	-0.0006	77.6	-0.0007
46076.97361111		22.5397	1.0396	1.0470	-0.0007	70.8	-0.0005
46076.97384259		22.5343	1.0395	1.0470	-0.0007	65.4	-0.0006
46076.97407407		22.5325	1.0396	1.0469	-0.0007	61.5	-0.0006
46076.97430556		22.5388	1.0395	1.0469	-0.0006	58.4	-0.0005
46076.97453704		22.5335	1.0395	1.0470	-0.0007	55.1	-0.0006
46076.97476852		22.5274	1.0395	1.0469	-0.0008	50.9	-0.0006
46076.97500000		22.5274	1.0394	1.0468	-0.0007	46.4	-0.0004
46076.97523148		22.5286	1.0395	1.0470	-0.0008	37.6	-0.0006
46076.97546296		22.5403	1.0395	1.0471	-0.0008	31.1	-0.0006
46076.97569444		22.5246	1.0398	1.0472	-0.0008	28.0	-0.0006
46076.97592593		22.5456	1.0395	1.0470	-0.0006	26.2	-0.0006
46076.97615741		22.5402	1.0394	1.0469	-0.0006	24.6	-0.0007
46076.97638889		22.5351	1.0395	1.0469	-0.0007	22.3	-0.0007
46076.97662037		22.5430	1.0395	1.0469	-0.0008	20.3	-0.0006
46076.97685185		22.5436	1.0394	1.0469	-0.0007	17.2	-0.0006
46076.97708333		22.5363	1.0395	1.0469	-0.0006	12.9	-0.0007
46076.97731481		22.5279	1.0395	1.0468	-0.0008	9.2	-0.0007
46076.97754630		22.5075	1.0393	1.0466	-0.0006	5.9	-0.0005
46076.97777778		22.5277	1.0394	1.0468	-0.0006	2.0	-0.0007
46076.97800926		22.5098	1.0393	1.0468	-0.0008	-1.3	-0.0006
46076.97824074		22.5297	1.0394	1.0468	-0.0007	-4.5	-0.0006
46076.97847222		22.5414	1.0395	1.0468	-0.0008	-7.3	-0.0007
46076.97870370		22.5056	1.0392	1.0465	-0.0007	-9.9	-0.0007
46076.97893519		22.5250	1.0393	1.0467	-0.0007	-12.9	-0.0005
46076.97916667		22.5100	1.0392	1.0468	-0.0007	-15.9	-0.0007
46076.97939815		22.5059	1.0391	1.0465	-0.0006	-19.0	-0.0006
46076.97962963		22.5258	1.0392	1.0468	-0.0006	-22.6	-0.0006
46076.97986111		22.5323	1.0393	1.0468	-0.0006	-25.7	-0.0006
46076.98009259		22.5247	1.0394	1.0469	-0.0007	-28.7	-0.0008
46076.98032407		22.5051	1.0390	1.0466	-0.0006	-32.2	-0.0007
46076.98055556		22.5252	1.0394	1.0467	-0.0007	-35.3	-0.0005
46076.98078704		22.5241	1.0394	1.0467	-0.0008	-36.8	-0.0007
46076.98101852		22.5238	1.0392	1.0468	-0.0008	-41.2	-0.0006
46076.98125000		22.5044	1.0392	1.0464	-0.0007	-44.3	-0.0005
46076.98148148		22.5041	1.0390	1.0465	-0.0007	-46.4	-0.0006
46076.98171296		22.5039	1.0391	1.0465	-0.0008	-48.1	-0.0006
46076.98194444		22.5043	1.0389	1.0464	-0.0007	-50.6	-0.0005
46076.98217593		22.5044	1.0389	1.0465	-0.0008	-52.4	-0.0007
46076.98240741		22.5043	1.0391	1.0466	-0.0007	-54.4	-0.0007
46076.98263889		22.5327	1.0391	1.0467	-0.0006	-55.8	-0.0007
46076.98287037		22.5292	1.0392	1.0467	-0.0006	-54.3	-0.0006
46076.98310185		22.5381	1.0393	1.0466	-0.0007	-54.2	-0.0007
46076.98333333		22.5291	1.0392	1.0467	-0.0007	-54.1	-0.0007
46076.98356481		22.5296	1.0392	1.0466	-0.0006	-54.4	-0.0006
46076.98379630		22.5334	1.0393	1.0466	-0.0009	-54.8	-0.0006
46076.98402778		22.5376	1.0392	1.0467	-0.0006	-54.7	-0.0006
46076.98425926		22.5295	1.0391	1.0467	-0.0008	-55.3	-0.0007
46076.98449074		22.5312	1.0392	1.0467	-0.0007	-56.4	-0.0007
46076.98472222		22.5335	1.0392	1.0467	-0.0007	-56.5	-0.0005
46076.98495370		22.5375	1.0392	1.0468	-0.0007	-56.2	-0.0006
46076.98518519		22.5378	1.0392	1.0467	-0.0007	-55.9	-0.0007
46076.98541667		22.5382	1.0393	1.0468	-0.0007	-56.0	-0.0006
46076.98564815		22.5359	1.0393	1.0467	-0.0007	-56.1	-0.0007
46076.98587963		22.5394	1.0390	1.0467	-0.0007	-55.5	-0.0005
46076.98611111		22.5401	1.0393	1.0467	-0.0006	-55.3	-0.0007
46076.98634259		22.5414	1.0391	1.0467	-0.0007	-55.4	-0.0006
46076.98657407		22.5431	1.0393	1.0467	-0.0007	-55.3	-0.0006
46076.98680556		22.5428	1.0392	1.0466	-0.0005	-55.4	-0.0004
46076.98703704		22.5426	1.0391	1.0467	-0.0006	-55.5	-0.0006
46076.98726852		22.5411	1.0392	1.0468	-0.0008	-55.5	-0.0008
46076.98750000		22.5403	1.0393	1.0466	-0.0006	-55.4	-0.0006
46076.98773148		22.5351	1.0391	1.0465	-0.0007	-55.0	-0.0004
46076.98796296		22.5345	1.0390	1.0466	-0.0006	-54.3	-0.0006
46076.98819444		22.5393	1.0391	1.0467	-0.0008	-53.9	-0.0007
46076.98842593		22.5409	1.0393	1.0467	-0.0007	-53.8	-0.0006
46076.98865741		22.5442	1.0391	1.0466	-0.0008	-54.2	-0.0006
46076.98888889		22.5437	1.0392	1.0467	-0.0008	-54.6	-0.0006
46076.98912037		22.5425	1.0392	1.0466	-0.0007	-54.7	-0.0006
46076.98935185		22.5378	1.0391	1.0467	-0.0007	-54.4	-0.0007
46076.98958333		22.5354	1.0392	1.0466	-0.0006	-53.8	-0.0006
46076.98981481		22.5406	1.0392	1.0467	-0.0007	-53.4	-0.0007
46076.99004630		22.5448	1.0392	1.0467	-0.0007	-53.6	-0.0006
46076.99027778		22.5434	1.0392	1.0466	-0.0008	-54.0	-0.0006
46076.99050926		22.5440	1.0391	1.0466	-0.0007	-54.2	-0.0006
46076.99074074		22.5391	1.0393	1.0467	-0.0007	-53.9	-0.0006
46076.99097222		22.5354	1.0391	1.0466	-0.0008	-53.5	-0.0006
46076.99120370		22.5398	1.0393	1.0466	-0.0007	-53.3	-0.0006
46076.99143519		22.5441	1.0391	1.0467	-0.0008	-53.6	-0.0006
46076.99166667		22.5440	1.0393	1.0467	-0.0007	-54.1	-0.0006
46076.99189815		22.5430	1.0393	1.0466	-0.0006	-54.3	-0.0006
46076.99212963		22.5362	1.0391	1.0467	-0.0008	-54.0	-0.0008
46076.99236111		22.5399	1.0392	1.0466	-0.0007	-53.5	-0.0005
46076.99259259		22.5427	1.0392	1.0465	-0.0006	-53.4	-0.0005
46076.99282407		22.5446	1.0391	1.0467	-0.0007	-53.9	-0.0005
46076.99305556		22.5430	1.0393	1.0466	-0.0007	-54.2	-0.0006
46076.99328704		22.5360	1.0391	1.0467	-0.0008	-54.0	-0.0007
46076.99351852		22.5377	1.0393	1.0467	-0.0005	-53.4	-0.0007
46076.99375000		22.5444	1.0393	1.0468	-0.0007	-53.6	-0.0007
46076.99398148		22.5441	1.0392	1.0466	-0.0009	-54.0	-0.0005
46076.99421296		22.5425	1.0392	1.0467	-0.0007	-54.2	-0.0007
46076.99444444		22.5371	1.0392	1.0467	-0.0008	-53.7	-0.0006
46076.99467593		22.5412	1.0391	1.0467	-0.0006	-53.2	-0.0006
46076.99490741		22.5447	1.0393	1.0468	-0.0006	-53.8	-0.0007
46076.99513889		22.5437	1.0393	1.0468	-0.0007	-54.2	-0.0008
46076.99537037		22.5369	1.0393	1.0467	-0.0008	-54.1	-0.0006
46076.99560185		22.5403	1.0391	1.0467	-0.0008	-53.3	-0.0006
46076.99583333		22.5445	1.0394	1.0467	-0.0007	-53.5	-0.0007
46076.99606481		22.5440	1.0393	1.0467	-0.0007	-53.9	-0.0005
46076.99629630		22.5379	1.0392	1.0466	-0.0007	-51.8	-0.0006
46076.99652778		22.5388	1.0393	1.0468	-0.0008	-49.4	-0.0008
46076.99675926		22.5372	1.0393	1.0467	-0.0006	-45.8	-0.0006
46076.99699074		22.5342	1.0393	1.0467	-0.0007	-41.2	-0.0005
46076.99722222		22.5347	1.0393	1.0466	-0.0008	-36.0	-0.0006
46076.99745370		22.5397	1.0392	1.0467	-0.0006	-31.2	-0.0007
46076.99768519		22.5367	1.0392	1.0467	-0.0008	-26.7	-0.0006
46076.99791667		22.5369	1.0393	1.0466	-0.0006	-22.8	-0.0005
46076.99814815		22.5358	1.0393	1.0468	-0.0009	-18.9	-0.0007
46076.99837963		22.5408	1.0392	1.0468	-0.0006	-16.1	-0.0006
46076.99861111		22.5408	1.0393	1.0468	-0.0007	-14.5	-0.0007
46076.99884259		22.5368	1.0393	1.0467	-0.0007	-13.8	-0.0006
46076.99907407		22.5346	1.0394	1.0466	-0.0008	-11.1	-0.0007
46076.99930556		22.5322	1.0392	1.0467	-0.0006	-7.1	-0.0006
46076.99953704		22.5325	1.0391	1.0466	-0.0006	-2.0	-0.0005
46076.99976852		22.5372	1.0393	1.0466	-0.0008	2.9	-0.0007
46077.00000000		22.5401	1.0393	1.0467	-0.0008	6.8	-0.0006
46077.00023148		22.5402	1.0393	1.0467	-0.0007	8.6	-0.0007
46077.00046296		22.5391	1.0393	1.0467	-0.0007	9.7	-0.0006
46077.00069444		22.5322	1.0393	1.0467	-0.0006	11.0	-0.0006
46077.00092593		22.5314	1.0392	1.0466	-0.0006	15.4	-0.0006
46077.00115741		22.5318	1.0392	1.0466	-0.0006	21.3	-0.0006
46077.00138889		22.5376	1.0392	1.0467	-0.0006	26.9	-0.0005
46077.00162037		22.5408	1.0393	1.0468	-0.0008	30.0	-0.0007
46077.00185185		22.5398	1.0392	1.0466	-0.0006	31.3	-0.0005
46077.00208333		22.5386	1.0391	1.0466	-0.0007	31.9	-0.0008
46077.00231481		22.5316	1.0391	1.0467	-0.0007	32.7	-0.0008
46077.00254630		22.5310	1.0391	1.0466	-0.0006	36.7	-0.0006
46077.00277778		22.5309	1.0392	1.0466	-0.0006	42.4	-0.0007
46077.00300926		22.6750	1.0400	1.0475	-0.0007	48.3	-0.0006
46077.00324074		22.5310	1.0393	1.0469	-0.0006	55.0	-0.0007
46077.00347222		22.5393	1.0393	1.0467	-0.0006	57.6	-0.0007
46077.00370370		22.5401	1.0392	1.0466	-0.0006	58.4	-0.0005
46077.00393519		22.5375	1.0391	1.0465	-0.0007	58.9	-0.0005
46077.00416667		22.5318	1.0391	1.0466	-0.0007	59.3	-0.0006
46077.00439815		22.5309	1.0391	1.0466	-0.0007	63.5	-0.0006
46077.00462963		22.5307	1.0391	1.0464	-0.0008	69.5	-0.0005
46077.00486111		22.5307	1.0391	1.0467	-0.0006	75.7	-0.0007
46077.00509259		22.5349	1.0392	1.0466	-0.0009	81.8	-0.0006
46077.00532407		22.5397	1.0391	1.0466	-0.0007	85.0	-0.0006
46077.00555556		22.5385	1.0391	1.0465	-0.0006	85.9	-0.0005
46077.00578704		22.5385	1.0391	1.0466	-0.0006	86.0	-0.0005
46077.00601852		22.5394	1.0392	1.0465	-0.0006	86.0	-0.0006
46077.00625000		22.5399	1.0392	1.0466	-0.0007	86.1	-0.0005
46077.00648148		22.5407	1.0392	1.0466	-0.0007	85.5	-0.0004
46077.00671296		22.5412	1.0392	1.0465	-0.0007	85.1	-0.0005
46077.00694444		22.5404	1.0392	1.0466	-0.0007	84.3	-0.0006
46077.00717593		22.5406	1.0392	1.0466	-0.0007	83.6	-0.0008
46077.00740741		22.5394	1.0392	1.0466	-0.0008	82.9	-0.0006
46077.00763889		22.5403	1.0392	1.0466	-0.0007	82.2	-0.0006
46077.00787037		22.5392	1.0392	1.0465	-0.0007	81.6	-0.0005
46077.00810185		22.6845	1.0402	1.0477	-0.0007	80.9	-0.0006
46077.00833333		22.6065	1.0402	1.0476	-0.0006	80.6	-0.0006
46077.00856481		22.5301	1.0392	1.0466	-0.0007	80.4	-0.0005
46077.00879630		22.5377	1.0392	1.0467	-0.0006	80.2	-0.0007
46077.00902778		22.5320	1.0391	1.0467	-0.0007	80.5	-0.0007
46077.00925926		22.5353	1.0393	1.0467	-0.0006	83.9	-0.0006
46077.00949074		22.5370	1.0390	1.0466	-0.0006	85.6	-0.0005
46077.00972222		22.5379	1.0393	1.0466	-0.0009	86.6	-0.0006
46077.00995370		22.5395	1.0392	1.0465	-0.0006	87.1	-0.0005
46077.01018519		22.5395	1.0393	1.0467	-0.0008	87.6	-0.0007
46077.01041667		22.5398	1.0393	1.0467	-0.0007	87.9	-0.0005
46077.01064815		22.5419	1.0392	1.0466	-0.0007	87.9	-0.0005
46077.01087963		22.5418	1.0393	1.0467	-0.0006	87.9	-0.0007
46077.01111111		22.5419	1.0394	1.0468	-0.0007	87.9	-0.0006
46077.01134259		22.5422	1.0393	1.0468	-0.0005	87.6	-0.0005
46077.01157407		22.5403	1.0393	1.0467	-0.0006	87.2	-0.0006
46077.01180556		22.5419	1.0393	1.0469	-0.0007	86.4	-0.0006
46077.01203704		22.5417	1.0394	1.0469	-0.0006	85.9	-0.0007
46077.01226852		22.5416	1.0393	1.0468	-0.0007	85.4	-0.0005
46077.01250000		22.5375	1.0394	1.0469	-0.0006	84.5	-0.0006
46077.01273148		22.5415	1.0394	1.0469	-0.0006	83.0	-0.0007
46077.01296296		22.5392	1.0395	1.0469	-0.0005	82.1	-0.0006
46077.01319444		22.5399	1.0394	1.0469	-0.0007	81.7	-0.0007
46077.01342593		22.5389	1.0395	1.0469	-0.0006	81.5	-0.0006
46077.01365741		22.5391	1.0395	1.0469	-0.0006	81.3	-0.0007
46077.01388889		22.5320	1.0394	1.0469	-0.0007	82.3	-0.0007
46077.01412037		22.5307	1.0395	1.0470	-0.0007	85.0	-0.0007
46077.01435185		22.5380	1.0395	1.0469	-0.0007	85.8	-0.0006
46077.01458333		22.5395	1.0395	1.0469	-0.0006	86.2	-0.0005
46077.01481481		22.5394	1.0397	1.0470	-0.0008	86.5	-0.0006
46077.01504630		22.5402	1.0396	1.0471	-0.0006	86.7	-0.0006
46077.01527778		22.5406	1.0397	1.0470	-0.0005	86.7	-0.0005
46077.01550926		22.5404	1.0396	1.0471	-0.0005	86.7	-0.0006
46077.01574074		22.5409	1.0397	1.0471	-0.0006	86.6	-0.0006
46077.01597222		22.5409	1.0398	1.0471	-0.0007	86.4	-0.0006
46077.01620370		22.5411	1.0396	1.0472	-0.0006	86.1	-0.0007
46077.01643519		22.5408	1.0397	1.0472	-0.0007	85.7	-0.0006
46077.01666667		22.5409	1.0397	1.0472	-0.0007	85.4	-0.0006
46077.01689815		22.5407	1.0397	1.0472	-0.0005	84.9	-0.0005
46077.01712963		22.5406	1.0397	1.0472	-0.0006	84.6	-0.0007
46077.01736111		22.5398	1.0399	1.0472	-0.0007	84.3	-0.0006
46077.01759259		22.5380	1.0398	1.0472	-0.0006	83.9	-0.0007
46077.01782407		22.5397	1.0397	1.0473	-0.0007	83.5	-0.0006
46077.01805556		22.5386	1.0398	1.0473	-0.0008	83.3	-0.0006
46077.01828704		22.5385	1.0398	1.0472	-0.0007	83.2	-0.0004
46077.01851852		22.5384	1.0399	1.0473	-0.0006	83.2	-0.0006
46077.01875000		22.6843	1.0405	1.0480	-0.0006	83.2	-0.0006
46077.01898148		22.5299	1.0400	1.0473	-0.0006	83.4	-0.0005
46077.01921296		22.5377	1.0398	1.0473	-0.0008	83.7	-0.0005
46077.01944444		22.5374	1.0399	1.0473	-0.0007	84.1	-0.0006
46077.01967593		22.5413	1.0399	1.0473	-0.0007	84.5	-0.0006
46077.01990741		22.5418	1.0401	1.0473	-0.0007	85.0	-0.0005
46077.02013889		22.5377	1.0400	1.0474	-0.0006	85.1	-0.0007
46077.02037037		22.5276	1.0398	1.0474	-0.0006	82.6	-0.0005
46077.02060185		22.5278	1.0401	1.0475	-0.0006	75.2	-0.0007
46077.02083333		22.5342	1.0400	1.0473	-0.0007	67.0	-0.0005
46077.02106481		22.5280	1.0399	1.0473	-0.0007	61.8	-0.0005
46077.02129630		22.5355	1.0400	1.0474	-0.0006	59.2	-0.0006
46077.02152778		22.5284	1.0399	1.0473	-0.0008	56.3	-0.0005
46077.02175926		22.5234	1.0399	1.0474	-0.0008	52.0	-0.0006
46077.02199074		22.5225	1.0399	1.0474	-0.0006	47.8	-0.0005
46077.02222222		22.5214	1.0400	1.0473	-0.0006	39.8	-0.0006
46077.02245370		22.5233	1.0400	1.0473	-0.0006	30.4	-0.0006
46077.02268519		22.5321	1.0400	1.0474	-0.0006	26.3	-0.0005
46077.02291667		23.0994	1.0413	1.0486	-0.0007	25.8	-0.0007
46077.02314815		23.1061	1.0446	1.0521	-0.0007	27.8	-0.0006
46077.02337963		23.1069	1.0447	1.0523	-0.0006	30.9	-0.0006
46077.02361111		23.1083	1.0447	1.0525	-0.0007	32.4	-0.0009
46077.02384259		23.1096	1.0448	1.0525	-0.0006	34.0	-0.0006
46077.02407407		23.1102	1.0448	1.0525	-0.0007	35.4	-0.0006
46077.02430556		23.1105	1.0449	1.0526	-0.0007	36.7	-0.0006
46077.02453704		23.1108	1.0450	1.0526	-0.0007	37.7	-0.0006
46077.02476852		23.1113	1.0450	1.0527	-0.0006	38.5	-0.0004
46077.02500000		23.1113	1.0450	1.0529	-0.0006	39.1	-0.0007
46077.02523148		23.1110	1.0451	1.0529	-0.0007	39.5	-0.0007
46077.02546296		23.1112	1.0452	1.0529	-0.0007	40.0	-0.0006
46077.02569444		23.1113	1.0451	1.0530	-0.0008	40.3	-0.0006
46077.02592593		23.1111	1.0453	1.0531	-0.0007	40.6	-0.0006
46077.02615741		23.1112	1.0453	1.0531	-0.0006	40.8	-0.0006
46077.02638889		23.1114	1.0453	1.0532	-0.0006	40.9	-0.0007
46077.02662037		23.1111	1.0454	1.0532	-0.0007	41.1	-0.0006
46077.02685185		23.1110	1.0455	1.0533	-0.0008	41.2	-0.0006
46077.02708333		23.1108	1.0455	1.0532	-0.0005	41.3	-0.0005
46077.02731481		23.1111	1.0454	1.0533	-0.0006	41.5	-0.0006
46077.02754630		23.1107	1.0456	1.0535	-0.0007	41.6	-0.0007
46077.02777778		23.1106	1.0456	1.0535	-0.0006	41.6	-0.0007
46077.02800926		23.1105	1.0458	1.0534	-0.0007	41.6	-0.0005
46077.02824074		23.1105	1.0456	1.0534	-0.0007	41.6	-0.0006
46077.02847222		23.1106	1.0457	1.0536	-0.0007	41.8	-0.0007
46077.02870370		23.1106	1.0459	1.0537	-0.0007	41.8	-0.0007
46077.02893519		23.1105	1.0459	1.0537	-0.0007	41.9	-0.0008
46077.02916667		23.1106	1.0459	1.0537	-0.0007	41.8	-0.0006
46077.02939815		23.1109	1.0461	1.0537	-0.0007	41.8	-0.0005
46077.02962963		23.1109	1.0460	1.0537	-0.0007	41.8	-0.0005
46077.02986111		23.1109	1.0461	1.0539	-0.0007	41.8	-0.0007
46077.03009259		23.1110	1.0462	1.0540	-0.0007	41.9	-0.0006
46077.03032407		23.1109	1.0462	1.0538	-0.0006	41.8	-0.0005
46077.03055556		23.1111	1.0463	1.0540	-0.0007	41.8	-0.0005
46077.03078704		23.1111	1.0462	1.0538	-0.0006	41.8	-0.0004
46077.03101852		23.1116	1.0464	1.0541	-0.0006	41.8	-0.0006
46077.03125000		23.1114	1.0464	1.0542	-0.0006	41.7	-0.0009
46077.03148148		23.1113	1.0465	1.0541	-0.0007	41.7	-0.0006
46077.03171296		23.1118	1.0465	1.0542	-0.0006	41.7	-0.0005
46077.03194444		23.1119	1.0466	1.0542	-0.0006	41.7	-0.0005
46077.03217593		23.1120	1.0466	1.0543	-0.0007	41.6	-0.0006
46077.03240741		23.1118	1.0467	1.0543	-0.0007	41.6	-0.0007
46077.03263889		23.1119	1.0467	1.0544	-0.0007	41.5	-0.0006
46077.03287037		23.1119	1.0466	1.0544	-0.0007	41.4	-0.0007
46077.03310185		23.1120	1.0467	1.0544	-0.0006	41.4	-0.0006
46077.03333333		23.1122	1.0467	1.0544	-0.0006	41.3	-0.0004
46077.03356481		23.1122	1.0466	1.0544	-0.0005	41.3	-0.0005
46077.03379630		23.1123	1.0468	1.0545	-0.0007	41.2	-0.0006
46077.03402778		23.1122	1.0468	1.0544	-0.0007	41.1	-0.0005
46077.03425926		23.1122	1.0469	1.0545	-0.0006	41.0	-0.0005
46077.03449074		23.1123	1.0469	1.0545	-0.0007	40.9	-0.0006
46077.03472222		23.1123	1.0470	1.0545	-0.0006	40.9	-0.0005
46077.03495370		23.1125	1.0469	1.0547	-0.0006	40.8	-0.0007
46077.03518519		23.1126	1.0469	1.0547	-0.0006	40.7	-0.0007
46077.03541667		23.1124	1.0471	1.0547	-0.0008	40.7	-0.0006
46077.03564815		23.1124	1.0471	1.0548	-0.0006	40.6	-0.0007
46077.03587963		23.1127	1.0471	1.0547	-0.0006	40.6	-0.0006
46077.03611111		23.1123	1.0473	1.0548	-0.0009	40.5	-0.0006
46077.03634259		23.1126	1.0470	1.0548	-0.0006	40.4	-0.0007
46077.03657407		23.1128	1.0471	1.0549	-0.0007	40.4	-0.0007
46077.03680556		23.1128	1.0471	1.0549	-0.0007	40.3	-0.0006
46077.03703704		23.1126	1.0471	1.0549	-0.0007	40.3	-0.0007
46077.03726852		23.1126	1.0473	1.0548	-0.0005	40.2	-0.0007
46077.03750000		23.1127	1.0472	1.0549	-0.0006	40.1	-0.0006
46077.03773148		23.1130	1.0473	1.0549	-0.0007	40.1	-0.0006
46077.03796296		23.1128	1.0473	1.0550	-0.0007	40.0	-0.0007
46077.03819444		23.1132	1.0474	1.0550	-0.0005	40.0	-0.0006
46077.03842593		23.1132	1.0473	1.0550	-0.0007	39.9	-0.0006
46077.03865741		23.1130	1.0474	1.0550	-0.0006	39.9	-0.0005
46077.03888889		23.1130	1.0474	1.0550	-0.0006	39.8	-0.0006
46077.03912037		23.1131	1.0475	1.0549	-0.0006	39.8	-0.0006
46077.03935185		23.1130	1.0474	1.0550	-0.0005	39.7	-0.0006
46077.03958333		23.1133	1.0474	1.0551	-0.0007	39.6	-0.0006
46077.03981481		23.1129	1.0475	1.0551	-0.0007	39.6	-0.0005
46077.04004630		23.1133	1.0476	1.0552	-0.0007	39.5	-0.0007
46077.04027778		23.1133	1.0476	1.0550	-0.0006	39.4	-0.0007
46077.04050926		23.1131	1.0477	1.0552	-0.0007	39.4	-0.0006
46077.04074074		23.1130	1.0476	1.0551	-0.0007	39.3	-0.0007
46077.04097222		23.1132	1.0475	1.0552	-0.0007	39.2	-0.0005
46077.04120370		23.1134	1.0476	1.0553	-0.0006	39.1	-0.0006
46077.04143519		23.1134	1.0476	1.0551	-0.0006	39.1	-0.0005
46077.04166667		23.1134	1.0477	1.0553	-0.0006	39.1	-0.0006
46077.04189815		23.1132	1.0477	1.0553	-0.0008	39.0	-0.0006
46077.04212963		23.1134	1.0475	1.0551	-0.0007	38.9	-0.0005
46077.04236111		23.1135	1.0478	1.0552	-0.0007	38.9	-0.0007
46077.04259259		23.1135	1.0477	1.0554	-0.0008	38.8	-0.0007
46077.04282407		23.1131	1.0477	1.0553	-0.0007	38.8	-0.0006
46077.04305556		23.1131	1.0478	1.0553	-0.0006	38.7	-0.0005
46077.04328704		23.1136	1.0478	1.0553	-0.0008	38.6	-0.0006
46077.04351852		23.1132	1.0478	1.0553	-0.0007	38.6	-0.0006
46077.04375000		23.1133	1.0477	1.0553	-0.0007	38.4	-0.0006
46077.04398148		23.1135	1.0477	1.0553	-0.0006	38.4	-0.0005
46077.04421296		23.1132	1.0478	1.0553	-0.0006	38.3	-0.0006
46077.04444444		23.1137	1.0478	1.0554	-0.0007	38.3	-0.0006
46077.04467593		23.1135	1.0478	1.0553	-0.0008	38.1	-0.0006
46077.04490741		23.1131	1.0479	1.0554	-0.0008	38.1	-0.0007
46077.04513889		23.1132	1.0478	1.0554	-0.0007	38.0	-0.0006
46077.04537037		23.1133	1.0479	1.0554	-0.0007	38.0	-0.0006
46077.04560185		23.1135	1.0479	1.0553	-0.0006	38.0	-0.0007
46077.04583333		23.1135	1.0479	1.0555	-0.0008	37.9	-0.0008
46077.04606481		23.1134	1.0479	1.0553	-0.0008	37.9	-0.0005
46077.04629630		23.1135	1.0479	1.0555	-0.0007	37.7	-0.0006
46077.04652778		23.1136	1.0479	1.0553	-0.0008	37.7	-0.0005
46077.04675926		23.1135	1.0480	1.0554	-0.0007	37.6	-0.0005
46077.04699074		23.1132	1.0480	1.0556	-0.0006	37.6	-0.0008
46077.04722222		23.1133	1.0479	1.0555	-0.0006	37.6	-0.0006
46077.04745370		23.1132	1.0480	1.0556	-0.0006	37.5	-0.0007
46077.04768519		23.1138	1.0480	1.0556	-0.0008	37.5	-0.0006
46077.04791667		23.1136	1.0480	1.0556	-0.0007	37.4	-0.0006
46077.04814815		23.1136	1.0480	1.0556	-0.0007	37.4	-0.0007
46077.04837963		23.1138	1.0480	1.0557	-0.0007	37.3	-0.0008
46077.04861111		23.1135	1.0479	1.0554	-0.0007	37.2	-0.0005
46077.04884259		23.1138	1.0480	1.0556	-0.0008	37.2	-0.0007
46077.04907407		23.1137	1.0480	1.0556	-0.0007	37.1	-0.0007
46077.04930556		23.1137	1.0480	1.0555	-0.0007	37.1	-0.0005
46077.04953704		23.1137	1.0481	1.0557	-0.0006	37.1	-0.0007
46077.04976852		23.1138	1.0481	1.0555	-0.0006	37.0	-0.0006
46077.05000000		23.1138	1.0480	1.0557	-0.0007	36.9	-0.0008
46077.05023148		23.1135	1.0480	1.0556	-0.0006	36.9	-0.0005
46077.05046296		23.1135	1.0480	1.0557	-0.0007	36.8	-0.0005
46077.05069444		23.1138	1.0482	1.0557	-0.0007	36.8	-0.0006
46077.05092593		23.1138	1.0481	1.0557	-0.0006	36.7	-0.0006
46077.05115741		23.1137	1.0482	1.0558	-0.0008	36.7	-0.0006
46077.05138889		23.1136	1.0482	1.0557	-0.0008	36.6	-0.0006
46077.05162037		23.1133	1.0481	1.0558	-0.0006	36.5	-0.0006
46077.05185185		23.1133	1.0482	1.0557	-0.0007	36.4	-0.0006
46077.05208333		23.1136	1.0482	1.0557	-0.0006	36.4	-0.0007
46077.05231481		23.1136	1.0482	1.0557	-0.0005	36.3	-0.0006
46077.05254630		23.1134	1.0482	1.0559	-0.0006	36.3	-0.0006
46077.05277778		23.1132	1.0482	1.0557	-0.0008	36.3	-0.0005
46077.05300926		23.1135	1.0484	1.0559	-0.0006	36.2	-0.0007
46077.05324074		23.1131	1.0481	1.0558	-0.0007	36.1	-0.0005
46077.05347222		23.1136	1.0483	1.0559	-0.0008	36.1	-0.0007
46077.05370370		23.1135	1.0483	1.0558	-0.0006	36.0	-0.0007
46077.05393519		23.1136	1.0483	1.0557	-0.0006	36.0	-0.0005
46077.05416667		23.1135	1.0483	1.0557	-0.0007	35.9	-0.0005
46077.05439815		23.1132	1.0482	1.0558	-0.0008	35.8	-0.0007
46077.05462963		23.1135	1.0483	1.0557	-0.0006	35.7	-0.0006
46077.05486111		23.1136	1.0483	1.0559	-0.0007	35.6	-0.0007
46077.05509259		23.1143	1.0483	1.0559	-0.0006	35.6	-0.0006
46077.05532407		23.1137	1.0483	1.0559	-0.0007	35.5	-0.0005
46077.05555556		23.1134	1.0483	1.0558	-0.0006	35.4	-0.0005
46077.05578704		23.1136	1.0483	1.0558	-0.0006	35.4	-0.0006
46077.05601852		23.1133	1.0483	1.0558	-0.0007	35.4	-0.0007
46077.05625000		23.1135	1.0483	1.0558	-0.0004	35.3	-0.0006
46077.05648148		23.1136	1.0483	1.0559	-0.0007	35.2	-0.0005
46077.05671296		23.1137	1.0484	1.0558	-0.0007	35.2	-0.0007
46077.05694444		23.1134	1.0484	1.0559	-0.0006	35.2	-0.0005
46077.05717593		23.1137	1.0485	1.0559	-0.0007	35.1	-0.0007
46077.05740741		23.1142	1.0484	1.0560	-0.0007	35.1	-0.0006
46077.05763889		23.1141	1.0484	1.0559	-0.0007	35.0	-0.0006
46077.05787037		23.1135	1.0485	1.0560	-0.0008	35.0	-0.0008
46077.05810185		23.1136	1.0484	1.0560	-0.0005	34.9	-0.0005
46077.05833333		23.1136	1.0485	1.0560	-0.0007	34.8	-0.0007
46077.05856481		23.1135	1.0485	1.0559	-0.0007	34.8	-0.0006
46077.05879630		23.1134	1.0484	1.0560	-0.0007	34.8	-0.0008
46077.05902778		23.1138	1.0485	1.0559	-0.0007	34.7	-0.0007
46077.05925926		23.1136	1.0485	1.0559	-0.0007	34.6	-0.0006
46077.05949074		23.1133	1.0485	1.0560	-0.0007	34.6	-0.0006
46077.05972222		23.1134	1.0485	1.0561	-0.0008	34.6	-0.0007
46077.05995370		23.1135	1.0486	1.0561	-0.0007	34.5	-0.0007
46077.06018519		23.1135	1.0485	1.0560	-0.0006	34.5	-0.0007
46077.06041667		23.1134	1.0487	1.0561	-0.0006	34.4	-0.0007
46077.06064815		23.1136	1.0485	1.0561	-0.0007	34.4	-0.0007
46077.06087963		23.1139	1.0486	1.0559	-0.0007	34.3	-0.0005
46077.06111111		23.1137	1.0486	1.0561	-0.0005	34.3	-0.0005
46077.06134259		23.1138	1.0487	1.0562	-0.0007	34.2	-0.0007
46077.06157407		23.1134	1.0486	1.0561	-0.0007	34.2	-0.0007
46077.06180556		23.1137	1.0487	1.0562	-0.0007	34.2	-0.0006
46077.06203704		23.1137	1.0486	1.0559	-0.0006	34.1	-0.0005
46077.06226852		23.1135	1.0486	1.0560	-0.0008	34.1	-0.0005
46077.06250000		23.1135	1.0486	1.0561	-0.0007	34.0	-0.0006
46077.06273148		23.1137	1.0486	1.0561	-0.0006	34.0	-0.0005
46077.06296296		23.1137	1.0486	1.0561	-0.0007	34.0	-0.0006
46077.06319444		23.1136	1.0486	1.0562	-0.0008	33.9	-0.0005
46077.06342593		23.1138	1.0485	1.0560	-0.0005	33.9	-0.0005
46077.06365741		23.1138	1.0487	1.0561	-0.0007	33.8	-0.0006
46077.06388889		23.1137	1.0487	1.0560	-0.0007	33.8	-0.0005
46077.06412037		23.1140	1.0487	1.0561	-0.0006	33.8	-0.0006
46077.06435185		23.1138	1.0487	1.0561	-0.0007	33.7	-0.0005
46077.06458333		23.1139	1.0486	1.0562	-0.0007	33.7	-0.0006
46077.06481481		23.1138	1.0487	1.0563	-0.0007	33.7	-0.0007
46077.06504630		23.1139	1.0487	1.0563	-0.0007	33.6	-0.0007
46077.06527778		23.1139	1.0487	1.0561	-0.0008	33.6	-0.0006
46077.06550926		23.1138	1.0487	1.0561	-0.0007	33.6	-0.0005
46077.06574074		23.1139	1.0488	1.0562	-0.0007	33.5	-0.0007
46077.06597222		23.1141	1.0487	1.0562	-0.0005	33.5	-0.0007
46077.06620370		23.1138	1.0487	1.0563	-0.0006	33.4	-0.0007
46077.06643519		23.1138	1.0488	1.0562	-0.0008	33.4	-0.0007
46077.06666667		23.1141	1.0487	1.0563	-0.0007	33.4	-0.0005
46077.06689815		23.1136	1.0488	1.0562	-0.0007	33.3	-0.0006
46077.06712963		23.1137	1.0487	1.0563	-0.0007	33.3	-0.0005
46077.06736111		23.1137	1.0488	1.0562	-0.0007	33.2	-0.0006
46077.06759259		23.1139	1.0487	1.0563	-0.0008	33.2	-0.0006
46077.06782407		23.1137	1.0488	1.0563	-0.0007	33.1	-0.0006
46077.06805556		23.1138	1.0488	1.0562	-0.0007	33.1	-0.0007
46077.06828704		23.1138	1.0487	1.0562	-0.0007	33.1	-0.0006
46077.06851852		23.1138	1.0488	1.0563	-0.0008	33.0	-0.0007
46077.06875000		23.1135	1.0487	1.0562	-0.0007	33.0	-0.0005
46077.06898148		23.1134	1.0488	1.0563	-0.0007	33.0	-0.0006
46077.06921296		23.1133	1.0488	1.0563	-0.0007	32.9	-0.0007
46077.06944444		23.1136	1.0487	1.0564	-0.0007	32.9	-0.0006
46077.06967593		23.1136	1.0489	1.0562	-0.0007	32.9	-0.0004
46077.06990741		23.1137	1.0487	1.0562	-0.0007	32.8	-0.0007
46077.07013889		23.1134	1.0489	1.0561	-0.0007	32.8	-0.0004
46077.07037037		23.1132	1.0489	1.0564	-0.0007	32.8	-0.0007
46077.07060185		23.1135	1.0488	1.0563	-0.0007	32.7	-0.0004
46077.07083333		23.1136	1.0489	1.0562	-0.0007	32.7	-0.0006
46077.07106481		23.1137	1.0488	1.0562	-0.0007	32.6	-0.0005
46077.07129630		23.1136	1.0488	1.0563	-0.0008	32.6	-0.0007
46077.07152778		23.1136	1.0488	1.0563	-0.0007	32.6	-0.0006
46077.07175926		23.1136	1.0489	1.0562	-0.0008	32.5	-0.0005
46077.07199074		23.1134	1.0488	1.0561	-0.0007	32.5	-0.0005
46077.07222222		23.1135	1.0488	1.0563	-0.0008	32.5	-0.0006
46077.07245370		23.1136	1.0488	1.0562	-0.0007	32.4	-0.0007
46077.07268519		23.1139	1.0489	1.0561	-0.0006	32.4	-0.0005
46077.07291667		23.1137	1.0488	1.0563	-0.0007	32.4	-0.0008
46077.07314815		23.1134	1.0488	1.0562	-0.0005	32.3	-0.0006
46077.07337963		23.1136	1.0489	1.0562	-0.0007	32.3	-0.0005
46077.07361111		23.1134	1.0489	1.0562	-0.0007	32.3	-0.0006
46077.07384259		23.1135	1.0488	1.0562	-0.0007	32.2	-0.0006
46077.07407407		23.1136	1.0487	1.0563	-0.0008	32.2	-0.0007
46077.07430556		23.1135	1.0488	1.0561	-0.0007	32.2	-0.0006
46077.07453704		23.1134	1.0489	1.0561	-0.0006	32.2	-0.0006
46077.07476852		23.1134	1.0488	1.0562	-0.0007	32.1	-0.0006
46077.07500000		23.1136	1.0488	1.0562	-0.0006	32.1	-0.0006
46077.07523148		23.1134	1.0488	1.0562	-0.0008	32.1	-0.0005
46077.07546296		23.1135	1.0488	1.0562	-0.0007	32.0	-0.0006
46077.07569444		23.1135	1.0488	1.0561	-0.0006	32.0	-0.0006
46077.07592593		23.1133	1.0487	1.0563	-0.0006	32.0	-0.0006
46077.07615741		23.1134	1.0486	1.0562	-0.0008	32.0	-0.0006
46077.07638889		23.1135	1.0488	1.0562	-0.0005	31.9	-0.0005
46077.07662037		23.1134	1.0488	1.0562	-0.0007	31.9	-0.0007
46077.07685185		23.1132	1.0488	1.0561	-0.0007	31.9	-0.0005
46077.07708333		23.1135	1.0487	1.0561	-0.0006	31.9	-0.0005
46077.07731481		23.1138	1.0487	1.0562	-0.0006	31.8	-0.0007
46077.07754630		23.1136	1.0487	1.0562	-0.0007	31.8	-0.0006
46077.07777778		23.1134	1.0487	1.0561	-0.0007	31.7	-0.0006
46077.07800926		23.1137	1.0488	1.0561	-0.0006	31.7	-0.0005
46077.07824074		23.1137	1.0487	1.0561	-0.0005	31.7	-0.0006
46077.07847222		23.1134	1.0487	1.0563	-0.0008	31.6	-0.0006
46077.07870370		23.1134	1.0486	1.0562	-0.0007	31.6	-0.0006
46077.07893519		23.1138	1.0488	1.0562	-0.0008	31.6	-0.0005
46077.07916667		23.1137	1.0487	1.0560	-0.0006	31.6	-0.0006
46077.07939815		23.1136	1.0487	1.0561	-0.0008	31.6	-0.0007
46077.07962963		23.1139	1.0487	1.0561	-0.0007	31.6	-0.0007
46077.07986111		23.1137	1.0487	1.0560	-0.0008	31.5	-0.0006
46077.08009259		23.1138	1.0487	1.0561	-0.0007	31.5	-0.0005
46077.08032407		23.1136	1.0486	1.0562	-0.0007	31.5	-0.0007
46077.08055556		23.1135	1.0487	1.0561	-0.0006	31.4	-0.0006
46077.08078704		23.1134	1.0487	1.0559	-0.0006	31.4	-0.0005
46077.08101852		23.1137	1.0487	1.0561	-0.0008	31.4	-0.0007
46077.08125000		23.1137	1.0486	1.0560	-0.0007	31.3	-0.0007
46077.08148148		23.1133	1.0487	1.0561	-0.0008	31.3	-0.0006
46077.08171296		23.1135	1.0487	1.0561	-0.0008	31.3	-0.0007
46077.08194444		23.1135	1.0487	1.0562	-0.0007	31.3	-0.0007
46077.08217593		23.1139	1.0487	1.0561	-0.0006	31.2	-0.0006
46077.08240741		23.1136	1.0487	1.0561	-0.0006	31.2	-0.0007
46077.08263889		23.1137	1.0486	1.0562	-0.0006	31.2	-0.0007
46077.08287037		23.1137	1.0485	1.0561	-0.0007	31.2	-0.0008
46077.08310185		23.1135	1.0486	1.0562	-0.0006	31.1	-0.0006
46077.08333333		23.1137	1.0487	1.0561	-0.0008	31.1	-0.0006
46077.08356481		23.1140	1.0487	1.0562	-0.0006	31.1	-0.0007
46077.08379630		23.1137	1.0486	1.0561	-0.0007	31.0	-0.0005
46077.08402778		23.1138	1.0487	1.0560	-0.0007	31.1	-0.0006
46077.08425926		23.1138	1.0486	1.0560	-0.0006	31.0	-0.0006
46077.08449074		23.1135	1.0486	1.0562	-0.0007	31.0	-0.0008
46077.08472222		23.1140	1.0486	1.0559	-0.0006	31.0	-0.0006
46077.08495370		23.1140	1.0485	1.0560	-0.0007	31.0	-0.0005
46077.08518519		23.1139	1.0487	1.0561	-0.0008	31.0	-0.0007
46077.08541667		23.1140	1.0486	1.0560	-0.0006	30.9	-0.0006
46077.08564815		23.1139	1.0486	1.0561	-0.0006	30.9	-0.0006
46077.08587963		23.1138	1.0486	1.0560	-0.0007	30.9	-0.0007
46077.08611111		23.1133	1.0485	1.0560	-0.0007	30.8	-0.0006
46077.08634259		23.1140	1.0484	1.0560	-0.0006	30.8	-0.0006
46077.08657407		23.1139	1.0484	1.0559	-0.0007	30.8	-0.0005
46077.08680556		23.1140	1.0486	1.0560	-0.0007	30.8	-0.0006
46077.08703704		23.1137	1.0486	1.0560	-0.0008	30.8	-0.0006
46077.08726852		23.1138	1.0487	1.0559	-0.0007	30.8	-0.0006
46077.08750000		23.1139	1.0485	1.0561	-0.0007	30.7	-0.0007
46077.08773148		23.1136	1.0485	1.0560	-0.0006	30.7	-0.0007
46077.08796296		23.1138	1.0485	1.0558	-0.0007	30.6	-0.0005
46077.08819444		23.1140	1.0486	1.0558	-0.0008	30.6	-0.0005
46077.08842593		23.1136	1.0484	1.0560	-0.0007	30.6	-0.0007
46077.08865741		23.1136	1.0485	1.0560	-0.0007	30.6	-0.0006
46077.08888889		23.1138	1.0486	1.0559	-0.0007	30.6	-0.0007
46077.08912037		23.1136	1.0486	1.0559	-0.0007	30.6	-0.0007
46077.08935185		23.1139	1.0484	1.0559	-0.0007	30.5	-0.0005
46077.08958333		23.1137	1.0485	1.0561	-0.0007	30.5	-0.0007
46077.08981481		23.1137	1.0486	1.0559	-0.0006	30.4	-0.0005
46077.09004630		23.1136	1.0484	1.0560	-0.0007	30.4	-0.0007
46077.09027778		23.1143	1.0484	1.0559	-0.0006	30.4	-0.0006
46077.09050926		23.1129	1.0485	1.0559	-0.0006	30.4	-0.0006
46077.09074074		23.1135	1.0485	1.0558	-0.0006	30.4	-0.0006
46077.09097222		23.1137	1.0484	1.0559	-0.0007	30.4	-0.0007
46077.09120370		23.1135	1.0484	1.0558	-0.0007	30.3	-0.0006
46077.09143519		23.1133	1.0485	1.0559	-0.0007	30.3	-0.0007
46077.09166667		23.1135	1.0484	1.0558	-0.0007	30.3	-0.0007
46077.09189815		23.1136	1.0485	1.0560	-0.0007	30.3	-0.0007
46077.09212963		23.1134	1.0484	1.0559	-0.0007	30.2	-0.0007
46077.09236111		23.1132	1.0483	1.0558	-0.0007	30.2	-0.0005
46077.09259259		23.1132	1.0483	1.0558	-0.0007	30.2	-0.0007
46077.09282407		23.1138	1.0484	1.0558	-0.0007	30.2	-0.0006
46077.09305556		23.1135	1.0484	1.0559	-0.0008	30.2	-0.0008
46077.09328704		23.1134	1.0483	1.0558	-0.0008	30.1	-0.0006
46077.09351852		23.1134	1.0483	1.0558	-0.0007	30.1	-0.0006
46077.09375000		23.1134	1.0484	1.0559	-0.0006	30.1	-0.0007
46077.09398148		23.1133	1.0484	1.0558	-0.0007	30.1	-0.0007
46077.09421296		23.1130	1.0482	1.0558	-0.0007	30.0	-0.0007
46077.09444444		23.1133	1.0484	1.0559	-0.0008	30.0	-0.0007
46077.09467593		23.1136	1.0483	1.0558	-0.0007	30.0	-0.0007
46077.09490741		23.1136	1.0483	1.0557	-0.0007	30.0	-0.0007
46077.09513889		23.1134	1.0484	1.0556	-0.0006	30.0	-0.0005
46077.09537037		23.1136	1.0483	1.0557	-0.0005	30.0	-0.0006
46077.09560185		23.1137	1.0482	1.0557	-0.0007	29.9	-0.0005
46077.09583333		23.1135	1.0482	1.0557	-0.0006	29.9	-0.0006
46077.09606481		23.1137	1.0482	1.0557	-0.0006	29.9	-0.0004
46077.09629630		23.1138	1.0482	1.0557	-0.0007	29.9	-0.0006
46077.09652778		23.1135	1.0483	1.0557	-0.0006	29.9	-0.0007
46077.09675926		23.1135	1.0483	1.0557	-0.0006	29.9	-0.0006
46077.09699074		23.1133	1.0483	1.0555	-0.0007	29.9	-0.0005
46077.09722222		23.1135	1.0482	1.0556	-0.0008	29.9	-0.0007
46077.09745370		23.1136	1.0482	1.0557	-0.0008	29.9	-0.0008
46077.09768519		23.1136	1.0481	1.0557	-0.0006	29.8	-0.0007
46077.09791667		23.1137	1.0482	1.0556	-0.0007	29.8	-0.0007
46077.09814815		23.1140	1.0482	1.0556	-0.0006	29.8	-0.0006
46077.09837963		23.1137	1.0481	1.0554	-0.0007	29.8	-0.0005
46077.09861111		23.1134	1.0481	1.0556	-0.0006	29.8	-0.0007
46077.09884259		23.1139	1.0482	1.0555	-0.0006	29.8	-0.0006
46077.09907407		23.1133	1.0481	1.0556	-0.0007	29.8	-0.0007
46077.09930556		23.1137	1.0481	1.0556	-0.0007	29.7	-0.0007
46077.09953704		23.1139	1.0482	1.0556	-0.0008	29.7	-0.0007
46077.09976852		23.1136	1.0481	1.0555	-0.0008	29.7	-0.0007
46077.10000000		23.1137	1.0481	1.0555	-0.0007	29.7	-0.0008
46077.10023148		23.1134	1.0481	1.0554	-0.0007	29.7	-0.0004
46077.10046296		23.1138	1.0481	1.0554	-0.0006	29.6	-0.0006
46077.10069444		23.1139	1.0480	1.0554	-0.0006	29.6	-0.0006
46077.10092593		23.1143	1.0479	1.0554	-0.0006	29.6	-0.0006
46077.10115741		23.1136	1.0480	1.0554	-0.0007	29.6	-0.0006
46077.10138889		23.1137	1.0481	1.0553	-0.0007	29.6	-0.0005
46077.10162037		23.1137	1.0480	1.0553	-0.0008	29.6	-0.0007
46077.10185185		23.1139	1.0479	1.0554	-0.0008	29.6	-0.0006
46077.10208333		23.1137	1.0480	1.0552	-0.0007	29.6	-0.0004
46077.10231481		23.1138	1.0480	1.0554	-0.0008	29.5	-0.0007
46077.10254630		23.1142	1.0480	1.0554	-0.0007	29.5	-0.0007
46077.10277778		23.1141	1.0479	1.0553	-0.0009	29.5	-0.0006
46077.10300926		23.1139	1.0478	1.0553	-0.0007	29.5	-0.0006
46077.10324074		23.1139	1.0479	1.0552	-0.0007	29.5	-0.0005
46077.10347222		23.1138	1.0479	1.0553	-0.0006	29.4	-0.0006
46077.10370370		23.1140	1.0478	1.0554	-0.0007	29.4	-0.0008
46077.10393519		23.1142	1.0478	1.0552	-0.0006	29.4	-0.0005
46077.10416667		23.1137	1.0479	1.0552	-0.0006	29.4	-0.0006
46077.10439815		23.1142	1.0477	1.0551	-0.0006	29.4	-0.0004
46077.10462963		23.1145	1.0478	1.0552	-0.0008	29.3	-0.0006
46077.10486111		23.1144	1.0477	1.0553	-0.0006	29.3	-0.0007
46077.10509259		23.1143	1.0480	1.0551	-0.0007	29.3	-0.0005
46077.10532407		23.1144	1.0477	1.0552	-0.0006	29.3	-0.0006
46077.10555556		23.1142	1.0477	1.0552	-0.0006	29.3	-0.0006
46077.10578704		23.1145	1.0478	1.0551	-0.0007	29.2	-0.0005
46077.10601852		23.1146	1.0475	1.0553	-0.0005	29.2	-0.0007
46077.10625000		23.1147	1.0477	1.0552	-0.0007	29.2	-0.0006
46077.10648148		23.1148	1.0476	1.0552	-0.0007	29.2	-0.0006
46077.10671296		23.1146	1.0478	1.0550	-0.0007	29.2	-0.0006
46077.10694444		23.1144	1.0478	1.0551	-0.0006	29.2	-0.0006
46077.10717593		23.1146	1.0477	1.0550	-0.0007	29.2	-0.0005
46077.10740741		23.1144	1.0477	1.0552	-0.0007	29.2	-0.0006
46077.10763889		23.1147	1.0476	1.0551	-0.0008	29.2	-0.0006
46077.10787037		23.1147	1.0477	1.0550	-0.0007	29.1	-0.0005
46077.10810185		23.1148	1.0476	1.0550	-0.0006	29.1	-0.0006
46077.10833333		23.1145	1.0477	1.0551	-0.0007	29.1	-0.0006
46077.10856481		23.1150	1.0475	1.0551	-0.0006	29.1	-0.0006
46077.10879630		23.1147	1.0475	1.0552	-0.0007	29.1	-0.0007
46077.10902778		23.1148	1.0475	1.0550	-0.0006	29.1	-0.0007
46077.10925926		23.1147	1.0476	1.0551	-0.0007	29.0	-0.0006
46077.10949074		23.1149	1.0476	1.0551	-0.0006	29.0	-0.0006
46077.10972222		23.1143	1.0476	1.0550	-0.0007	29.0	-0.0006
46077.10995370		23.1147	1.0476	1.0551	-0.0007	29.0	-0.0006
46077.11018519		23.1149	1.0477	1.0551	-0.0006	28.9	-0.0006
46077.11041667		23.1142	1.0476	1.0551	-0.0006	28.9	-0.0006
46077.11064815		23.1145	1.0477	1.0551	-0.0008	28.9	-0.0006
46077.11087963		23.1145	1.0476	1.0550	-0.0006	28.9	-0.0006
46077.11111111		23.1144	1.0475	1.0552	-0.0006	28.9	-0.0006
46077.11134259		23.1145	1.0476	1.0551	-0.0007	28.9	-0.0005
46077.11157407		23.1144	1.0475	1.0550	-0.0005	28.8	-0.0005
46077.11180556		23.1145	1.0476	1.0549	-0.0006	28.8	-0.0005
46077.11203704		23.1144	1.0475	1.0550	-0.0007	28.8	-0.0006
46077.11226852		23.1148	1.0475	1.0550	-0.0008	28.8	-0.0007
46077.11250000		23.1148	1.0475	1.0550	-0.0005	28.8	-0.0007
46077.11273148		23.1147	1.0474	1.0550	-0.0007	28.8	-0.0005
46077.11296296		23.1146	1.0476	1.0551	-0.0006	28.7	-0.0007
46077.11319444		23.1147	1.0475	1.0552	-0.0008	28.7	-0.0008
46077.11342593		23.1145	1.0476	1.0550	-0.0006	28.7	-0.0005
