11032026




Time	Temp 	Temp SP	    	    	    	CE1	CE2	CE3	CE4	CE5	Spare	Spare	Probe 1	Probe 2	Probe 3	Probe 4	Dev Alarm	N/C	Chamber On	WOP Temp	WOP Hum	I/C	1st LP	1st HP	2nd LP	2nd HP	1st Comp A	2nd Comp A	Inlet Water	Outlet Water	Smoke Det	Fan Mot Temp	


0	23.1	22.0	-	-	-	Off	Off	Off	Off	Off			0.4	-4.4	0.1	0.1	Off	Off	Off	-90.6	0.0	-4.4	6.9	6.2	3.7	7.5	0.1	0.1	-350.0	-350.0	-350.0	-350.0	-350.0	-350.0	
60	23.1	22.0	-	-	-	Off	Off	Off	Off	Off			0.4	-4.4	0.1	0.1	Off	Off	Off	-92.2	0.0	-4.4	6.9	6.2	3.7	7.5	0.1	0.1	-350.0	-350.0	-350.0	-350.0	-350.0	-350.0	
120	23.1	22.0	-	-	-	Off	Off	Off	Off	Off			0.4	-4.3	0.1	0.1	Off	Off	Off	-93.8	0.0	-4.3	6.9	6.3	3.7	7.5	0.1	0.1	-350.0	-350.0	-350.0	-350.0	-350.0	-350.0	
180	23.3	15.0	-	-	-	Off	Off	Off	Off	Off			0.4	-8.7	15.6	0.1	Off	Off	On	-100.0	0.0	-8.7	1.4	10.2	3.7	8.0	15.6	0.1	-350.0	-350.0	-350.0	-350.0	-350.0	-350.0	
240	12.0	15.0	-	-	-	Off	Off	Off	Off	Off			0.2	-10.1	14.5	19.1	Off	Off	On	-31.3	0.0	-10.1	1.0	9.5	2.5	14.2	14.5	19.1	-350.0	-350.0	-350.0	-350.0	-350.0	-350.0	
300	1.8	15.0	-	-	-	Off	Off	Off	Off	Off			0.2	-17.0	14.7	17.0	Off	Off	On	100.0	0.0	-16.6	0.9	9.7	2.2	9.8	14.7	17.0	-350.0	-350.0	-350.0	-350.0	-350.0	-350.0	
360	18.2	15.0	-	-	-	Off	Off	Off	Off	Off			0.2	-24.4	14.0	16.6	Off	Off	On	-26.7	0.0	-24.4	0.7	9.5	2.1	9.1	14.0	16.6	-350.0	-350.0	-350.0	-350.0	-350.0	-350.0	
420	28.2	-54.0	-	-	-	Off	Off	Off	Off	Off			0.2	-23.3	14.6	18.0	Off	Off	On	-100.0	0.0	-23.3	0.9	9.4	2.1	14.3	14.6	18.0	-350.0	-350.0	-350.0	-350.0	-350.0	-350.0	
480	3.9	-54.0	-	-	-	Off	Off	Off	Off	Off			0.2	-10.7	15.8	17.8	Off	Off	On	-55.2	0.0	-10.7	1.5	9.9	2.2	13.0	15.8	17.8	-350.0	-350.0	-350.0	-350.0	-350.0	-350.0	
540	-4.2	-54.0	-	-	-	Off	Off	Off	Off	Off			0.2	-18.2	15.2	17.1	Off	Off	On	-100.0	0.0	-18.2	1.2	9.8	1.9	12.4	15.2	17.1	-350.0	-350.0	-350.0	-350.0	-350.0	-350.0	
600	-20.9	-54.0	-	-	-	Off	Off	Off	Off	Off			0.2	-9.5	15.9	17.9	Off	Off	On	-84.1	0.0	-9.5	1.5	10.2	2.1	15.0	15.9	17.9	-350.0	-350.0	-350.0	-350.0	-350.0	-350.0	
660	-32.5	-54.0	-	-	-	Off	Off	Off	Off	Off			0.2	-13.3	15.3	17.3	Off	Off	On	-88.7	0.0	-13.3	1.2	10.1	1.9	12.9	15.3	17.0	-350.0	-350.0	-350.0	-350.0	-350.0	-350.0	
720	-41.2	-54.0	-	-	-	Off	Off	Off	Off	Off			0.2	-8.4	16.4	16.3	Off	Off	On	-100.0	0.0	-8.4	1.7	10.7	1.6	13.2	16.4	16.3	-350.0	-350.0	-350.0	-350.0	-350.0	-350.0	
780	-49.3	-54.0	-	-	-	Off	Off	Off	Off	Off			0.2	-15.1	15.3	16.1	Off	Off	On	-90.7	0.0	-15.1	1.2	10.3	1.6	12.0	15.3	16.1	-350.0	-350.0	-350.0	-350.0	-350.0	-350.0	
840	-53.4	-54.0	-	-	-	Off	Off	Off	Off	Off			0.2	-10.4	15.1	16.0	Off	Off	On	-79.8	0.0	-10.4	1.2	9.8	1.6	11.8	15.1	16.0	-350.0	-350.0	-350.0	-350.0	-350.0	-350.0	
900	-55.0	-54.0	-	-	-	Off	Off	Off	Off	Off			0.1	-20.6	15.1	15.5	Off	Off	On	-73.6	0.0	-20.6	1.2	9.9	1.5	10.3	15.1	15.5	-350.0	-350.0	-350.0	-350.0	-350.0	-350.0	
960	-56.1	-54.0	-	-	-	Off	Off	Off	Off	Off			0.2	-26.2	14.6	15.9	Off	Off	On	-57.6	0.0	-26.2	1.0	9.9	1.7	9.5	14.6	15.9	-350.0	-350.0	-350.0	-350.0	-350.0	-350.0	
1020	-56.9	-54.0	-	-	-	Off	Off	Off	Off	Off			0.2	-30.4	14.0	15.8	Off	Off	On	-45.1	0.0	-30.2	0.8	9.6	1.7	8.8	14.0	15.7	-350.0	-350.0	-350.0	-350.0	-350.0	-350.0	
1080	-53.6	-54.0	-	-	-	Off	Off	Off	Off	Off			0.2	-34.1	14.0	16.2	Off	Off	On	-33.3	0.0	-34.1	0.7	8.9	1.9	8.9	14.0	16.2	-350.0	-350.0	-350.0	-350.0	-350.0	-350.0	
1140	-50.8	-54.0	-	-	-	Off	Off	Off	Off	Off			0.2	-33.0	14.5	16.6	Off	Off	On	-41.1	0.0	-33.0	1.0	9.1	1.9	9.6	14.5	16.6	-350.0	-350.0	-350.0	-350.0	-350.0	-350.0	
1200	-51.4	-54.0	-	-	-	Off	Off	Off	Off	Off			0.2	-32.7	14.5	16.5	Off	Off	On	-46.3	0.0	-32.7	1.0	9.1	1.9	9.7	14.5	16.5	-350.0	-350.0	-350.0	-350.0	-350.0	-350.0	
1260	-52.5	-54.0	-	-	-	Off	Off	Off	Off	Off			0.2	-31.1	14.6	16.5	Off	Off	On	-44.5	0.0	-31.1	1.1	9.4	1.9	9.7	14.6	16.5	-350.0	-350.0	-350.0	-350.0	-350.0	-350.0	
1320	-53.4	-54.0	-	-	-	Off	Off	Off	Off	Off			0.2	-32.8	14.3	16.5	Off	Off	On	-43.0	0.0	-32.8	0.9	8.9	1.9	10.0	14.3	16.5	-350.0	-350.0	-350.0	-350.0	-350.0	-350.0	
1380	-54.7	-54.0	-	-	-	Off	Off	Off	Off	Off			0.2	-32.8	14.4	16.2	Off	Off	On	-31.3	0.0	-32.7	1.0	8.9	1.9	9.3	14.4	16.3	-350.0	-350.0	-350.0	-350.0	-350.0	-350.0	
1440	-55.1	-54.0	-	-	-	Off	Off	Off	Off	Off			0.2	-34.4	14.5	16.5	Off	Off	On	-29.3	0.0	-34.4	1.0	8.9	1.9	9.3	14.5	16.5	-350.0	-350.0	-350.0	-350.0	-350.0	-350.0	
1500	-54.9	-54.0	-	-	-	Off	Off	Off	Off	Off			0.2	-35.0	14.5	16.5	Off	Off	On	-27.6	0.0	-35.0	1.1	8.9	1.9	9.5	14.5	16.5	-350.0	-350.0	-350.0	-350.0	-350.0	-350.0	
1560	-54.6	-54.0	-	-	-	Off	Off	Off	Off	Off			0.2	-35.5	14.5	16.6	Off	Off	On	-28.3	0.0	-35.5	1.0	8.9	2.0	9.5	14.5	16.6	-350.0	-350.0	-350.0	-350.0	-350.0	-350.0	
1620	-54.3	-54.0	-	-	-	Off	Off	Off	Off	Off			0.2	-35.8	14.4	16.6	Off	Off	On	-27.8	0.0	-35.8	1.0	8.7	2.0	9.5	14.4	16.6	-350.0	-350.0	-350.0	-350.0	-350.0	-350.0	
1680	-54.3	-54.0	-	-	-	Off	Off	Off	Off	Off			0.2	-36.3	14.3	16.5	Off	Off	On	-27.2	0.0	-36.3	0.9	8.6	2.0	9.3	14.3	16.5	-350.0	-350.0	-350.0	-350.0	-350.0	-350.0	
1740	-54.2	-54.0	-	-	-	Off	Off	Off	Off	Off			0.2	-36.8	14.3	16.5	Off	Off	On	-26.8	0.0	-36.7	1.0	8.7	2.0	9.3	14.4	16.5	-350.0	-350.0	-350.0	-350.0	-350.0	-350.0	
1800	-54.3	-54.0	-	-	-	Off	Off	Off	Off	Off			0.2	-37.2	14.4	16.5	Off	Off	On	-25.3	0.0	-37.2	1.0	8.8	2.0	9.3	14.4	16.5	-350.0	-350.0	-350.0	-350.0	-350.0	-350.0	
1860	-54.3	-54.0	-	-	-	Off	Off	Off	Off	Off			0.2	-37.6	14.4	16.5	Off	Off	On	-24.8	0.0	-37.6	1.0	8.8	2.0	9.3	14.4	16.5	-350.0	-350.0	-350.0	-350.0	-350.0	-350.0	
1920	-54.2	-54.0	-	-	-	Off	Off	Off	Off	Off			0.2	-37.8	14.4	16.5	Off	Off	On	-24.9	0.0	-37.8	1.0	8.7	2.0	9.3	14.4	16.5	-350.0	-350.0	-350.0	-350.0	-350.0	-350.0	
1980	-54.1	-54.0	-	-	-	Off	Off	Off	Off	Off			0.2	-38.0	14.2	16.5	Off	Off	On	-24.9	0.0	-38.0	0.9	8.7	2.0	9.2	14.2	16.5	-350.0	-350.0	-350.0	-350.0	-350.0	-350.0	
2040	-54.1	-54.0	-	-	-	Off	Off	Off	Off	Off			0.2	-38.2	14.2	16.4	Off	Off	On	-24.5	0.0	-38.2	0.9	8.7	2.0	9.2	14.2	16.4	-350.0	-350.0	-350.0	-350.0	-350.0	-350.0	
2100	-54.1	-54.0	-	-	-	Off	Off	Off	Off	Off			0.2	-38.6	14.3	16.4	Off	Off	On	-23.5	0.0	-38.6	0.9	8.6	2.0	9.0	14.3	16.4	-350.0	-350.0	-350.0	-350.0	-350.0	-350.0	
2160	-54.2	-54.0	-	-	-	Off	Off	Off	Off	Off			0.2	-39.1	14.2	16.3	Off	Off	On	-23.0	0.0	-39.1	0.9	8.7	2.0	9.0	14.2	16.3	-350.0	-350.0	-350.0	-350.0	-350.0	-350.0	
2220	-54.2	-54.0	-	-	-	Off	Off	Off	Off	Off			0.2	-39.3	14.3	16.4	Off	Off	On	-22.0	0.0	-39.3	1.0	8.8	2.0	9.3	14.3	16.4	-350.0	-350.0	-350.0	-350.0	-350.0	-350.0	
2280	-54.1	-54.0	-	-	-	Off	Off	Off	Off	Off			0.2	-39.4	14.3	16.5	Off	Off	On	-22.3	0.0	-39.4	1.0	8.8	2.0	9.2	14.3	16.5	-350.0	-350.0	-350.0	-350.0	-350.0	-350.0	
2340	-54.1	-54.0	-	-	-	Off	Off	Off	Off	Off			0.2	-39.6	14.2	16.5	Off	Off	On	-22.7	0.0	-39.6	0.9	8.7	2.0	9.1	14.2	16.5	-350.0	-350.0	-350.0	-350.0	-350.0	-350.0	
2400	-54.0	-54.0	-	-	-	Off	Off	Off	Off	Off			0.2	-39.5	14.2	16.4	Off	Off	On	-23.0	0.0	-39.5	0.9	8.5	2.0	9.3	14.2	16.4	-350.0	-350.0	-350.0	-350.0	-350.0	-350.0	
2460	-54.0	-54.0	-	-	-	Off	Off	Off	Off	Off			0.2	-39.6	14.2	16.4	Off	Off	On	-22.5	0.0	-39.6	0.9	8.6	2.0	9.1	14.3	16.4	-350.0	-350.0	-350.0	-350.0	-350.0	-350.0	
2520	-54.1	-54.0	-	-	-	Off	Off	Off	Off	Off			0.2	-40.1	14.2	16.4	Off	Off	On	-21.4	0.0	-40.1	0.9	8.7	2.0	9.1	14.2	16.4	-350.0	-350.0	-350.0	-350.0	-350.0	-350.0	
2580	-54.2	-54.0	-	-	-	Off	Off	Off	Off	Off			0.2	-40.4	14.2	16.3	Off	Off	On	-20.5	0.0	-40.4	0.9	8.7	2.0	8.9	14.2	16.3	-350.0	-350.0	-350.0	-350.0	-350.0	-350.0	
2640	-54.2	-54.0	-	-	-	Off	Off	Off	Off	Off			0.2	-40.7	14.3	16.4	Off	Off	On	-20.4	0.0	-40.7	0.9	8.7	2.0	9.1	14.3	16.4	-350.0	-350.0	-350.0	-350.0	-350.0	-350.0	
2700	-54.1	-54.0	-	-	-	Off	Off	Off	Off	Off			0.2	-40.9	14.2	16.4	Off	Off	On	-20.3	0.0	-40.9	0.9	8.6	2.0	9.0	14.2	16.4	-350.0	-350.0	-350.0	-350.0	-350.0	-350.0	
2760	-54.0	-54.0	-	-	-	Off	Off	Off	Off	Off			0.2	-40.9	14.0	16.3	Off	Off	On	-20.3	0.0	-40.9	0.9	8.6	2.0	9.0	14.1	16.3	-350.0	-350.0	-350.0	-350.0	-350.0	-350.0	
2820	-54.0	-54.0	-	-	-	Off	Off	Off	Off	Off			0.2	-40.8	14.0	16.3	Off	Off	On	-20.6	0.0	-40.8	0.9	8.5	2.0	9.2	14.1	16.3	-350.0	-350.0	-350.0	-350.0	-350.0	-350.0	
2880	-54.0	-54.0	-	-	-	Off	Off	Off	Off	Off			0.2	-40.7	14.1	16.3	Off	Off	On	-20.7	0.0	-40.7	0.9	8.6	2.0	9.1	14.1	16.3	-350.0	-350.0	-350.0	-350.0	-350.0	-350.0	
2940	-54.1	-54.0	-	-	-	Off	Off	Off	Off	Off			0.2	-41.1	14.0	16.2	Off	Off	On	-19.8	0.0	-41.1	0.9	8.7	2.0	8.9	14.0	16.2	-350.0	-350.0	-350.0	-350.0	-350.0	-350.0	
3000	-54.1	-54.0	-	-	-	Off	Off	Off	Off	Off			0.2	-41.5	14.1	16.2	Off	Off	On	-19.3	0.0	-41.5	0.9	8.7	2.0	9.1	14.1	16.2	-350.0	-350.0	-350.0	-350.0	-350.0	-350.0	
3060	-54.1	-54.0	-	-	-	Off	Off	Off	Off	Off			0.2	-41.7	14.0	16.2	Off	Off	On	-18.9	0.0	-41.7	0.9	8.7	2.0	9.0	14.0	16.2	-350.0	-350.0	-350.0	-350.0	-350.0	-350.0	
3120	-54.1	-54.0	-	-	-	Off	Off	Off	Off	Off			0.2	-41.8	14.0	16.3	Off	Off	On	-19.3	0.0	-41.8	0.9	8.7	2.0	9.0	14.0	16.3	-350.0	-350.0	-350.0	-350.0	-350.0	-350.0	
3180	-54.0	-54.0	-	-	-	Off	Off	Off	Off	Off			0.2	-41.9	14.0	16.3	Off	Off	On	-19.2	0.0	-41.9	0.8	8.6	2.0	8.9	14.0	16.3	-350.0	-350.0	-350.0	-350.0	-350.0	-350.0	
3240	-54.0	-54.0	-	-	-	Off	Off	Off	Off	Off			0.2	-41.8	14.2	16.4	Off	Off	On	-19.7	0.0	-41.8	0.9	8.6	2.0	9.1	14.2	16.4	-350.0	-350.0	-350.0	-350.0	-350.0	-350.0	
3300	-54.0	-54.0	-	-	-	Off	Off	Off	Off	Off			0.2	-41.8	14.0	16.3	Off	Off	On	-19.5	0.0	-41.8	0.8	8.5	2.0	8.9	14.0	16.3	-350.0	-350.0	-350.0	-350.0	-350.0	-350.0	
3360	-54.0	-54.0	-	-	-	Off	Off	Off	Off	Off			0.2	-41.6	14.0	16.3	Off	Off	On	-19.8	0.0	-41.6	0.8	8.6	2.0	9.1	14.0	16.3	-350.0	-350.0	-350.0	-350.0	-350.0	-350.0	
3420	-54.0	-54.0	-	-	-	Off	Off	Off	Off	Off			0.2	-41.9	14.2	16.4	Off	Off	On	-19.1	0.0	-41.9	0.9	8.6	2.0	9.0	14.2	16.4	-350.0	-350.0	-350.0	-350.0	-350.0	-350.0	
3480	-54.1	-54.0	-	-	-	Off	Off	Off	Off	Off			0.2	-42.2	14.2	16.5	Off	Off	On	-18.4	0.0	-42.2	0.8	8.6	2.0	8.9	14.2	16.4	-350.0	-350.0	-350.0	-350.0	-350.0	-350.0	
3540	-54.1	-54.0	-	-	-	Off	Off	Off	Off	Off			0.2	-42.5	14.1	16.3	Off	Off	On	-18.0	0.0	-42.5	0.8	8.6	2.0	9.0	14.1	16.4	-350.0	-350.0	-350.0	-350.0	-350.0	-350.0	
3600	-54.1	-54.0	-	-	-	Off	Off	Off	Off	Off			0.2	-42.5	14.1	16.4	Off	Off	On	-18.1	0.0	-42.5	0.8	8.5	2.0	9.0	14.1	16.4	-350.0	-350.0	-350.0	-350.0	-350.0	-350.0	
3660	-54.0	-54.0	-	-	-	Off	Off	Off	Off	Off			0.2	-42.6	14.2	16.5	Off	Off	On	-18.4	0.0	-42.6	0.8	8.5	2.0	9.1	14.2	16.5	-350.0	-350.0	-350.0	-350.0	-350.0	-350.0	
3720	-54.0	-54.0	-	-	-	Off	Off	Off	Off	Off			0.2	-41.8	14.2	16.5	Off	Off	On	-18.7	0.0	-41.8	0.8	8.4	2.0	9.1	14.2	16.5	-350.0	-350.0	-350.0	-350.0	-350.0	-350.0	
3780	-54.0	-54.0	-	-	-	Off	Off	Off	Off	Off			0.2	-42.2	14.2	16.4	Off	Off	On	-18.6	0.0	-42.2	0.8	8.5	2.0	9.1	14.2	16.4	-350.0	-350.0	-350.0	-350.0	-350.0	-350.0	
3840	-54.0	-54.0	-	-	-	Off	Off	Off	Off	Off			0.2	-42.2	14.2	16.3	Off	Off	On	-18.5	0.0	-42.2	0.8	8.5	2.0	9.1	14.2	16.4	-350.0	-350.0	-350.0	-350.0	-350.0	-350.0	
3900	-54.0	-54.0	-	-	-	Off	Off	Off	Off	Off			0.2	-42.5	14.2	16.3	Off	Off	On	-18.1	0.0	-42.5	0.8	8.5	2.0	9.0	14.2	16.4	-350.0	-350.0	-350.0	-350.0	-350.0	-350.0	
3960	-54.1	-54.0	-	-	-	Off	Off	Off	Off	Off			0.2	-42.8	14.2	16.4	Off	Off	On	-17.7	0.0	-42.8	0.8	8.5	2.0	9.0	14.2	16.4	-350.0	-350.0	-350.0	-350.0	-350.0	-350.0	
4020	-54.1	-54.0	-	-	-	Off	Off	Off	Off	Off			0.3	-42.9	0.4	0.5	Off	Off	On	-17.8	0.0	-42.9	1.4	7.9	2.6	6.2	0.4	0.5	-350.0	-350.0	-350.0	-350.0	-350.0	-350.0	
4080	-52.1	-54.0	-	-	-	Off	Off	Off	Off	Off			0.2	-38.7	14.4	16.6	Off	Off	On	-29.8	0.0	-38.7	1.0	8.6	2.0	9.5	14.4	16.6	-350.0	-350.0	-350.0	-350.0	-350.0	-350.0	
4140	-53.0	-54.0	-	-	-	Off	Off	Off	Off	Off			0.2	-35.6	14.6	16.8	Off	Off	On	-35.8	0.0	-35.6	1.0	8.6	2.0	10.1	14.6	16.8	-350.0	-350.0	-350.0	-350.0	-350.0	-350.0	
4200	-52.9	-54.0	-	-	-	Off	Off	Off	Off	Off			0.2	-35.6	14.7	16.7	Off	Off	On	-35.9	0.0	-35.6	1.1	8.8	2.0	9.9	14.7	16.7	-350.0	-350.0	-350.0	-350.0	-350.0	-350.0	
4260	-53.6	-54.0	-	-	-	Off	Off	Off	Off	Off			0.2	-37.6	14.5	16.7	Off	Off	On	-34.1	0.0	-37.6	1.0	8.8	2.0	9.8	14.5	16.7	-350.0	-350.0	-350.0	-350.0	-350.0	-350.0	
4320	-54.5	-54.0	-	-	-	Off	Off	Off	Off	Off			0.2	-38.9	14.5	16.6	Off	Off	On	-27.1	0.0	-38.9	1.0	8.6	2.0	9.4	14.5	16.6	-350.0	-350.0	-350.0	-350.0	-350.0	-350.0	
4380	-54.8	-54.0	-	-	-	Off	Off	Off	Off	Off			0.2	-39.5	14.4	16.5	Off	Off	On	-24.1	0.0	-39.5	0.9	8.6	2.0	9.1	14.4	16.5	-350.0	-350.0	-350.0	-350.0	-350.0	-350.0	
4440	-54.9	-54.0	-	-	-	Off	Off	Off	Off	Off			0.2	-40.5	14.3	16.5	Off	Off	On	-20.6	0.0	-40.5	0.9	8.6	1.9	9.2	14.3	16.5	-350.0	-350.0	-350.0	-350.0	-350.0	-350.0	
4500	-54.9	-54.0	-	-	-	Off	Off	Off	Off	Off			0.2	-41.4	14.3	16.5	Off	Off	On	-18.3	0.0	-41.4	0.8	8.5	2.0	9.0	14.3	16.5	-350.0	-350.0	-350.0	-350.0	-350.0	-350.0	
4560	-54.8	-54.0	-	-	-	Off	Off	Off	Off	Off			0.2	-42.1	14.3	16.4	Off	Off	On	-16.6	0.0	-42.1	0.8	8.5	2.0	8.9	14.2	16.4	-350.0	-350.0	-350.0	-350.0	-350.0	-350.0	
4620	-54.6	-54.0	-	-	-	Off	Off	Off	Off	Off			0.2	-42.6	14.2	16.5	Off	Off	On	-16.1	0.0	-42.6	0.8	8.5	2.0	9.0	14.2	16.5	-350.0	-350.0	-350.0	-350.0	-350.0	-350.0	
4680	-54.4	-54.0	-	-	-	Off	Off	Off	Off	Off			0.2	-43.0	14.2	16.5	Off	Off	On	-16.0	0.0	-43.0	0.8	8.4	2.0	9.1	14.2	16.5	-350.0	-350.0	-350.0	-350.0	-350.0	-350.0	
4740	-54.2	-54.0	-	-	-	Off	Off	Off	Off	Off			0.2	-43.1	14.2	16.6	Off	Off	On	-16.6	0.0	-43.1	0.8	8.3	2.0	9.1	14.2	16.6	-350.0	-350.0	-350.0	-350.0	-350.0	-350.0	
4800	-54.1	-54.0	-	-	-	Off	Off	Off	Off	Off			0.2	-43.0	14.2	16.5	Off	Off	On	-16.7	0.0	-43.0	0.8	8.4	2.0	9.0	14.2	16.5	-350.0	-350.0	-350.0	-350.0	-350.0	-350.0	
4860	-54.0	-54.0	-	-	-	Off	Off	Off	Off	Off			0.2	-43.1	14.1	16.4	Off	Off	On	-16.9	0.0	-43.1	0.8	8.3	2.0	9.0	14.1	16.4	-350.0	-350.0	-350.0	-350.0	-350.0	-350.0	
4920	-54.0	-54.0	-	-	-	Off	Off	Off	Off	Off			0.2	-43.2	14.1	16.5	Off	Off	On	-16.7	0.0	-43.2	0.8	8.4	2.0	9.1	14.1	16.5	-350.0	-350.0	-350.0	-350.0	-350.0	-350.0	
4980	-54.0	-54.0	-	-	-	Off	Off	Off	Off	Off			0.2	-43.0	14.1	16.4	Off	Off	On	-17.2	0.0	-43.0	0.8	8.4	2.0	9.0	14.1	16.4	-350.0	-350.0	-350.0	-350.0	-350.0	-350.0	
5040	-54.0	-54.0	-	-	-	Off	Off	Off	Off	Off			0.2	-43.2	14.1	16.4	Off	Off	On	-16.8	0.0	-43.2	0.8	8.4	2.0	9.0	14.1	16.4	-350.0	-350.0	-350.0	-350.0	-350.0	-350.0	
5100	-54.1	-54.0	-	-	-	Off	Off	Off	Off	Off			0.2	-43.3	14.2	16.4	Off	Off	On	-16.5	0.0	-43.3	0.8	8.3	2.0	8.9	14.2	16.4	-350.0	-350.0	-350.0	-350.0	-350.0	-350.0	
5160	-54.1	-54.0	-	-	-	Off	Off	Off	Off	Off			0.2	-43.4	14.0	16.3	Off	Off	On	-16.3	0.0	-43.4	0.8	8.3	2.0	8.9	14.0	16.3	-350.0	-350.0	-350.0	-350.0	-350.0	-350.0	
5220	-54.1	-54.0	-	-	-	Off	Off	Off	Off	Off			0.2	-43.2	14.1	16.4	Off	Off	On	-15.9	0.0	-43.2	0.8	8.3	2.0	8.9	14.1	16.4	-350.0	-350.0	-350.0	-350.0	-350.0	-350.0	
5280	-54.0	-54.0	-	-	-	Off	Off	Off	Off	Off			0.2	-43.3	14.0	16.3	Off	Off	On	-16.0	0.0	-43.3	0.8	8.4	2.0	8.9	14.0	16.4	-350.0	-350.0	-350.0	-350.0	-350.0	-350.0	
5340	-54.0	-54.0	-	-	-	Off	Off	Off	Off	Off			0.2	-43.5	14.0	16.3	Off	Off	On	-16.0	0.0	-43.5	0.8	8.3	2.0	8.8	14.0	16.3	-350.0	-350.0	-350.0	-350.0	-350.0	-350.0	
5400	-54.0	-54.0	-	-	-	Off	Off	Off	Off	Off			0.2	-42.8	14.1	16.4	Off	Off	On	-16.0	0.0	-42.8	0.8	8.3	2.0	8.9	14.1	16.4	-350.0	-350.0	-350.0	-350.0	-350.0	-350.0	
5460	-54.0	-54.0	-	-	-	Off	Off	Off	Off	Off			0.2	-43.1	14.0	16.4	Off	Off	On	-16.5	0.0	-43.1	0.8	8.4	2.0	9.1	14.0	16.4	-350.0	-350.0	-350.0	-350.0	-350.0	-350.0	
5520	-54.0	-54.0	-	-	-	Off	Off	Off	Off	Off			0.2	-43.3	14.1	16.4	Off	Off	On	-16.3	0.0	-43.3	0.8	8.3	2.0	9.0	14.1	16.4	-350.0	-350.0	-350.0	-350.0	-350.0	-350.0	
5580	-54.0	-54.0	-	-	-	Off	Off	Off	Off	Off			0.2	-43.4	14.0	16.4	Off	Off	On	-16.1	0.0	-43.4	0.8	8.4	2.0	9.0	14.0	16.4	-350.0	-350.0	-350.0	-350.0	-350.0	-350.0	
5640	-54.0	-54.0	-	-	-	Off	Off	Off	Off	Off			0.2	-43.2	14.1	16.4	Off	Off	On	-16.5	0.0	-43.2	0.8	8.4	2.0	9.0	14.1	16.4	-350.0	-350.0	-350.0	-350.0	-350.0	-350.0	
5700	-54.0	-54.0	-	-	-	Off	Off	Off	Off	Off			0.2	-43.3	14.0	16.3	Off	Off	On	-16.3	0.0	-43.3	0.8	8.3	2.0	8.7	14.0	16.3	-350.0	-350.0	-350.0	-350.0	-350.0	-350.0	
5760	-54.0	-54.0	-	-	-	Off	Off	Off	Off	Off			0.2	-42.9	14.1	16.4	Off	Off	On	-16.6	0.0	-42.9	0.8	8.3	2.0	8.9	14.1	16.4	-350.0	-350.0	-350.0	-350.0	-350.0	-350.0	
5820	-54.0	-54.0	-	-	-	Off	Off	Off	Off	Off			0.2	-42.4	14.1	16.4	Off	Off	On	-16.0	0.0	-42.4	0.8	8.2	2.0	9.0	14.1	16.4	-350.0	-350.0	-350.0	-350.0	-350.0	-350.0	
5880	-54.1	-54.0	-	-	-	Off	Off	Off	Off	Off			0.2	-42.4	14.0	16.4	Off	Off	On	-15.7	0.0	-42.4	0.8	8.2	2.0	8.9	14.0	16.4	-350.0	-350.0	-350.0	-350.0	-350.0	-350.0	
5940	-54.1	-54.0	-	-	-	Off	Off	Off	Off	Off			0.2	-43.3	14.0	16.3	Off	Off	On	-15.1	0.0	-43.3	0.8	8.3	2.0	8.7	14.0	16.3	-350.0	-350.0	-350.0	-350.0	-350.0	-350.0	
6000	-54.1	-54.0	-	-	-	Off	Off	Off	Off	Off			0.2	-43.7	14.4	16.6	Off	Off	On	-15.3	0.0	-43.6	0.8	8.4	2.0	8.9	14.3	16.6	-350.0	-350.0	-350.0	-350.0	-350.0	-350.0	
6060	-54.0	-54.0	-	-	-	Off	Off	Off	Off	Off			0.2	-43.8	14.5	16.8	Off	Off	On	-15.8	0.0	-43.8	0.8	8.4	2.0	9.0	14.5	16.8	-350.0	-350.0	-350.0	-350.0	-350.0	-350.0	
6120	-54.0	-54.0	-	-	-	Off	Off	Off	Off	Off			0.2	-43.8	14.4	16.7	Off	Off	On	-15.9	0.0	-43.8	0.8	8.3	2.0	9.1	14.4	16.7	-350.0	-350.0	-350.0	-350.0	-350.0	-350.0	
6180	-53.9	-54.0	-	-	-	Off	Off	Off	Off	Off			0.2	-43.4	14.2	16.5	Off	Off	On	-16.8	0.0	-43.4	0.8	8.2	2.0	9.1	14.2	16.5	-350.0	-350.0	-350.0	-350.0	-350.0	-350.0	
6240	-53.9	-54.0	-	-	-	Off	Off	Off	Off	Off			0.2	-43.0	14.3	16.6	Off	Off	On	-16.9	0.0	-43.0	0.8	8.3	2.0	9.0	14.3	16.6	-350.0	-350.0	-350.0	-350.0	-350.0	-350.0	
6300	-53.9	-54.0	-	-	-	Off	Off	Off	Off	Off			0.2	-41.9	14.3	16.5	Off	Off	On	-17.4	0.0	-41.9	0.8	8.3	2.0	8.9	14.3	16.5	-350.0	-350.0	-350.0	-350.0	-350.0	-350.0	
6360	-53.9	-54.0	-	-	-	Off	Off	Off	Off	Off			0.2	-42.8	14.4	16.6	Off	Off	On	-17.0	0.0	-42.8	0.8	8.4	2.0	9.0	14.4	16.7	-350.0	-350.0	-350.0	-350.0	-350.0	-350.0	
6420	-54.0	-54.0	-	-	-	Off	Off	Off	Off	Off			0.2	-43.2	14.2	16.5	Off	Off	On	-16.8	0.0	-43.2	0.8	8.4	2.0	9.0	14.2	16.5	-350.0	-350.0	-350.0	-350.0	-350.0	-350.0	
6480	-54.0	-54.0	-	-	-	Off	Off	Off	Off	Off			0.2	-43.4	14.2	16.4	Off	Off	On	-16.6	0.0	-43.4	0.8	8.4	2.0	9.0	14.2	16.4	-350.0	-350.0	-350.0	-350.0	-350.0	-350.0	
6540	-54.1	-54.0	-	-	-	Off	Off	Off	Off	Off			0.2	-43.2	14.3	16.5	Off	Off	On	-16.0	0.0	-43.2	0.8	8.3	2.0	8.9	14.3	16.5	-350.0	-350.0	-350.0	-350.0	-350.0	-350.0	
6600	-54.1	-54.0	-	-	-	Off	Off	Off	Off	Off			0.2	-43.2	14.2	16.5	Off	Off	On	-15.9	0.0	-43.2	0.8	8.3	2.0	8.9	14.2	16.5	-350.0	-350.0	-350.0	-350.0	-350.0	-350.0	
6660	-54.0	-54.0	-	-	-	Off	Off	Off	Off	Off			0.2	-42.5	14.2	16.5	Off	Off	On	-16.5	0.0	-42.5	0.8	8.4	2.0	8.9	14.2	16.5	-350.0	-350.0	-350.0	-350.0	-350.0	-350.0	
6720	-54.0	-54.0	-	-	-	Off	Off	Off	Off	Off			0.2	-42.9	14.2	16.4	Off	Off	On	-15.7	0.0	-42.9	0.8	8.3	2.0	8.8	14.2	16.4	-350.0	-350.0	-350.0	-350.0	-350.0	-350.0	
6780	-54.0	-54.0	-	-	-	Off	Off	Off	Off	Off			0.2	-43.5	14.3	16.5	Off	Off	On	-15.9	0.0	-43.5	0.8	8.3	2.0	8.8	14.3	16.5	-350.0	-350.0	-350.0	-350.0	-350.0	-350.0	
6840	-54.0	-54.0	-	-	-	Off	Off	Off	Off	Off			0.2	-43.4	14.2	16.5	Off	Off	On	-15.6	0.0	-43.4	0.8	8.3	2.0	8.7	14.2	16.5	-350.0	-350.0	-350.0	-350.0	-350.0	-350.0	
6900	-54.0	-54.0	-	-	-	Off	Off	Off	Off	Off			0.2	-43.1	14.3	16.6	Off	Off	On	-16.3	0.0	-43.1	0.7	8.3	2.1	8.8	14.3	16.6	-350.0	-350.0	-350.0	-350.0	-350.0	-350.0	
6960	-54.0	-54.0	-	-	-	Off	Off	Off	Off	Off			0.2	-43.0	14.3	16.5	Off	Off	On	-15.3	0.0	-43.0	0.8	8.3	2.1	8.7	14.3	16.5	-350.0	-350.0	-350.0	-350.0	-350.0	-350.0	
7020	-54.0	-54.0	-	-	-	Off	Off	Off	Off	Off			0.2	-43.3	14.4	16.5	Off	Off	On	-15.9	0.0	-43.3	0.8	8.3	2.0	8.7	14.4	16.5	-350.0	-350.0	-350.0	-350.0	-350.0	-350.0	
7080	-54.0	-54.0	-	-	-	Off	Off	Off	Off	Off			0.2	-43.5	14.3	16.5	Off	Off	On	-15.8	0.0	-43.5	0.7	8.3	2.0	8.8	14.4	16.5	-350.0	-350.0	-350.0	-350.0	-350.0	-350.0	
7140	-54.0	-54.0	-	-	-	Off	Off	Off	Off	Off			0.2	-43.2	14.4	16.6	Off	Off	On	-15.7	0.0	-43.2	0.8	8.4	2.1	8.7	14.4	16.6	-350.0	-350.0	-350.0	-350.0	-350.0	-350.0	
7200	-54.0	-54.0	-	-	-	Off	Off	Off	Off	Off			0.2	-43.6	14.3	16.5	Off	Off	On	-15.8	0.0	-43.6	0.8	8.3	2.0	8.8	14.3	16.5	-350.0	-350.0	-350.0	-350.0	-350.0	-350.0	
7260	-54.0	-54.0	-	-	-	Off	Off	Off	Off	Off			0.2	-43.2	14.1	16.5	Off	Off	On	-15.8	0.0	-43.2	0.7	8.2	2.0	8.9	14.1	16.5	-350.0	-350.0	-350.0	-350.0	-350.0	-350.0	
7320	-54.0	-54.0	-	-	-	Off	Off	Off	Off	Off			0.2	-42.7	14.3	16.5	Off	Off	On	-16.2	0.0	-42.7	0.8	8.2	2.0	8.9	14.3	16.5	-350.0	-350.0	-350.0	-350.0	-350.0	-350.0	
7380	-54.0	-54.0	-	-	-	Off	Off	Off	Off	Off			0.2	-43.2	14.2	16.5	Off	Off	On	-15.6	0.0	-43.2	0.8	8.2	2.0	9.0	14.2	16.5	-350.0	-350.0	-350.0	-350.0	-350.0	-350.0	
7440	-54.0	-54.0	-	-	-	Off	Off	Off	Off	Off			0.2	-43.3	14.2	16.4	Off	Off	On	-15.0	0.0	-43.2	0.8	8.3	2.0	9.0	14.2	16.4	-350.0	-350.0	-350.0	-350.0	-350.0	-350.0	
7500	-54.0	-54.0	-	-	-	Off	Off	Off	Off	Off			0.2	-43.6	14.3	16.5	Off	Off	On	-15.2	0.0	-43.6	0.8	8.4	2.0	9.0	14.3	16.5	-350.0	-350.0	-350.0	-350.0	-350.0	-350.0	
7560	-54.0	-54.0	-	-	-	Off	Off	Off	Off	Off			0.2	-43.7	14.2	16.4	Off	Off	On	-15.3	0.0	-43.7	0.8	8.4	2.1	8.7	14.2	16.4	-350.0	-350.0	-350.0	-350.0	-350.0	-350.0	
7620	-54.0	-54.0	-	-	-	Off	Off	Off	Off	Off			0.2	-43.8	14.2	16.4	Off	Off	On	-15.9	0.0	-43.8	0.8	8.5	2.0	8.8	14.2	16.4	-350.0	-350.0	-350.0	-350.0	-350.0	-350.0	
7680	-53.9	-54.0	-	-	-	Off	Off	Off	Off	Off			0.2	-43.6	14.1	16.5	Off	Off	On	-15.9	0.0	-43.6	0.8	8.4	2.0	8.9	14.1	16.5	-350.0	-350.0	-350.0	-350.0	-350.0	-350.0	
7740	-53.9	-54.0	-	-	-	Off	Off	Off	Off	Off			0.2	-43.5	14.2	16.5	Off	Off	On	-16.3	0.0	-43.5	0.8	8.4	2.0	8.9	14.2	16.5	-350.0	-350.0	-350.0	-350.0	-350.0	-350.0	
7800	-53.9	-54.0	-	-	-	Off	Off	Off	Off	Off			0.2	-42.7	14.2	16.5	Off	Off	On	-16.2	0.0	-42.8	0.7	8.3	2.0	8.8	14.2	16.5	-350.0	-350.0	-350.0	-350.0	-350.0	-350.0	
7860	-53.9	-54.0	-	-	-	Off	Off	Off	Off	Off			0.2	-41.8	14.3	16.5	Off	Off	On	-17.1	0.0	-41.8	0.8	8.4	2.0	9.1	14.3	16.5	-350.0	-350.0	-350.0	-350.0	-350.0	-350.0	
7920	-53.9	-54.0	-	-	-	Off	Off	Off	Off	Off			0.2	-41.8	14.4	16.5	Off	Off	On	-16.8	0.0	-41.8	0.8	8.5	2.0	9.0	14.4	16.5	-350.0	-350.0	-350.0	-350.0	-350.0	-350.0	
7980	-54.0	-54.0	-	-	-	Off	Off	Off	Off	Off			0.2	-42.9	14.3	16.5	Off	Off	On	-16.7	0.0	-42.9	0.8	8.5	2.0	8.8	14.3	16.5	-350.0	-350.0	-350.0	-350.0	-350.0	-350.0	
8040	-54.0	-54.0	-	-	-	Off	Off	Off	Off	Off			0.2	-43.3	14.3	16.5	Off	Off	On	-16.3	0.0	-43.3	0.8	8.4	2.0	8.8	14.3	16.5	-350.0	-350.0	-350.0	-350.0	-350.0	-350.0	
8100	-54.0	-54.0	-	-	-	Off	Off	Off	Off	Off			0.2	-43.5	14.2	16.4	Off	Off	On	-16.7	0.0	-43.5	0.8	8.3	2.0	8.8	14.2	16.4	-350.0	-350.0	-350.0	-350.0	-350.0	-350.0	
8160	-54.0	-54.0	-	-	-	Off	Off	Off	Off	Off			0.2	-42.3	14.3	16.5	Off	Off	On	-16.7	0.0	-42.3	0.8	8.4	2.0	9.1	14.3	16.5	-350.0	-350.0	-350.0	-350.0	-350.0	-350.0	
8220	-53.9	-54.0	-	-	-	Off	Off	Off	Off	Off			0.2	-42.5	14.2	16.4	Off	Off	On	-17.2	0.0	-42.5	0.8	8.4	2.0	8.8	14.2	16.4	-350.0	-350.0	-350.0	-350.0	-350.0	-350.0	
8280	-53.9	-54.0	-	-	-	Off	Off	Off	Off	Off			0.2	-42.5	14.3	16.5	Off	Off	On	-17.6	0.0	-42.5	0.8	8.5	2.0	9.0	14.3	16.5	-350.0	-350.0	-350.0	-350.0	-350.0	-350.0	
8340	-54.0	-54.0	-	-	-	Off	Off	Off	Off	Off			0.2	-42.9	14.2	16.5	Off	Off	On	-17.4	0.0	-42.9	0.8	8.4	2.0	8.8	14.2	16.5	-350.0	-350.0	-350.0	-350.0	-350.0	-350.0	
8400	-51.9	-54.0	-	-	-	Off	Off	Off	Off	Off			0.2	-37.5	14.8	16.4	Off	Off	On	-40.6	0.0	-37.5	1.0	9.3	2.0	8.9	14.8	16.4	-350.0	-350.0	-350.0	-350.0	-350.0	-350.0	
8460	-53.9	-54.0	-	-	-	Off	Off	Off	Off	Off			0.2	-38.4	14.5	16.6	Off	Off	On	-20.7	0.0	-38.4	0.9	8.5	2.0	9.1	14.5	16.6	-350.0	-350.0	-350.0	-350.0	-350.0	-350.0	
8520	-53.9	-54.0	-	-	-	Off	Off	Off	Off	Off			0.2	-39.5	14.7	16.7	Off	Off	On	-24.0	0.0	-39.4	1.0	8.5	2.0	9.4	14.7	16.7	-350.0	-350.0	-350.0	-350.0	-350.0	-350.0	
8580	-54.2	-54.0	-	-	-	Off	Off	Off	Off	Off			0.2	-41.0	14.5	16.6	Off	Off	On	-21.3	0.0	-41.0	0.9	8.6	2.0	9.3	14.5	16.6	-350.0	-350.0	-350.0	-350.0	-350.0	-350.0	
8640	-53.7	105.0	-	-	-	Off	Off	Off	Off	Off			0.2	-42.4	14.3	16.4	Off	Off	On	100.0	0.0	-42.4	0.8	8.5	2.1	8.5	14.3	16.4	-350.0	-350.0	-350.0	-350.0	-350.0	-350.0	
8700	-44.4	105.0	-	-	-	Off	Off	Off	Off	Off			0.2	-43.8	14.2	16.7	Off	Off	On	100.0	0.0	-43.8	0.7	8.4	2.1	8.9	14.2	16.7	-350.0	-350.0	-350.0	-350.0	-350.0	-350.0	
8760	-27.7	105.0	-	-	-	Off	Off	Off	Off	Off			0.2	-44.2	14.2	16.6	Off	Off	On	100.0	0.0	-44.2	0.7	8.3	2.1	8.8	14.2	16.6	-350.0	-350.0	-350.0	-350.0	-350.0	-350.0	
8820	-7.9	105.0	-	-	-	Off	Off	Off	Off	Off			0.2	-44.2	14.6	16.8	Off	Off	On	-45.6	0.0	-44.2	0.9	8.5	1.9	10.3	14.6	16.8	-350.0	-350.0	-350.0	-350.0	-350.0	-350.0	
8880	-6.1	105.0	-	-	-	Off	Off	Off	Off	Off			0.2	-38.6	14.3	16.5	Off	Off	On	100.0	0.0	-38.6	0.8	8.2	2.1	8.9	14.3	16.5	-350.0	-350.0	-350.0	-350.0	-350.0	-350.0	
8940	2.2	105.0	-	-	-	Off	Off	Off	Off	Off			0.2	-41.0	14.1	16.2	Off	Off	On	100.0	0.0	-41.0	0.7	8.1	2.0	8.1	14.1	16.2	-350.0	-350.0	-350.0	-350.0	-350.0	-350.0	
9000	19.8	105.0	-	-	-	Off	Off	Off	Off	Off			0.2	-44.2	14.2	16.2	Off	Off	On	100.0	0.0	-44.2	0.7	8.2	2.0	8.1	14.2	16.2	-350.0	-350.0	-350.0	-350.0	-350.0	-350.0	
9060	39.0	105.0	-	-	-	Off	Off	Off	Off	Off			0.2	-45.0	14.3	16.5	Off	Off	On	-23.2	0.0	-45.0	0.8	8.4	2.0	9.0	14.3	16.5	-350.0	-350.0	-350.0	-350.0	-350.0	-350.0	
9120	43.0	105.0	-	-	-	Off	Off	Off	Off	Off			0.2	-44.3	14.3	16.4	Off	Off	On	100.0	0.0	-44.3	0.8	8.4	2.0	8.6	14.3	16.4	-350.0	-350.0	-350.0	-350.0	-350.0	-350.0	
9180	50.9	105.0	-	-	-	Off	Off	Off	Off	Off			0.2	-45.1	14.2	16.3	Off	Off	On	100.0	0.0	-45.1	0.7	8.1	2.0	8.1	14.2	16.3	-350.0	-350.0	-350.0	-350.0	-350.0	-350.0	
9240	67.7	105.0	-	-	-	Off	Off	Off	Off	Off			0.2	-46.0	13.9	16.1	Off	Off	On	100.0	0.0	-45.9	0.6	8.3	2.0	8.0	13.9	16.1	-350.0	-350.0	-350.0	-350.0	-350.0	-350.0	
9300	84.8	105.0	-	-	-	Off	Off	Off	Off	Off			0.2	-46.4	14.1	16.3	Off	Off	On	-9.7	0.0	-46.4	0.7	8.3	2.1	8.4	14.1	16.3	-350.0	-350.0	-350.0	-350.0	-350.0	-350.0	
9360	90.1	105.0	-	-	-	Off	Off	Off	Off	Off			0.2	-45.7	14.1	16.3	Off	Off	On	100.0	0.0	-45.7	0.7	8.3	2.0	8.3	14.1	16.3	-350.0	-350.0	-350.0	-350.0	-350.0	-350.0	
9420	98.3	105.0	-	-	-	Off	Off	Off	Off	Off			0.2	-45.9	14.0	16.2	Off	Off	On	100.0	0.0	-45.9	0.6	8.2	2.0	8.2	14.0	16.2	-350.0	-350.0	-350.0	-350.0	-350.0	-350.0	
9480	110.2	105.0	-	-	-	Off	Off	Off	Off	Off			0.2	-45.2	14.3	16.7	Off	Off	On	-36.4	0.0	-45.2	0.8	8.3	2.0	9.6	14.3	16.7	-350.0	-350.0	-350.0	-350.0	-350.0	-350.0	
9540	107.7	105.0	-	-	-	Off	Off	Off	Off	Off			0.2	-42.5	14.4	16.6	Off	Off	On	100.0	0.0	-42.5	0.7	8.2	2.1	8.8	14.4	16.6	-350.0	-350.0	-350.0	-350.0	-350.0	-350.0	
9600	104.8	105.0	-	-	-	Off	Off	Off	Off	Off			0.2	-43.3	14.2	16.3	Off	Off	On	100.0	0.0	-43.3	0.7	8.0	2.0	8.1	14.2	16.3	-350.0	-350.0	-350.0	-350.0	-350.0	-350.0	
9660	105.3	105.0	-	-	-	Off	Off	Off	Off	Off			0.2	-44.0	14.0	16.1	Off	Off	On	95.4	0.0	-44.0	0.6	8.0	2.0	7.9	14.0	16.1	-350.0	-350.0	-350.0	-350.0	-350.0	-350.0	
9720	106.6	105.0	-	-	-	Off	Off	Off	Off	Off			0.2	-44.5	14.2	16.2	Off	Off	On	21.6	0.0	-44.5	0.6	8.2	2.0	7.9	14.2	16.2	-350.0	-350.0	-350.0	-350.0	-350.0	-350.0	
9780	107.0	105.0	-	-	-	Off	Off	Off	Off	Off			0.2	-44.5	14.1	16.1	Off	Off	On	34.6	0.0	-44.5	0.6	8.2	2.0	7.9	14.1	16.1	-350.0	-350.0	-350.0	-350.0	-350.0	-350.0	
9840	106.0	105.0	-	-	-	Off	Off	Off	Off	Off			0.2	-44.3	14.1	16.3	Off	Off	On	84.6	0.0	-44.3	0.6	8.1	2.0	8.0	14.1	16.3	-350.0	-350.0	-350.0	-350.0	-350.0	-350.0	
9900	105.7	105.0	-	-	-	Off	Off	Off	Off	Off			0.2	-43.9	14.2	16.3	Off	Off	On	54.5	0.0	-43.9	0.6	8.1	2.0	8.0	14.1	16.3	-350.0	-350.0	-350.0	-350.0	-350.0	-350.0	
9960	106.4	105.0	-	-	-	Off	Off	Off	Off	Off			0.2	-43.3	14.1	16.2	Off	Off	On	4.7	0.0	-43.3	0.6	8.3	2.0	8.0	14.1	16.2	-350.0	-350.0	-350.0	-350.0	-350.0	-350.0	
10020	106.2	105.0	-	-	-	Off	Off	Off	Off	Off			0.2	-42.6	14.0	16.2	Off	Off	On	38.1	0.0	-42.6	0.6	8.3	2.0	8.1	14.0	16.2	-350.0	-350.0	-350.0	-350.0	-350.0	-350.0	
10080	105.3	105.0	-	-	-	Off	Off	Off	Off	Off			0.2	-42.0	14.1	16.2	Off	Off	On	76.9	0.0	-42.0	0.6	8.3	2.0	8.1	14.1	16.2	-350.0	-350.0	-350.0	-350.0	-350.0	-350.0	
10140	105.3	105.0	-	-	-	Off	Off	Off	Off	Off			0.2	-41.3	14.1	16.2	Off	Off	On	32.9	0.0	-41.3	0.6	8.3	2.0	8.1	14.1	16.2	-350.0	-350.0	-350.0	-350.0	-350.0	-350.0	
10200	105.9	93.0	-	-	-	Off	Off	Off	Off	Off			0.2	-40.6	14.1	16.3	Off	Off	On	-19.7	0.0	-40.6	0.7	8.4	2.0	8.6	14.1	16.3	-350.0	-350.0	-350.0	-350.0	-350.0	-350.0	
10260	102.3	93.0	-	-	-	Off	Off	Off	Off	Off			0.2	-36.7	14.6	17.2	Off	Off	On	-13.4	0.0	-36.7	1.0	8.7	2.2	10.3	14.7	17.1	-350.0	-350.0	-350.0	-350.0	-350.0	-350.0	
10320	94.0	93.0	-	-	-	Off	Off	Off	Off	Off			0.2	-35.7	14.4	16.4	Off	Off	On	100.0	0.0	-35.7	0.8	8.3	2.1	8.5	14.4	16.4	-350.0	-350.0	-350.0	-350.0	-350.0	-350.0	
10380	94.6	93.0	-	-	-	Off	Off	Off	Off	Off			0.2	-36.5	14.3	16.6	Off	Off	On	-14.0	0.0	-36.5	0.7	8.3	2.1	8.8	14.3	16.6	-350.0	-350.0	-350.0	-350.0	-350.0	-350.0	
10440	94.0	93.0	-	-	-	Off	Off	Off	Off	Off			0.2	-35.7	14.4	16.5	Off	Off	On	-0.9	0.0	-35.7	0.8	8.4	2.1	8.6	14.4	16.5	-350.0	-350.0	-350.0	-350.0	-350.0	-350.0	
10500	92.9	93.0	-	-	-	Off	Off	Off	Off	Off			0.2	-36.4	14.2	16.1	Off	Off	On	2.9	0.0	-36.4	0.7	8.4	2.0	8.1	14.2	16.1	-350.0	-350.0	-350.0	-350.0	-350.0	-350.0	
10560	92.8	93.0	-	-	-	Off	Off	Off	Off	Off			0.2	-36.3	14.2	16.3	Off	Off	On	5.2	0.0	-36.3	0.8	8.5	2.1	8.4	14.2	16.3	-350.0	-350.0	-350.0	-350.0	-350.0	-350.0	
10620	92.0	93.0	-	-	-	Off	Off	Off	Off	Off			0.2	-36.0	13.9	16.1	Off	Off	On	52.5	0.0	-36.0	0.7	8.4	2.1	8.3	14.1	16.2	-350.0	-350.0	-350.0	-350.0	-350.0	-350.0	
10680	93.3	93.0	-	-	-	Off	Off	Off	Off	Off			0.2	-35.8	14.2	16.3	Off	Off	On	-10.5	0.0	-35.8	0.7	8.4	2.0	8.6	14.2	16.3	-350.0	-350.0	-350.0	-350.0	-350.0	-350.0	
10740	93.6	93.0	-	-	-	Off	Off	Off	Off	Off			0.2	-34.8	14.2	16.5	Off	Off	On	-1.3	0.0	-34.8	0.8	8.6	2.1	9.1	14.2	16.5	-350.0	-350.0	-350.0	-350.0	-350.0	-350.0	
10800	92.4	93.0	-	-	-	Off	Off	Off	Off	Off			0.2	-34.4	14.2	16.3	Off	Off	On	43.4	0.0	-34.4	0.7	8.4	2.1	8.6	14.2	16.3	-350.0	-350.0	-350.0	-350.0	-350.0	-350.0	
10860	92.4	93.0	-	-	-	Off	Off	Off	Off	Off			0.2	-34.3	14.2	16.3	Off	Off	On	10.3	0.0	-34.3	0.7	8.4	2.0	8.4	14.2	16.3	-350.0	-350.0	-350.0	-350.0	-350.0	-350.0	
10920	92.8	93.0	-	-	-	Off	Off	Off	Off	Off			0.2	-34.3	14.1	16.2	Off	Off	On	-0.1	0.0	-34.3	0.7	8.3	2.0	8.4	14.1	16.2	-350.0	-350.0	-350.0	-350.0	-350.0	-350.0	
10980	92.7	93.0	-	-	-	Off	Off	Off	Off	Off			0.2	-34.3	14.2	16.3	Off	Off	On	22.7	0.0	-34.3	0.7	8.3	2.0	8.3	14.2	16.3	-350.0	-350.0	-350.0	-350.0	-350.0	-350.0	
11040	92.3	93.0	-	-	-	Off	Off	Off	Off	Off			0.2	-34.2	14.2	16.2	Off	Off	On	45.3	0.0	-34.2	0.7	8.2	2.0	8.3	14.1	16.2	-350.0	-350.0	-350.0	-350.0	-350.0	-350.0	
11100	92.5	93.0	-	-	-	Off	Off	Off	Off	Off			0.2	-34.2	14.1	16.2	Off	Off	On	17.9	0.0	-34.2	0.7	8.2	2.0	8.3	14.1	16.2	-350.0	-350.0	-350.0	-350.0	-350.0	-350.0	
11160	93.1	93.0	-	-	-	Off	Off	Off	Off	Off			0.2	-34.0	14.1	16.3	Off	Off	On	-1.4	0.0	-34.0	0.7	8.3	2.0	8.4	14.1	16.3	-350.0	-350.0	-350.0	-350.0	-350.0	-350.0	
11220	93.3	93.0	-	-	-	Off	Off	Off	Off	Off			0.2	-33.9	14.1	16.2	Off	Off	On	-0.2	0.0	-33.9	0.7	8.1	2.0	8.7	14.1	16.2	-350.0	-350.0	-350.0	-350.0	-350.0	-350.0	
11280	92.7	93.0	-	-	-	Off	Off	Off	Off	Off			0.2	-33.5	14.2	16.4	Off	Off	On	46.4	0.0	-33.5	0.7	8.2	2.1	8.5	14.2	16.4	-350.0	-350.0	-350.0	-350.0	-350.0	-350.0	
11340	92.4	93.0	-	-	-	Off	Off	Off	Off	Off			0.2	-33.4	14.1	16.3	Off	Off	On	31.7	0.0	-33.4	0.7	8.1	2.1	8.5	14.1	16.4	-350.0	-350.0	-350.0	-350.0	-350.0	-350.0	
11400	93.2	93.0	-	-	-	Off	Off	Off	Off	Off			0.2	-33.4	14.2	16.4	Off	Off	On	-1.4	0.0	-33.3	0.7	8.2	2.1	8.5	14.2	16.4	-350.0	-350.0	-350.0	-350.0	-350.0	-350.0	
11460	93.6	93.0	-	-	-	Off	Off	Off	Off	Off			0.2	-33.2	14.2	16.4	Off	Off	On	-1.8	0.0	-33.2	0.7	8.2	2.1	8.5	14.2	16.4	-350.0	-350.0	-350.0	-350.0	-350.0	-350.0	
11520	93.2	93.0	-	-	-	Off	Off	Off	Off	Off			0.2	-33.0	14.2	16.5	Off	Off	On	18.3	0.0	-33.0	0.7	8.2	2.1	8.5	14.2	16.5	-350.0	-350.0	-350.0	-350.0	-350.0	-350.0	
11580	92.7	93.0	-	-	-	Off	Off	Off	Off	Off			0.2	-32.9	14.3	16.5	Off	Off	On	37.5	0.0	-32.9	0.7	8.2	2.1	8.5	14.3	16.5	-350.0	-350.0	-350.0	-350.0	-350.0	-350.0	
11640	92.7	93.0	-	-	-	Off	Off	Off	Off	Off			0.2	-32.9	14.2	16.6	Off	Off	On	21.6	0.0	-32.9	0.7	8.2	2.1	8.5	14.2	16.6	-350.0	-350.0	-350.0	-350.0	-350.0	-350.0	
11700	93.2	93.0	-	-	-	Off	Off	Off	Off	Off			0.2	-32.8	14.2	16.4	Off	Off	On	-0.9	0.0	-32.8	0.7	8.2	2.1	8.5	14.2	16.4	-350.0	-350.0	-350.0	-350.0	-350.0	-350.0	
11760	93.2	93.0	-	-	-	Off	Off	Off	Off	Off			0.2	-32.5	14.3	16.5	Off	Off	On	14.1	0.0	-32.5	0.7	8.1	2.1	8.6	14.3	16.5	-350.0	-350.0	-350.0	-350.0	-350.0	-350.0	
11820	92.8	93.0	-	-	-	Off	Off	Off	Off	Off			0.2	-32.6	14.3	16.6	Off	Off	On	28.8	0.0	-32.6	0.7	8.1	2.1	8.6	14.3	16.6	-350.0	-350.0	-350.0	-350.0	-350.0	-350.0	
11880	92.8	93.0	-	-	-	Off	Off	Off	Off	Off			0.2	-32.6	14.2	16.6	Off	Off	On	18.1	0.0	-32.6	0.7	8.1	2.1	8.6	14.2	16.6	-350.0	-350.0	-350.0	-350.0	-350.0	-350.0	
11940	93.1	93.0	-	-	-	Off	Off	Off	Off	Off			0.2	-32.5	14.2	16.5	Off	Off	On	-0.2	0.0	-32.5	0.7	8.1	2.1	8.6	14.2	16.5	-350.0	-350.0	-350.0	-350.0	-350.0	-350.0	
12000	93.3	93.0	-	-	-	Off	Off	Off	Off	Off			0.2	-32.6	14.1	16.5	Off	Off	On	5.4	0.0	-32.6	0.7	8.1	2.1	8.6	14.1	16.5	-350.0	-350.0	-350.0	-350.0	-350.0	-350.0	
12060	93.0	93.0	-	-	-	Off	Off	Off	Off	Off			0.2	-32.5	14.1	16.5	Off	Off	On	26.0	0.0	-32.5	0.7	8.2	2.1	8.6	14.1	16.5	-350.0	-350.0	-350.0	-350.0	-350.0	-350.0	
12120	92.7	93.0	-	-	-	Off	Off	Off	Off	Off			0.2	-32.4	14.1	16.5	Off	Off	On	33.6	0.0	-32.4	0.7	8.1	2.1	8.6	14.1	16.5	-350.0	-350.0	-350.0	-350.0	-350.0	-350.0	
12180	93.0	93.0	-	-	-	Off	Off	Off	Off	Off			0.2	-32.3	14.1	16.4	Off	Off	On	3.6	0.0	-32.3	0.7	8.0	2.1	8.6	14.1	16.4	-350.0	-350.0	-350.0	-350.0	-350.0	-350.0	
12240	93.3	93.0	-	-	-	Off	Off	Off	Off	Off			0.2	-32.3	14.4	16.7	Off	Off	On	-0.9	0.0	-32.3	0.7	8.0	2.1	8.6	14.4	16.7	-350.0	-350.0	-350.0	-350.0	-350.0	-350.0	
12300	93.3	93.0	-	-	-	Off	Off	Off	Off	Off			0.2	-32.1	14.2	16.6	Off	Off	On	12.7	0.0	-32.1	0.7	8.1	2.1	8.8	14.2	16.6	-350.0	-350.0	-350.0	-350.0	-350.0	-350.0	
12360	92.7	93.0	-	-	-	Off	Off	Off	Off	Off			0.2	-32.0	14.1	16.5	Off	Off	On	39.7	0.0	-32.0	0.7	8.1	2.1	8.8	14.1	16.5	-350.0	-350.0	-350.0	-350.0	-350.0	-350.0	
12420	92.7	93.0	-	-	-	Off	Off	Off	Off	Off			0.2	-32.0	14.1	16.5	Off	Off	On	19.7	0.0	-32.0	0.7	8.0	2.1	8.7	14.1	16.5	-350.0	-350.0	-350.0	-350.0	-350.0	-350.0	
12480	93.3	93.0	-	-	-	Off	Off	Off	Off	Off			0.2	-32.0	14.1	16.5	Off	Off	On	-1.5	0.0	-32.0	0.7	8.1	2.1	8.7	14.1	16.5	-350.0	-350.0	-350.0	-350.0	-350.0	-350.0	
12540	93.5	93.0	-	-	-	Off	Off	Off	Off	Off			0.2	-31.9	14.0	16.4	Off	Off	On	-0.7	0.0	-31.9	0.7	8.1	2.1	8.8	14.0	16.4	-350.0	-350.0	-350.0	-350.0	-350.0	-350.0	
12600	93.0	93.0	-	-	-	Off	Off	Off	Off	Off			0.2	-31.8	14.1	16.5	Off	Off	On	26.9	0.0	-31.8	0.7	8.1	2.1	8.8	14.1	16.5	-350.0	-350.0	-350.0	-350.0	-350.0	-350.0	
12660	92.7	93.0	-	-	-	Off	Off	Off	Off	Off			0.2	-31.9	14.1	16.4	Off	Off	On	26.6	0.0	-31.9	0.7	8.0	2.1	8.7	14.1	16.4	-350.0	-350.0	-350.0	-350.0	-350.0	-350.0	
12720	92.9	93.0	-	-	-	Off	Off	Off	Off	Off			0.2	-32.0	14.0	16.4	Off	Off	On	8.1	0.0	-32.0	0.7	8.1	2.1	8.7	14.0	16.4	-350.0	-350.0	-350.0	-350.0	-350.0	-350.0	
12780	93.2	93.0	-	-	-	Off	Off	Off	Off	Off			0.2	-32.0	13.9	16.3	Off	Off	On	-0.2	0.0	-32.0	0.7	8.1	2.1	8.7	13.9	16.3	-350.0	-350.0	-350.0	-350.0	-350.0	-350.0	
12840	93.1	93.0	-	-	-	Off	Off	Off	Off	Off			0.2	-31.9	14.0	16.4	Off	Off	On	12.4	0.0	-31.9	0.7	8.0	2.1	8.8	14.0	16.4	-350.0	-350.0	-350.0	-350.0	-350.0	-350.0	
12900	92.7	93.0	-	-	-	Off	Off	Off	Off	Off			0.2	-30.3	14.4	16.1	Off	Off	On	38.4	0.0	-30.3	0.8	8.3	2.0	8.1	14.4	16.1	-350.0	-350.0	-350.0	-350.0	-350.0	-350.0	
12960	92.7	93.0	-	-	-	Off	Off	Off	Off	Off			0.2	-30.7	14.3	16.1	Off	Off	On	20.6	0.0	-30.7	0.7	8.2	2.0	8.0	14.3	16.1	-350.0	-350.0	-350.0	-350.0	-350.0	-350.0	
13020	93.2	93.0	-	-	-	Off	Off	Off	Off	Off			0.2	-31.0	14.1	16.0	Off	Off	On	-1.3	0.0	-31.0	0.7	8.2	2.0	7.9	14.1	16.0	-350.0	-350.0	-350.0	-350.0	-350.0	-350.0	
13080	93.4	93.0	-	-	-	Off	Off	Off	Off	Off			0.2	-31.1	14.2	16.1	Off	Off	On	-0.4	0.0	-31.1	0.7	8.0	2.0	8.1	14.2	16.1	-350.0	-350.0	-350.0	-350.0	-350.0	-350.0	
13140	93.1	93.0	-	-	-	Off	Off	Off	Off	Off			0.2	-31.3	14.2	16.1	Off	Off	On	20.9	0.0	-31.3	0.7	8.1	2.0	8.0	14.2	16.1	-350.0	-350.0	-350.0	-350.0	-350.0	-350.0	
13200	92.8	93.0	-	-	-	Off	Off	Off	Off	Off			0.2	-31.5	14.2	16.1	Off	Off	On	27.3	0.0	-31.5	0.7	8.0	2.0	8.0	14.2	16.1	-350.0	-350.0	-350.0	-350.0	-350.0	-350.0	
13260	92.8	93.0	-	-	-	Off	Off	Off	Off	Off			0.2	-31.7	14.1	16.0	Off	Off	On	11.6	0.0	-31.7	0.7	8.0	2.0	7.9	14.1	16.0	-350.0	-350.0	-350.0	-350.0	-350.0	-350.0	
13320	93.2	93.0	-	-	-	Off	Off	Off	Off	Off			0.2	-31.7	14.1	16.0	Off	Off	On	-0.6	0.0	-31.7	0.7	8.0	2.0	7.9	14.1	16.0	-350.0	-350.0	-350.0	-350.0	-350.0	-350.0	
13380	93.3	93.0	-	-	-	Off	Off	Off	Off	Off			0.2	-31.7	14.2	16.3	Off	Off	On	3.8	0.0	-31.7	0.7	8.0	2.0	8.1	14.2	16.3	-350.0	-350.0	-350.0	-350.0	-350.0	-350.0	
13440	92.8	93.0	-	-	-	Off	Off	Off	Off	Off			0.2	-31.5	14.2	16.2	Off	Off	On	29.7	0.0	-31.5	0.7	8.1	2.1	8.2	14.2	16.2	-350.0	-350.0	-350.0	-350.0	-350.0	-350.0	
13500	92.7	93.0	-	-	-	Off	Off	Off	Off	Off			0.2	-31.6	14.3	16.3	Off	Off	On	21.2	0.0	-31.6	0.7	8.1	2.0	8.1	14.2	16.3	-350.0	-350.0	-350.0	-350.0	-350.0	-350.0	
13560	93.1	93.0	-	-	-	Off	Off	Off	Off	Off			0.2	-31.7	14.2	16.2	Off	Off	On	-1.0	0.0	-31.7	0.7	8.1	2.0	8.1	14.2	16.2	-350.0	-350.0	-350.0	-350.0	-350.0	-350.0	
13620	93.4	93.0	-	-	-	Off	Off	Off	Off	Off			0.2	-31.8	14.1	16.1	Off	Off	On	-1.3	0.0	-31.8	0.7	8.2	2.0	8.1	14.1	16.1	-350.0	-350.0	-350.0	-350.0	-350.0	-350.0	
13680	93.1	93.0	-	-	-	Off	Off	Off	Off	Off			0.2	-31.6	14.2	16.3	Off	Off	On	24.4	0.0	-31.6	0.7	8.0	2.1	8.3	14.2	16.3	-350.0	-350.0	-350.0	-350.0	-350.0	-350.0	
13740	92.7	93.0	-	-	-	Off	Off	Off	Off	Off			0.2	-31.6	14.2	16.3	Off	Off	On	30.7	0.0	-31.6	0.7	8.0	2.1	8.3	14.2	16.3	-350.0	-350.0	-350.0	-350.0	-350.0	-350.0	
13800	92.8	93.0	-	-	-	Off	Off	Off	Off	Off			0.2	-31.7	14.2	16.3	Off	Off	On	8.5	0.0	-31.7	0.7	8.0	2.1	8.2	14.2	16.3	-350.0	-350.0	-350.0	-350.0	-350.0	-350.0	
13860	93.3	93.0	-	-	-	Off	Off	Off	Off	Off			0.2	-31.7	14.2	16.3	Off	Off	On	-1.6	0.0	-31.7	0.7	8.1	2.1	8.2	14.2	16.3	-350.0	-350.0	-350.0	-350.0	-350.0	-350.0	
13920	93.3	93.0	-	-	-	Off	Off	Off	Off	Off			0.2	-31.7	14.3	16.3	Off	Off	On	6.8	0.0	-31.7	0.7	8.0	2.1	8.4	14.3	16.3	-350.0	-350.0	-350.0	-350.0	-350.0	-350.0	
13980	92.8	93.0	-	-	-	Off	Off	Off	Off	Off			0.2	-31.6	14.2	16.3	Off	Off	On	30.7	0.0	-31.6	0.7	8.1	2.1	8.4	14.2	16.3	-350.0	-350.0	-350.0	-350.0	-350.0	-350.0	
14040	92.7	93.0	-	-	-	Off	Off	Off	Off	Off			0.2	-31.7	14.2	16.3	Off	Off	On	18.0	0.0	-31.7	0.7	8.0	2.1	8.3	14.2	16.3	-350.0	-350.0	-350.0	-350.0	-350.0	-350.0	
14100	93.1	93.0	-	-	-	Off	Off	Off	Off	Off			0.2	-31.7	14.2	16.3	Off	Off	On	-0.2	0.0	-31.7	0.7	8.0	2.1	8.3	14.2	16.3	-350.0	-350.0	-350.0	-350.0	-350.0	-350.0	
14160	93.3	93.0	-	-	-	Off	Off	Off	Off	Off			0.2	-31.8	14.2	16.3	Off	Off	On	-0.7	0.0	-31.8	0.7	7.9	2.1	8.3	14.2	16.3	-350.0	-350.0	-350.0	-350.0	-350.0	-350.0	
14220	93.1	93.0	-	-	-	Off	Off	Off	Off	Off			0.2	-31.9	14.3	16.4	Off	Off	On	12.1	0.0	-31.9	0.7	7.9	2.1	8.3	14.3	16.4	-350.0	-350.0	-350.0	-350.0	-350.0	-350.0	
14280	92.7	93.0	-	-	-	Off	Off	Off	Off	Off			0.2	-31.9	14.3	16.4	Off	Off	On	30.3	0.0	-31.9	0.7	7.9	2.1	8.4	14.3	16.4	-350.0	-350.0	-350.0	-350.0	-350.0	-350.0	
14340	92.7	93.0	-	-	-	Off	Off	Off	Off	Off			0.2	-31.9	14.2	16.4	Off	Off	On	18.1	0.0	-31.9	0.7	7.9	2.1	8.4	14.2	16.4	-350.0	-350.0	-350.0	-350.0	-350.0	-350.0	
14400	93.1	93.0	-	-	-	Off	Off	Off	Off	Off			0.2	-31.9	14.3	16.4	Off	Off	On	-1.0	0.0	-31.9	0.7	7.9	2.1	8.4	14.3	16.4	-350.0	-350.0	-350.0	-350.0	-350.0	-350.0	
14460	93.3	93.0	-	-	-	Off	Off	Off	Off	Off			0.2	-31.7	14.2	16.4	Off	Off	On	0.5	0.0	-31.7	0.7	7.9	2.1	8.5	14.2	16.4	-350.0	-350.0	-350.0	-350.0	-350.0	-350.0	
14520	93.0	93.0	-	-	-	Off	Off	Off	Off	Off			0.2	-31.9	14.3	16.5	Off	Off	On	18.5	0.0	-31.9	0.7	7.9	2.1	8.4	14.3	16.5	-350.0	-350.0	-350.0	-350.0	-350.0	-350.0	
14580	92.7	93.0	-	-	-	Off	Off	Off	Off	Off			0.2	-32.0	14.3	16.4	Off	Off	On	26.8	0.0	-32.0	0.7	7.9	2.1	8.4	14.3	16.5	-350.0	-350.0	-350.0	-350.0	-350.0	-350.0	
14640	92.9	93.0	-	-	-	Off	Off	Off	Off	Off			0.2	-32.1	14.4	16.6	Off	Off	On	9.9	0.0	-32.1	0.6	7.9	2.1	8.4	14.4	16.6	-350.0	-350.0	-350.0	-350.0	-350.0	-350.0	
14700	93.2	93.0	-	-	-	Off	Off	Off	Off	Off			0.2	-32.2	14.3	16.4	Off	Off	On	-0.7	0.0	-32.2	0.7	8.0	2.1	8.4	14.3	16.4	-350.0	-350.0	-350.0	-350.0	-350.0	-350.0	
14760	93.3	93.0	-	-	-	Off	Off	Off	Off	Off			0.2	-32.1	14.0	16.2	Off	Off	On	1.0	0.0	-32.1	0.7	7.9	2.1	8.4	14.0	16.2	-350.0	-350.0	-350.0	-350.0	-350.0	-350.0	
14820	93.0	93.0	-	-	-	Off	Off	Off	Off	Off			0.2	-32.1	14.0	16.3	Off	Off	On	20.6	0.0	-32.1	0.6	7.9	2.1	8.4	14.0	16.3	-350.0	-350.0	-350.0	-350.0	-350.0	-350.0	
14880	92.7	93.0	-	-	-	Off	Off	Off	Off	Off			0.2	-32.2	14.0	16.3	Off	Off	On	28.4	0.0	-32.2	0.7	7.9	2.1	8.4	14.0	16.3	-350.0	-350.0	-350.0	-350.0	-350.0	-350.0	
14940	92.9	93.0	-	-	-	Off	Off	Off	Off	Off			0.2	-32.1	13.7	16.1	Off	Off	On	6.8	0.0	-32.2	0.7	7.9	2.1	8.4	13.8	16.1	-350.0	-350.0	-350.0	-350.0	-350.0	-350.0	
15000	93.3	93.0	-	-	-	Off	Off	Off	Off	Off			0.2	-32.1	13.7	16.1	Off	Off	On	-1.1	0.0	-32.1	0.7	8.0	2.1	8.5	13.7	16.1	-350.0	-350.0	-350.0	-350.0	-350.0	-350.0	
15060	93.3	93.0	-	-	-	Off	Off	Off	Off	Off			0.2	-32.1	13.9	16.2	Off	Off	On	0.3	0.0	-32.1	0.7	7.9	2.1	8.5	13.9	16.2	-350.0	-350.0	-350.0	-350.0	-350.0	-350.0	
15120	93.0	93.0	-	-	-	Off	Off	Off	Off	Off			0.2	-32.2	13.8	16.2	Off	Off	On	21.9	0.0	-32.2	0.7	8.0	2.1	8.5	13.8	16.2	-350.0	-350.0	-350.0	-350.0	-350.0	-350.0	
15180	92.7	93.0	-	-	-	Off	Off	Off	Off	Off			0.2	-32.3	13.8	16.2	Off	Off	On	28.1	0.0	-32.3	0.7	7.9	2.1	8.5	13.8	16.2	-350.0	-350.0	-350.0	-350.0	-350.0	-350.0	
15240	92.9	93.0	-	-	-	Off	Off	Off	Off	Off			0.2	-32.3	13.8	16.1	Off	Off	On	6.7	0.0	-32.3	0.7	7.9	2.1	8.5	13.8	16.1	-350.0	-350.0	-350.0	-350.0	-350.0	-350.0	
15300	93.2	93.0	-	-	-	Off	Off	Off	Off	Off			0.2	-32.3	13.9	16.2	Off	Off	On	-0.6	0.0	-32.3	0.7	8.0	2.1	8.5	13.9	16.2	-350.0	-350.0	-350.0	-350.0	-350.0	-350.0	
15360	93.2	93.0	-	-	-	Off	Off	Off	Off	Off			0.2	-32.3	13.8	16.2	Off	Off	On	5.3	0.0	-32.3	0.7	8.0	2.1	8.6	13.8	16.2	-350.0	-350.0	-350.0	-350.0	-350.0	-350.0	
15420	92.9	93.0	-	-	-	Off	Off	Off	Off	Off			0.2	-32.3	13.8	16.2	Off	Off	On	23.8	0.0	-32.3	0.7	8.0	2.1	8.5	13.8	16.2	-350.0	-350.0	-350.0	-350.0	-350.0	-350.0	
15480	92.7	93.0	-	-	-	Off	Off	Off	Off	Off			0.2	-32.4	13.7	16.1	Off	Off	On	23.0	0.0	-32.4	0.7	7.9	2.1	8.5	13.7	16.1	-350.0	-350.0	-350.0	-350.0	-350.0	-350.0	
15540	93.0	93.0	-	-	-	Off	Off	Off	Off	Off			0.3	-32.5	1.8	2.4	Off	Off	On	2.7	0.0	-32.5	0.9	7.5	2.6	7.1	1.8	2.4	-350.0	-350.0	-350.0	-350.0	-350.0	-350.0	
15600	93.2	93.0	-	-	-	Off	Off	Off	Off	Off			0.2	-30.0	14.0	15.8	Off	Off	On	0.0	0.0	-30.0	0.8	8.0	2.0	7.9	14.0	15.8	-350.0	-350.0	-350.0	-350.0	-350.0	-350.0	
15660	93.1	93.0	-	-	-	Off	Off	Off	Off	Off			0.2	-30.9	13.9	15.5	Off	Off	On	12.6	0.0	-30.9	0.7	8.0	2.0	7.7	13.8	15.6	-350.0	-350.0	-350.0	-350.0	-350.0	-350.0	
15720	92.8	93.0	-	-	-	Off	Off	Off	Off	Off			0.2	-31.3	13.9	15.6	Off	Off	On	24.8	0.0	-31.3	0.7	8.0	1.9	7.6	13.9	15.6	-350.0	-350.0	-350.0	-350.0	-350.0	-350.0	
15780	92.8	93.0	-	-	-	Off	Off	Off	Off	Off			0.2	-31.6	13.8	15.6	Off	Off	On	16.1	0.0	-31.6	0.7	7.9	1.9	7.6	13.8	15.6	-350.0	-350.0	-350.0	-350.0	-350.0	-350.0	
15840	93.1	93.0	-	-	-	Off	Off	Off	Off	Off			0.2	-31.9	13.8	15.6	Off	Off	On	1.3	0.0	-31.9	0.7	7.9	1.9	7.6	13.8	15.6	-350.0	-350.0	-350.0	-350.0	-350.0	-350.0	
15900	93.3	93.0	-	-	-	Off	Off	Off	Off	Off			0.2	-32.1	13.8	15.6	Off	Off	On	-0.1	0.0	-32.1	0.7	7.9	1.9	7.5	13.8	15.6	-350.0	-350.0	-350.0	-350.0	-350.0	-350.0	
15960	93.1	93.0	-	-	-	Off	Off	Off	Off	Off			0.2	-32.3	13.8	15.6	Off	Off	On	14.1	0.0	-32.3	0.7	7.9	1.9	7.5	13.8	15.6	-350.0	-350.0	-350.0	-350.0	-350.0	-350.0	
16020	92.8	93.0	-	-	-	Off	Off	Off	Off	Off			0.2	-32.5	13.8	15.5	Off	Off	On	25.2	0.0	-32.5	0.6	7.9	1.9	7.5	13.8	15.6	-350.0	-350.0	-350.0	-350.0	-350.0	-350.0	
16080	92.8	93.0	-	-	-	Off	Off	Off	Off	Off			0.2	-32.6	13.8	15.6	Off	Off	On	14.7	0.0	-32.6	0.6	7.8	1.9	7.5	13.8	15.6	-350.0	-350.0	-350.0	-350.0	-350.0	-350.0	
16140	93.1	93.0	-	-	-	Off	Off	Off	Off	Off			0.2	-32.5	13.8	15.5	Off	Off	On	-0.2	0.0	-32.5	0.6	7.8	1.9	7.5	13.8	15.5	-350.0	-350.0	-350.0	-350.0	-350.0	-350.0	
16200	93.2	93.0	-	-	-	Off	Off	Off	Off	Off			0.2	-32.5	13.8	15.6	Off	Off	On	1.9	0.0	-32.5	0.6	7.8	1.9	7.5	13.8	15.6	-350.0	-350.0	-350.0	-350.0	-350.0	-350.0	
16260	93.0	93.0	-	-	-	Off	Off	Off	Off	Off			0.2	-32.6	13.8	15.5	Off	Off	On	17.6	0.0	-32.6	0.7	7.9	1.9	7.5	13.8	15.5	-350.0	-350.0	-350.0	-350.0	-350.0	-350.0	
16320	92.8	93.0	-	-	-	Off	Off	Off	Off	Off			0.2	-32.7	13.8	15.5	Off	Off	On	26.4	0.0	-32.7	0.6	7.8	1.9	7.5	13.8	15.5	-350.0	-350.0	-350.0	-350.0	-350.0	-350.0	
16380	92.8	93.0	-	-	-	Off	Off	Off	Off	Off			0.2	-32.8	13.8	15.5	Off	Off	On	15.5	0.0	-32.8	0.6	7.9	1.9	7.5	13.8	15.5	-350.0	-350.0	-350.0	-350.0	-350.0	-350.0	
16440	93.2	2.0	-	-	-	Off	Off	Off	Off	Off			0.2	-32.8	13.8	15.5	Off	Off	On	-5.3	0.0	-32.8	0.6	7.8	1.8	7.7	13.8	15.5	-350.0	-350.0	-350.0	-350.0	-350.0	-350.0	
16500	92.0	2.0	-	-	-	Off	Off	Off	Off	Off			0.2	-31.7	14.4	16.6	Off	Off	On	-48.0	0.0	-31.7	0.9	8.1	2.0	10.3	14.4	16.6	-350.0	-350.0	-350.0	-350.0	-350.0	-350.0	
16560	80.9	2.0	-	-	-	Off	Off	Off	Off	Off			0.2	-27.8	13.9	16.5	Off	Off	On	-32.1	0.0	-27.8	0.7	8.3	2.1	9.9	13.9	16.5	-350.0	-350.0	-350.0	-350.0	-350.0	-350.0	
16620	70.8	2.0	-	-	-	Off	Off	Off	Off	Off			0.2	-26.9	13.7	15.7	Off	Off	On	-49.3	0.0	-26.9	0.6	8.5	1.8	8.4	13.7	15.7	-350.0	-350.0	-350.0	-350.0	-350.0	-350.0	
16680	58.4	2.0	-	-	-	Off	Off	Off	Off	Off			0.2	-24.5	14.2	15.9	Off	Off	On	-96.9	0.0	-24.5	0.8	8.7	1.7	11.2	14.2	15.9	-350.0	-350.0	-350.0	-350.0	-350.0	-350.0	
16740	32.6	2.0	-	-	-	Off	Off	Off	Off	Off			0.2	-14.0	14.6	17.1	Off	Off	On	-32.6	0.0	-14.3	1.0	9.0	2.2	11.1	14.5	17.1	-350.0	-350.0	-350.0	-350.0	-350.0	-350.0	
16800	24.4	2.0	-	-	-	Off	Off	Off	Off	Off			0.2	-24.6	14.4	16.6	Off	Off	On	-76.6	0.0	-24.6	0.9	9.2	2.1	10.3	14.4	16.6	-350.0	-350.0	-350.0	-350.0	-350.0	-350.0	
16860	13.6	2.0	-	-	-	Off	Off	Off	Off	Off			0.2	-16.0	14.4	17.3	Off	Off	On	-46.4	0.0	-16.0	0.9	9.0	2.2	11.9	14.4	17.3	-350.0	-350.0	-350.0	-350.0	-350.0	-350.0	
16920	4.5	2.0	-	-	-	Off	Off	Off	Off	Off			0.2	-21.5	14.8	16.9	Off	Off	On	-45.8	0.0	-21.5	1.1	9.6	2.2	10.4	14.8	16.9	-350.0	-350.0	-350.0	-350.0	-350.0	-350.0	
16980	0.7	2.0	-	-	-	Off	Off	Off	Off	Off			0.2	-22.3	14.0	16.2	Off	Off	On	-28.3	0.0	-22.3	0.7	9.0	2.0	9.1	14.0	16.2	-350.0	-350.0	-350.0	-350.0	-350.0	-350.0	
17040	1.2	2.0	-	-	-	Off	Off	Off	Off	Off			0.2	-28.3	14.1	15.8	Off	Off	On	-50.0	0.0	-28.3	0.8	9.1	1.9	8.9	14.2	15.8	-350.0	-350.0	-350.0	-350.0	-350.0	-350.0	
17100	-0.5	2.0	-	-	-	Off	Off	Off	Off	Off			0.2	-30.4	13.6	15.7	Off	Off	On	-25.1	0.0	-30.3	0.5	8.7	1.8	8.1	13.6	15.6	-350.0	-350.0	-350.0	-350.0	-350.0	-350.0	
17160	-0.4	2.0	-	-	-	Off	Off	Off	Off	Off			0.2	-30.6	13.6	15.7	Off	Off	On	-32.5	0.0	-30.6	0.5	8.3	1.8	8.0	13.6	15.7	-350.0	-350.0	-350.0	-350.0	-350.0	-350.0	
17220	-1.3	2.0	-	-	-	Off	Off	Off	Off	Off			0.2	-32.6	14.1	15.9	Off	Off	On	-20.5	0.0	-32.6	0.8	8.5	1.9	8.4	14.1	15.9	-350.0	-350.0	-350.0	-350.0	-350.0	-350.0	
17280	-1.6	2.0	-	-	-	Off	Off	Off	Off	Off			0.2	-33.1	14.2	16.0	Off	Off	On	-17.8	0.0	-33.1	0.8	8.4	2.0	8.4	14.2	16.0	-350.0	-350.0	-350.0	-350.0	-350.0	-350.0	
17340	-1.5	2.0	-	-	-	Off	Off	Off	Off	Off			0.2	-33.3	14.1	16.1	Off	Off	On	-15.7	0.0	-33.3	0.8	8.1	2.1	8.3	14.1	16.1	-350.0	-350.0	-350.0	-350.0	-350.0	-350.0	
17400	-1.3	2.0	-	-	-	Off	Off	Off	Off	Off			0.2	-33.7	14.1	16.2	Off	Off	On	-13.9	0.0	-33.7	0.8	8.1	2.0	8.7	14.2	16.1	-350.0	-350.0	-350.0	-350.0	-350.0	-350.0	
17460	-0.9	2.0	-	-	-	Off	Off	Off	Off	Off			0.2	-33.9	14.1	16.1	Off	Off	On	-12.2	0.0	-33.9	0.8	8.2	2.0	8.9	14.0	16.0	-350.0	-350.0	-350.0	-350.0	-350.0	-350.0	
17520	-0.5	2.0	-	-	-	Off	Off	Off	Off	Off			0.2	-33.9	14.2	16.4	Off	Off	On	-12.0	0.0	-33.9	0.8	8.3	2.1	8.9	14.2	16.4	-350.0	-350.0	-350.0	-350.0	-350.0	-350.0	
17580	-0.2	2.0	-	-	-	Off	Off	Off	Off	Off			0.2	-33.9	14.4	16.5	Off	Off	On	-10.6	0.0	-33.9	0.8	8.2	2.1	9.0	14.4	16.5	-350.0	-350.0	-350.0	-350.0	-350.0	-350.0	
17640	0.1	2.0	-	-	-	Off	Off	Off	Off	Off			0.2	-34.0	14.3	16.4	Off	Off	On	-9.8	0.0	-34.0	0.8	8.1	2.1	8.8	14.3	16.4	-350.0	-350.0	-350.0	-350.0	-350.0	-350.0	
17700	0.4	2.0	-	-	-	Off	Off	Off	Off	Off			0.2	-34.3	14.4	16.4	Off	Off	On	-9.3	0.0	-34.3	0.8	8.2	2.0	9.0	14.4	16.4	-350.0	-350.0	-350.0	-350.0	-350.0	-350.0	
17760	0.7	2.0	-	-	-	Off	Off	Off	Off	Off			0.2	-34.6	14.3	16.3	Off	Off	On	-9.1	0.0	-34.6	0.8	8.2	2.1	8.8	14.2	16.3	-350.0	-350.0	-350.0	-350.0	-350.0	-350.0	
17820	0.9	2.0	-	-	-	Off	Off	Off	Off	Off			0.2	-34.9	14.3	16.5	Off	Off	On	-8.3	0.0	-34.9	0.8	8.2	2.1	8.8	14.3	16.5	-350.0	-350.0	-350.0	-350.0	-350.0	-350.0	
17880	1.1	2.0	-	-	-	Off	Off	Off	Off	Off			0.2	-35.2	14.3	16.5	Off	Off	On	-8.1	0.0	-35.2	0.8	8.2	2.1	8.9	14.3	16.5	-350.0	-350.0	-350.0	-350.0	-350.0	-350.0	
17940	1.2	2.0	-	-	-	Off	Off	Off	Off	Off			0.2	-35.4	14.2	16.4	Off	Off	On	-7.8	0.0	-35.4	0.8	8.2	2.1	8.8	14.2	16.4	-350.0	-350.0	-350.0	-350.0	-350.0	-350.0	
18000	1.3	2.0	-	-	-	Off	Off	Off	Off	Off			0.2	-35.6	14.2	16.4	Off	Off	On	-7.3	0.0	-35.6	0.8	8.1	2.1	8.7	14.2	16.4	-350.0	-350.0	-350.0	-350.0	-350.0	-350.0	
18060	1.4	2.0	-	-	-	Off	Off	Off	Off	Off			0.2	-35.9	14.1	16.3	Off	Off	On	-7.3	0.0	-35.9	0.8	8.1	2.1	8.7	14.1	16.3	-350.0	-350.0	-350.0	-350.0	-350.0	-350.0	
18120	1.5	2.0	-	-	-	Off	Off	Off	Off	Off			0.2	-36.2	14.1	16.3	Off	Off	On	-7.2	0.0	-36.2	0.8	8.2	2.1	8.7	14.2	16.3	-350.0	-350.0	-350.0	-350.0	-350.0	-350.0	
18180	1.9	22.0	-	-	-	Off	Off	Off	Off	Off			0.2	-36.6	13.9	16.0	Off	Off	On	100.0	0.0	-36.6	0.7	8.0	2.1	8.4	13.9	16.0	-350.0	-350.0	-350.0	-350.0	-350.0	-350.0	
18240	11.0	22.0	-	-	-	Off	Off	Off	Off	Off			0.2	-37.3	13.9	16.0	Off	Off	On	100.0	0.0	-37.3	0.7	7.9	2.0	8.2	13.9	16.0	-350.0	-350.0	-350.0	-350.0	-350.0	-350.0	
18300	28.5	22.0	-	-	-	Off	Off	Off	Off	Off			0.2	-37.6	14.1	16.3	Off	Off	On	-44.3	0.0	-37.6	0.8	8.0	2.0	9.1	14.1	16.3	-350.0	-350.0	-350.0	-350.0	-350.0	-350.0	
18360	29.8	22.0	-	-	-	Off	Off	Off	Off	Off			0.2	-32.8	14.3	16.8	Off	Off	On	83.2	0.0	-32.8	0.9	8.2	2.2	9.8	14.3	16.8	-350.0	-350.0	-350.0	-350.0	-350.0	-350.0	
18420	26.4	22.0	-	-	-	Off	Off	Off	Off	Off			0.2	-32.7	14.0	15.9	Off	Off	On	-18.1	0.0	-32.7	0.7	8.3	2.0	8.2	14.0	15.9	-350.0	-350.0	-350.0	-350.0	-350.0	-350.0	
18480	28.6	22.0	-	-	-	Off	Off	Off	Off	Off			0.2	-33.6	14.3	16.4	Off	Off	On	-19.5	0.0	-33.6	0.8	8.5	2.1	9.2	14.3	16.4	-350.0	-350.0	-350.0	-350.0	-350.0	-350.0	
18540	25.1	22.0	-	-	-	Off	Off	Off	Off	Off			0.2	-35.2	14.0	16.1	Off	Off	On	-10.1	0.0	-35.1	0.7	8.1	2.1	8.3	14.1	16.1	-350.0	-350.0	-350.0	-350.0	-350.0	-350.0	
18600	25.3	22.0	-	-	-	Off	Off	Off	Off	Off			0.2	-35.1	14.3	16.5	Off	Off	On	-14.9	0.0	-35.1	0.8	8.1	2.1	9.1	14.3	16.5	-350.0	-350.0	-350.0	-350.0	-350.0	-350.0	
18660	23.0	22.0	-	-	-	Off	Off	Off	Off	Off			0.2	-35.8	14.0	16.2	Off	Off	On	-4.6	0.0	-35.8	0.7	8.1	2.1	8.5	14.0	16.2	-350.0	-350.0	-350.0	-350.0	-350.0	-350.0	
18720	23.1	22.0	-	-	-	Off	Off	Off	Off	Off			0.2	-36.4	14.2	16.3	Off	Off	On	-10.9	0.0	-36.4	0.8	8.2	2.1	8.9	14.2	16.3	-350.0	-350.0	-350.0	-350.0	-350.0	-350.0	
18780	21.9	22.0	-	-	-	Off	Off	Off	Off	Off			0.2	-36.5	14.0	16.1	Off	Off	On	-1.2	0.0	-36.5	0.7	8.1	2.1	8.6	14.0	16.1	-350.0	-350.0	-350.0	-350.0	-350.0	-350.0	
18840	21.8	22.0	-	-	-	Off	Off	Off	Off	Off			0.2	-37.1	14.0	16.2	Off	Off	On	-6.0	0.0	-37.1	0.7	8.1	2.1	8.6	14.1	16.3	-350.0	-350.0	-350.0	-350.0	-350.0	-350.0	
18900	21.7	22.0	-	-	-	Off	Off	Off	Off	Off			0.2	-37.4	14.0	16.3	Off	Off	On	-2.9	0.0	-37.4	0.7	8.1	2.1	8.7	14.0	16.3	-350.0	-350.0	-350.0	-350.0	-350.0	-350.0	
18960	21.5	22.0	-	-	-	Off	Off	Off	Off	Off			0.2	-37.8	13.9	16.1	Off	Off	On	-2.3	0.0	-37.8	0.7	8.1	2.1	8.4	13.9	16.1	-350.0	-350.0	-350.0	-350.0	-350.0	-350.0	
19020	21.5	22.0	-	-	-	Off	Off	Off	Off	Off			0.2	-38.2	13.9	16.1	Off	Off	On	-2.3	0.0	-38.2	0.7	8.1	2.1	8.3	13.9	16.1	-350.0	-350.0	-350.0	-350.0	-350.0	-350.0	
19080	21.5	22.0	-	-	-	Off	Off	Off	Off	Off			0.2	-38.5	14.0	16.3	Off	Off	On	-2.0	0.0	-38.5	0.7	8.0	2.1	8.5	14.0	16.3	-350.0	-350.0	-350.0	-350.0	-350.0	-350.0	
19140	21.6	22.0	-	-	-	Off	Off	Off	Off	Off			0.2	-38.8	14.0	16.2	Off	Off	On	-2.0	0.0	-38.8	0.7	8.0	2.1	8.4	14.0	16.2	-350.0	-350.0	-350.0	-350.0	-350.0	-350.0	
19200	21.6	22.0	-	-	-	Off	Off	Off	Off	Off			0.2	-39.0	14.0	16.2	Off	Off	On	-1.9	0.0	-39.0	0.7	8.0	2.1	8.4	14.0	16.3	-350.0	-350.0	-350.0	-350.0	-350.0	-350.0	
19260	21.7	22.0	-	-	-	Off	Off	Off	Off	Off			0.2	-39.1	13.9	16.2	Off	Off	On	-2.0	0.0	-39.1	0.7	8.1	2.1	8.4	13.9	16.2	-350.0	-350.0	-350.0	-350.0	-350.0	-350.0	
19320	21.8	22.0	-	-	-	Off	Off	Off	Off	Off			0.2	-39.2	14.0	16.3	Off	Off	On	-1.5	0.0	-39.2	0.7	8.0	2.1	8.4	14.0	16.3	-350.0	-350.0	-350.0	-350.0	-350.0	-350.0	
19380	21.8	22.0	-	-	-	Off	Off	Off	Off	Off			0.2	-39.3	14.0	16.3	Off	Off	On	-2.1	0.0	-39.3	0.7	8.0	2.1	8.5	14.0	16.3	-350.0	-350.0	-350.0	-350.0	-350.0	-350.0	
19440	21.9	22.0	-	-	-	Off	Off	Off	Off	Off			0.2	-39.4	14.0	16.2	Off	Off	On	-1.7	0.0	-39.4	0.7	8.0	2.1	8.5	14.0	16.2	-350.0	-350.0	-350.0	-350.0	-350.0	-350.0	
19500	21.9	22.0	-	-	-	Off	Off	Off	Off	Off			0.2	-39.5	13.9	16.2	Off	Off	On	-1.8	0.0	-39.5	0.7	8.1	2.0	8.7	13.9	16.2	-350.0	-350.0	-350.0	-350.0	-350.0	-350.0	
19560	21.9	22.0	-	-	-	Off	Off	Off	Off	Off			0.2	-39.5	14.0	16.3	Off	Off	On	-1.8	0.0	-39.5	0.7	8.0	2.1	8.7	14.0	16.3	-350.0	-350.0	-350.0	-350.0	-350.0	-350.0	
19620	21.9	22.0	-	-	-	Off	Off	Off	Off	Off			0.2	-39.5	14.0	16.2	Off	Off	On	-1.7	0.0	-39.5	0.7	8.1	2.1	8.4	14.0	16.2	-350.0	-350.0	-350.0	-350.0	-350.0	-350.0	
19680	22.0	22.0	-	-	-	Off	Off	Off	Off	Off			0.2	-39.5	14.0	16.2	Off	Off	On	-1.8	0.0	-39.5	0.6	8.0	2.0	8.6	14.0	16.2	-350.0	-350.0	-350.0	-350.0	-350.0	-350.0	
19740	22.0	22.0	-	-	-	Off	Off	Off	Off	Off			0.2	-39.6	14.0	16.2	Off	Off	On	-1.6	0.0	-39.6	0.6	8.0	2.1	8.4	14.0	16.2	-350.0	-350.0	-350.0	-350.0	-350.0	-350.0	
19800	22.0	22.0	-	-	-	Off	Off	Off	Off	Off			0.2	-39.6	14.1	16.4	Off	Off	On	-1.6	0.0	-39.6	0.7	8.1	2.1	8.4	14.1	16.4	-350.0	-350.0	-350.0	-350.0	-350.0	-350.0	
19860	22.0	22.0	-	-	-	Off	Off	Off	Off	Off			0.2	-39.6	14.1	16.3	Off	Off	On	-1.4	0.0	-39.6	0.6	8.0	2.1	8.4	14.1	16.3	-350.0	-350.0	-350.0	-350.0	-350.0	-350.0	
19920	22.0	22.0	-	-	-	Off	Off	Off	Off	Off			0.2	-39.6	14.2	16.3	Off	Off	On	-1.5	0.0	-39.6	0.6	8.2	2.1	8.4	14.2	16.4	-350.0	-350.0	-350.0	-350.0	-350.0	-350.0	
19980	22.0	22.0	-	-	-	Off	Off	Off	Off	Off			0.2	-39.6	14.0	16.3	Off	Off	On	-1.3	0.0	-39.6	0.6	8.1	2.1	8.4	14.0	16.3	-350.0	-350.0	-350.0	-350.0	-350.0	-350.0	
20040	22.0	22.0	-	-	-	Off	Off	Off	Off	Off			0.2	-39.7	13.9	16.2	Off	Off	On	-1.7	0.0	-39.7	0.6	8.0	2.1	8.4	13.9	16.2	-350.0	-350.0	-350.0	-350.0	-350.0	-350.0	
20100	22.0	22.0	-	-	-	Off	Off	Off	Off	Off			0.2	-39.7	13.7	16.1	Off	Off	On	-1.9	0.0	-39.7	0.6	8.0	2.1	8.4	13.7	16.1	-350.0	-350.0	-350.0	-350.0	-350.0	-350.0	
20160	22.0	22.0	-	-	-	Off	Off	Off	Off	Off			0.2	-39.7	13.7	16.1	Off	Off	On	-1.5	0.0	-39.7	0.6	8.0	2.1	8.5	13.7	16.1	-350.0	-350.0	-350.0	-350.0	-350.0	-350.0	
20220	22.0	22.0	-	-	-	Off	Off	Off	Off	Off			0.2	-39.8	13.6	16.0	Off	Off	On	-1.3	0.0	-39.8	0.6	8.0	2.1	8.4	13.6	16.0	-350.0	-350.0	-350.0	-350.0	-350.0	-350.0	
20280	22.0	22.0	-	-	-	Off	Off	Off	Off	Off			0.2	-39.8	13.7	16.1	Off	Off	On	-1.2	0.0	-39.8	0.7	8.1	2.1	8.5	13.7	16.1	-350.0	-350.0	-350.0	-350.0	-350.0	-350.0	
20340	22.0	22.0	-	-	-	Off	Off	Off	Off	Off			0.2	-39.8	13.6	16.0	Off	Off	On	-1.2	0.0	-39.8	0.6	8.1	2.1	8.5	13.6	16.0	-350.0	-350.0	-350.0	-350.0	-350.0	-350.0	
20400	22.0	22.0	-	-	-	Off	Off	Off	Off	Off			0.2	-39.8	13.6	16.1	Off	Off	On	-1.3	0.0	-39.8	0.6	8.0	2.1	8.5	13.6	16.1	-350.0	-350.0	-350.0	-350.0	-350.0	-350.0	
20460	22.0	22.0	-	-	-	Off	Off	Off	Off	Off			0.2	-39.8	13.6	16.0	Off	Off	On	-1.3	0.0	-39.8	0.7	8.1	2.1	8.5	13.6	16.0	-350.0	-350.0	-350.0	-350.0	-350.0	-350.0	
20520	22.0	22.0	-	-	-	Off	Off	Off	Off	Off			0.2	-39.9	13.6	16.1	Off	Off	On	-2.1	0.0	-39.9	0.7	8.1	2.1	8.6	13.6	16.1	-350.0	-350.0	-350.0	-350.0	-350.0	-350.0	
20580	22.0	22.0	-	-	-	Off	Off	Off	Off	Off			0.2	-39.9	13.6	16.1	Off	Off	On	-1.9	0.0	-39.9	0.6	8.0	2.1	8.5	13.6	16.1	-350.0	-350.0	-350.0	-350.0	-350.0	-350.0	
20640	22.0	22.0	-	-	-	Off	Off	Off	Off	Off			0.2	-39.9	13.7	16.1	Off	Off	On	-1.7	0.0	-39.9	0.7	8.0	2.1	8.6	13.6	16.2	-350.0	-350.0	-350.0	-350.0	-350.0	-350.0	
20700	22.0	22.0	-	-	-	Off	Off	Off	Off	Off			0.2	-39.9	13.8	16.3	Off	Off	On	-1.7	0.0	-39.9	0.7	8.1	2.1	8.7	13.8	16.3	-350.0	-350.0	-350.0	-350.0	-350.0	-350.0	
20760	22.0	22.0	-	-	-	Off	Off	Off	Off	Off			0.2	-40.0	13.6	16.0	Off	Off	On	-1.9	0.0	-40.0	0.6	8.0	2.0	8.8	13.6	16.0	-350.0	-350.0	-350.0	-350.0	-350.0	-350.0	
20820	22.0	22.0	-	-	-	Off	Off	Off	Off	Off			0.2	-40.0	13.6	16.1	Off	Off	On	-1.3	0.0	-40.0	0.7	8.1	2.1	8.5	13.6	16.1	-350.0	-350.0	-350.0	-350.0	-350.0	-350.0	
20880	22.0	22.0	-	-	-	Off	Off	Off	Off	Off			0.2	-39.9	13.7	16.1	Off	Off	On	-1.5	0.0	-39.9	0.6	8.1	2.1	8.5	13.7	16.1	-350.0	-350.0	-350.0	-350.0	-350.0	-350.0	
20940	22.0	22.0	-	-	-	Off	Off	Off	Off	Off			0.2	-39.9	13.7	16.1	Off	Off	On	-0.9	0.0	-39.9	0.6	8.0	2.1	8.5	13.7	16.1	-350.0	-350.0	-350.0	-350.0	-350.0	-350.0	
21000	22.0	22.0	-	-	-	Off	Off	Off	Off	Off			0.2	-39.9	13.8	16.2	Off	Off	On	-1.3	0.0	-39.9	0.6	8.0	2.1	8.5	13.7	16.2	-350.0	-350.0	-350.0	-350.0	-350.0	-350.0	
21060	22.0	22.0	-	-	-	Off	Off	Off	Off	Off			0.2	-39.9	13.7	16.1	Off	Off	On	-0.8	0.0	-39.9	0.7	8.0	2.1	8.6	13.7	16.1	-350.0	-350.0	-350.0	-350.0	-350.0	-350.0	
21120	22.1	22.0	-	-	-	Off	Off	Off	Off	Off			0.2	-36.1	14.2	15.9	Off	Off	On	-3.2	0.0	-36.1	0.9	8.4	2.0	8.2	14.2	15.9	-350.0	-350.0	-350.0	-350.0	-350.0	-350.0	
21180	22.2	22.0	-	-	-	Off	Off	Off	Off	Off			0.2	-37.9	14.0	15.9	Off	Off	On	-2.1	0.0	-37.9	0.8	8.2	2.0	8.1	14.0	15.9	-350.0	-350.0	-350.0	-350.0	-350.0	-350.0	
21240	22.0	22.0	-	-	-	Off	Off	Off	Off	Off			0.2	-38.4	14.0	16.0	Off	Off	On	-1.7	0.0	-38.4	0.7	8.1	2.0	8.0	14.0	16.0	-350.0	-350.0	-350.0	-350.0	-350.0	-350.0	
21300	22.0	22.0	-	-	-	Off	Off	Off	Off	Off			0.2	-38.8	14.0	16.1	Off	Off	On	-1.8	0.0	-38.8	0.7	8.0	2.0	8.1	14.0	16.1	-350.0	-350.0	-350.0	-350.0	-350.0	-350.0	
21360	22.0	22.0	-	-	-	Off	Off	Off	Off	Off			0.2	-39.2	13.9	15.9	Off	Off	On	-1.9	0.0	-39.2	0.7	8.1	2.0	8.2	13.9	15.9	-350.0	-350.0	-350.0	-350.0	-350.0	-350.0	
21420	21.9	22.0	-	-	-	Off	Off	Off	Off	Off			0.2	-39.4	13.9	15.9	Off	Off	On	-1.6	0.0	-39.4	0.6	8.1	2.0	7.9	13.9	15.9	-350.0	-350.0	-350.0	-350.0	-350.0	-350.0	
21480	22.0	22.0	-	-	-	Off	Off	Off	Off	Off			0.2	-39.6	13.8	15.9	Off	Off	On	-1.7	0.0	-39.6	0.6	7.9	2.0	8.0	13.8	15.9	-350.0	-350.0	-350.0	-350.0	-350.0	-350.0	
21540	21.9	22.0	-	-	-	Off	Off	Off	Off	Off			0.2	-39.7	13.7	15.9	Off	Off	On	-1.0	0.0	-39.7	0.6	8.0	2.0	8.0	13.7	15.9	-350.0	-350.0	-350.0	-350.0	-350.0	-350.0	
21600	22.0	22.0	-	-	-	Off	Off	Off	Off	Off			0.2	-39.8	13.8	16.0	Off	Off	On	-1.0	0.0	-39.8	0.7	8.1	2.0	8.1	13.8	16.0	-350.0	-350.0	-350.0	-350.0	-350.0	-350.0	
21660	22.0	22.0	-	-	-	Off	Off	Off	Off	Off			0.2	-39.9	13.8	16.0	Off	Off	On	-2.0	0.0	-39.9	0.7	8.1	2.1	8.3	13.8	16.0	-350.0	-350.0	-350.0	-350.0	-350.0	-350.0	
21720	22.0	22.0	-	-	-	Off	Off	Off	Off	Off			0.2	-40.0	13.8	15.9	Off	Off	On	-2.1	0.0	-40.0	0.6	8.0	2.0	8.1	13.7	15.9	-350.0	-350.0	-350.0	-350.0	-350.0	-350.0	
21780	21.9	22.0	-	-	-	Off	Off	Off	Off	Off			0.2	-40.1	13.7	16.0	Off	Off	On	-1.0	0.0	-40.1	0.6	8.2	2.0	8.2	13.7	16.0	-350.0	-350.0	-350.0	-350.0	-350.0	-350.0	
21840	22.0	22.0	-	-	-	Off	Off	Off	Off	Off			0.2	-40.0	13.7	15.9	Off	Off	On	-1.0	0.0	-40.0	0.6	8.0	2.0	8.2	13.7	15.9	-350.0	-350.0	-350.0	-350.0	-350.0	-350.0	
21900	22.0	22.0	-	-	-	Off	Off	Off	Off	Off			0.2	-40.1	13.7	16.0	Off	Off	On	-0.9	0.0	-40.1	0.6	8.1	2.1	8.3	13.7	16.0	-350.0	-350.0	-350.0	-350.0	-350.0	-350.0	
21960	22.0	22.0	-	-	-	Off	Off	Off	Off	Off			0.2	-40.1	13.7	16.0	Off	Off	On	-2.1	0.0	-40.1	0.7	8.2	2.1	8.4	13.7	16.0	-350.0	-350.0	-350.0	-350.0	-350.0	-350.0	
22020	22.0	22.0	-	-	-	Off	Off	Off	Off	Off			0.2	-40.1	13.7	16.2	Off	Off	On	-2.0	0.0	-40.1	0.7	8.0	2.1	8.5	13.7	16.2	-350.0	-350.0	-350.0	-350.0	-350.0	-350.0	
22080	22.0	22.0	-	-	-	Off	Off	Off	Off	Off			0.2	-40.1	13.8	16.1	Off	Off	On	-1.4	0.0	-40.1	0.6	8.1	2.1	8.3	13.8	16.1	-350.0	-350.0	-350.0	-350.0	-350.0	-350.0	
22140	22.0	22.0	-	-	-	Off	Off	Off	Off	Off			0.2	-40.1	13.6	15.9	Off	Off	On	-1.3	0.0	-40.1	0.6	8.1	2.1	8.3	13.6	15.9	-350.0	-350.0	-350.0	-350.0	-350.0	-350.0	
22200	22.0	22.0	-	-	-	Off	Off	Off	Off	Off			0.2	-40.1	13.7	16.0	Off	Off	On	-0.8	0.0	-40.1	0.6	8.1	2.1	8.4	13.7	16.0	-350.0	-350.0	-350.0	-350.0	-350.0	-350.0	
22260	22.0	22.0	-	-	-	Off	Off	Off	Off	Off			0.2	-40.1	13.6	16.0	Off	Off	On	-2.0	0.0	-40.1	0.6	8.0	2.1	8.4	13.6	16.0	-350.0	-350.0	-350.0	-350.0	-350.0	-350.0	
22320	22.0	22.0	-	-	-	Off	Off	Off	Off	Off			0.2	-40.2	13.7	16.1	Off	Off	On	-1.4	0.0	-40.2	0.6	8.0	2.1	8.5	13.7	16.1	-350.0	-350.0	-350.0	-350.0	-350.0	-350.0	
22380	22.0	22.0	-	-	-	Off	Off	Off	Off	Off			0.2	-40.3	13.6	16.0	Off	Off	On	-1.8	0.0	-40.3	0.6	8.0	2.1	8.3	13.6	16.0	-350.0	-350.0	-350.0	-350.0	-350.0	-350.0	
22440	22.0	22.0	-	-	-	Off	Off	Off	Off	Off			0.2	-40.3	13.5	16.0	Off	Off	On	-1.1	0.0	-40.2	0.6	8.0	2.1	8.4	13.6	16.0	-350.0	-350.0	-350.0	-350.0	-350.0	-350.0	
22500	22.0	22.0	-	-	-	Off	Off	Off	Off	Off			0.2	-40.2	13.6	16.0	Off	Off	On	-1.3	0.0	-40.2	0.6	8.0	2.1	8.4	13.6	16.0	-350.0	-350.0	-350.0	-350.0	-350.0	-350.0	
22560	22.0	22.0	-	-	-	Off	Off	Off	Off	Off			0.2	-40.2	13.6	16.1	Off	Off	On	-0.9	0.0	-40.2	0.6	8.1	2.1	8.4	13.6	16.1	-350.0	-350.0	-350.0	-350.0	-350.0	-350.0	
22620	22.0	22.0	-	-	-	Off	Off	Off	Off	Off			0.2	-40.2	13.7	16.1	Off	Off	On	-1.9	0.0	-40.2	0.7	8.0	2.1	8.6	13.7	16.1	-350.0	-350.0	-350.0	-350.0	-350.0	-350.0	
22680	22.0	22.0	-	-	-	Off	Off	Off	Off	Off			0.2	-40.2	13.9	16.3	Off	Off	On	-1.8	0.0	-40.2	0.6	8.1	2.0	8.6	13.9	16.3	-350.0	-350.0	-350.0	-350.0	-350.0	-350.0	
22740	22.0	22.0	-	-	-	Off	Off	Off	Off	Off			0.2	-40.2	13.9	16.3	Off	Off	On	-1.1	0.0	-40.2	0.6	8.0	2.1	8.4	13.9	16.3	-350.0	-350.0	-350.0	-350.0	-350.0	-350.0	
22800	22.0	22.0	-	-	-	Off	Off	Off	Off	Off			0.2	-40.2	14.1	16.5	Off	Off	On	-0.7	0.0	-40.2	0.6	8.0	2.1	8.5	14.1	16.5	-350.0	-350.0	-350.0	-350.0	-350.0	-350.0	
22860	22.0	22.0	-	-	-	Off	Off	Off	Off	Off			0.2	-40.2	14.1	16.4	Off	Off	On	-1.0	0.0	-40.2	0.6	8.0	2.1	8.5	14.1	16.4	-350.0	-350.0	-350.0	-350.0	-350.0	-350.0	
22920	22.0	22.0	-	-	-	Off	Off	Off	Off	Off			0.2	-40.2	14.1	16.5	Off	Off	On	-1.5	0.0	-40.2	0.6	7.9	2.1	8.5	14.1	16.5	-350.0	-350.0	-350.0	-350.0	-350.0	-350.0	
22980	22.0	22.0	-	-	-	Off	Off	Off	Off	Off			0.2	-40.3	14.2	16.7	Off	Off	On	-2.0	0.0	-40.3	0.7	8.0	2.1	8.8	14.2	16.7	-350.0	-350.0	-350.0	-350.0	-350.0	-350.0	
23040	22.0	22.0	-	-	-	Off	Off	Off	Off	Off			0.2	-40.3	14.1	16.5	Off	Off	On	-1.6	0.0	-40.3	0.6	8.0	2.1	8.5	14.1	16.5	-350.0	-350.0	-350.0	-350.0	-350.0	-350.0	
23100	22.0	22.0	-	-	-	Off	Off	Off	Off	Off			0.2	-40.2	14.2	16.6	Off	Off	On	-1.1	0.0	-40.2	0.6	8.0	2.1	8.5	14.2	16.6	-350.0	-350.0	-350.0	-350.0	-350.0	-350.0	
23160	22.0	22.0	-	-	-	Off	Off	Off	Off	Off			0.2	-40.2	14.2	16.6	Off	Off	On	-0.8	0.0	-40.2	0.6	8.0	2.1	8.5	14.3	16.5	-350.0	-350.0	-350.0	-350.0	-350.0	-350.0	
23220	22.0	22.0	-	-	-	Off	Off	Off	Off	Off			0.2	-40.2	14.2	16.6	Off	Off	On	-1.5	0.0	-40.2	0.6	8.0	2.1	8.6	14.2	16.6	-350.0	-350.0	-350.0	-350.0	-350.0	-350.0	
23280	22.0	22.0	-	-	-	Off	Off	Off	Off	Off			0.2	-40.2	14.4	16.7	Off	Off	On	-1.8	0.0	-40.2	0.7	8.0	2.1	8.7	14.4	16.7	-350.0	-350.0	-350.0	-350.0	-350.0	-350.0	
23340	22.0	22.0	-	-	-	Off	Off	Off	Off	Off			0.2	-40.2	14.2	16.5	Off	Off	On	-1.5	0.0	-40.2	0.6	8.1	2.1	8.5	14.2	16.5	-350.0	-350.0	-350.0	-350.0	-350.0	-350.0	
23400	22.0	22.0	-	-	-	Off	Off	Off	Off	Off			0.2	-40.2	14.3	16.6	Off	Off	On	-1.0	0.0	-40.2	0.6	8.1	2.1	8.5	14.3	16.6	-350.0	-350.0	-350.0	-350.0	-350.0	-350.0	
23460	22.0	22.0	-	-	-	Off	Off	Off	Off	Off			0.2	-40.2	14.2	16.5	Off	Off	On	-1.0	0.0	-40.2	0.7	8.0	2.1	8.6	14.2	16.5	-350.0	-350.0	-350.0	-350.0	-350.0	-350.0	
23520	22.0	22.0	-	-	-	Off	Off	Off	Off	Off			0.2	-40.2	14.1	16.4	Off	Off	On	-1.1	0.0	-40.2	0.7	8.1	2.1	8.6	14.1	16.4	-350.0	-350.0	-350.0	-350.0	-350.0	-350.0	
23580	22.0	22.0	-	-	-	Off	Off	Off	Off	Off			0.2	-40.2	14.2	16.6	Off	Off	On	-1.8	0.0	-40.2	0.7	8.1	2.1	8.8	14.2	16.6	-350.0	-350.0	-350.0	-350.0	-350.0	-350.0	
23640	22.0	22.0	-	-	-	Off	Off	Off	Off	Off			0.2	-40.3	14.0	16.4	Off	Off	On	-1.3	0.0	-40.3	0.6	8.1	2.1	8.5	14.0	16.4	-350.0	-350.0	-350.0	-350.0	-350.0	-350.0	
23700	22.0	22.0	-	-	-	Off	Off	Off	Off	Off			0.3	-40.2	0.2	0.3	Off	Off	On	-0.7	0.0	-40.2	1.2	7.6	2.8	6.7	0.2	0.3	-350.0	-350.0	-350.0	-350.0	-350.0	-350.0	
23760	22.1	22.0	-	-	-	Off	Off	Off	Off	Off			0.2	-36.1	14.4	16.1	Off	Off	On	-2.5	0.0	-36.1	0.8	8.4	2.0	8.0	14.4	16.1	-350.0	-350.0	-350.0	-350.0	-350.0	-350.0	
23820	22.1	22.0	-	-	-	Off	Off	Off	Off	Off			0.2	-38.2	14.2	16.1	Off	Off	On	-1.6	0.0	-38.2	0.8	8.3	2.0	8.1	14.3	16.1	-350.0	-350.0	-350.0	-350.0	-350.0	-350.0	
23880	22.0	22.0	-	-	-	Off	Off	Off	Off	Off			0.2	-38.7	14.2	16.2	Off	Off	On	-2.2	0.0	-38.7	0.7	8.1	2.0	8.1	14.1	16.1	-350.0	-350.0	-350.0	-350.0	-350.0	-350.0	
23940	22.0	22.0	-	-	-	Off	Off	Off	Off	Off			0.2	-39.0	14.1	16.0	Off	Off	On	-2.0	0.0	-39.0	0.7	8.1	1.9	8.1	14.1	16.0	-350.0	-350.0	-350.0	-350.0	-350.0	-350.0	
24000	22.0	22.0	-	-	-	Off	Off	Off	Off	Off			0.2	-39.4	14.2	16.1	Off	Off	On	-1.7	0.0	-39.4	0.6	8.2	2.0	7.9	14.2	16.1	-350.0	-350.0	-350.0	-350.0	-350.0	-350.0	
24060	21.9	22.0	-	-	-	Off	Off	Off	Off	Off			0.2	-39.5	14.1	16.1	Off	Off	On	-0.6	0.0	-39.5	0.7	8.1	2.0	8.0	14.1	16.1	-350.0	-350.0	-350.0	-350.0	-350.0	-350.0	
24120	22.1	22.0	-	-	-	Off	Off	Off	Off	Off			0.3	-38.1	0.1	0.1	Off	Off	Off	-2.6	0.0	-38.1	2.3	6.1	2.9	6.0	0.1	0.1	-350.0	-350.0	-350.0	-350.0	-350.0	-350.0	
24180	22.1	22.0	-	-	-	Off	Off	Off	Off	Off			0.3	-29.1	0.1	0.1	Off	Off	Off	-2.6	0.0	-29.1	4.1	3.8	3.0	6.0	0.1	0.1	-350.0	-350.0	-350.0	-350.0	-350.0	-350.0	
24240	22.2	22.0	-	-	-	Off	Off	Off	Off	Off			0.3	-24.2	0.1	0.1	Off	Off	Off	-2.6	0.0	-24.3	4.4	3.8	3.1	6.0	0.1	0.1	-350.0	-350.0	-350.0	-350.0	-350.0	-350.0	
24300	22.2	22.0	-	-	-	Off	Off	Off	Off	Off			0.3	-21.6	0.1	0.1	Off	Off	Off	-3.1	0.0	-21.6	4.5	3.9	3.1	6.0	0.1	0.1	-350.0	-350.0	-350.0	-350.0	-350.0	-350.0	
24360	22.2	22.0	-	-	-	Off	Off	Off	Off	Off			0.3	-19.6	0.1	0.1	Off	Off	Off	-3.6	0.0	-19.6	4.6	4.0	3.2	6.0	0.1	0.1	-350.0	-350.0	-350.0	-350.0	-350.0	-350.0	
24420	22.3	22.0	-	-	-	Off	Off	Off	Off	Off			0.3	-17.9	0.1	0.1	Off	Off	Off	-4.2	0.0	-17.9	4.7	4.1	3.2	6.0	0.1	0.1	-350.0	-350.0	-350.0	-350.0	-350.0	-350.0	
24480	22.3	22.0	-	-	-	Off	Off	Off	Off	Off			0.3	-16.6	0.1	0.1	Off	Off	Off	-4.7	0.0	-16.6	4.8	4.2	3.2	6.0	0.1	0.1	-350.0	-350.0	-350.0	-350.0	-350.0	-350.0	
24540	22.4	22.0	-	-	-	Off	Off	Off	Off	Off			0.3	-15.5	0.1	0.1	Off	Off	Off	-5.1	0.0	-15.5	4.9	4.2	3.2	6.0	0.1	0.1	-350.0	-350.0	-350.0	-350.0	-350.0	-350.0	
24600	22.4	22.0	-	-	-	Off	Off	Off	Off	Off			0.3	-14.6	0.1	0.1	Off	Off	Off	-6.0	0.0	-14.6	5.0	4.3	3.2	6.0	0.1	0.1	-350.0	-350.0	-350.0	-350.0	-350.0	-350.0	
24660	22.5	22.0	-	-	-	Off	Off	Off	Off	Off			0.3	-13.8	0.1	0.1	Off	Off	Off	-6.6	0.0	-13.8	5.0	4.4	3.2	6.0	0.1	0.1	-350.0	-350.0	-350.0	-350.0	-350.0	-350.0	
24720	22.5	22.0	-	-	-	Off	Off	Off	Off	Off			0.3	-13.2	0.1	0.1	Off	Off	Off	-7.3	0.0	-13.2	5.1	4.4	3.3	6.0	0.1	0.1	-350.0	-350.0	-350.0	-350.0	-350.0	-350.0	
24780	22.6	22.0	-	-	-	Off	Off	Off	Off	Off			0.3	-12.6	0.1	0.1	Off	Off	Off	-8.6	0.0	-12.6	5.2	4.5	3.3	6.0	0.1	0.1	-350.0	-350.0	-350.0	-350.0	-350.0	-350.0	
24840	22.6	22.0	-	-	-	Off	Off	Off	Off	Off			0.3	-12.1	0.1	0.1	Off	Off	Off	-9.1	0.0	-12.1	5.2	4.6	3.3	6.0	0.1	0.1	-350.0	-350.0	-350.0	-350.0	-350.0	-350.0	
24900	22.7	22.0	-	-	-	Off	Off	Off	Off	Off			0.3	-11.6	0.1	0.1	Off	Off	Off	-10.1	0.0	-11.6	5.3	4.6	3.3	6.1	0.1	0.1	-350.0	-350.0	-350.0	-350.0	-350.0	-350.0	
24960	22.7	22.0	-	-	-	Off	Off	Off	Off	Off			0.3	-11.2	0.1	0.1	Off	Off	Off	-11.0	0.0	-11.2	5.3	4.7	3.3	6.1	0.1	0.1	-350.0	-350.0	-350.0	-350.0	-350.0	-350.0	
25020	22.8	22.0	-	-	-	Off	Off	Off	Off	Off			0.3	-10.8	0.1	0.1	Off	Off	Off	-12.3	0.0	-10.8	5.4	4.7	3.3	6.1	0.1	0.1	-350.0	-350.0	-350.0	-350.0	-350.0	-350.0	
25080	22.8	22.0	-	-	-	Off	Off	Off	Off	Off			0.3	-10.5	0.1	0.1	Off	Off	Off	-13.6	0.0	-10.5	5.4	4.8	3.3	6.1	0.1	0.1	-350.0	-350.0	-350.0	-350.0	-350.0	-350.0	
25140	22.8	22.0	-	-	-	Off	Off	Off	Off	Off			0.3	-10.2	0.1	0.1	Off	Off	Off	-14.0	0.0	-10.2	5.5	4.8	3.3	6.1	0.1	0.1	-350.0	-350.0	-350.0	-350.0	-350.0	-350.0	
25200	22.9	22.0	-	-	-	Off	Off	Off	Off	Off			0.3	-9.9	0.1	0.1	Off	Off	Off	-15.4	0.0	-9.9	5.5	4.9	3.3	6.2	0.1	0.1	-350.0	-350.0	-350.0	-350.0	-350.0	-350.0	
25260	22.9	22.0	-	-	-	Off	Off	Off	Off	Off			0.3	-9.6	0.1	0.1	Off	Off	Off	-16.8	0.0	-9.6	5.6	4.9	3.3	6.2	0.1	0.1	-350.0	-350.0	-350.0	-350.0	-350.0	-350.0	
25320	23.0	22.0	-	-	-	Off	Off	Off	Off	Off			0.3	-9.3	0.1	0.1	Off	Off	Off	-17.8	0.0	-9.3	5.6	5.0	3.3	6.2	0.1	0.1	-350.0	-350.0	-350.0	-350.0	-350.0	-350.0	
25380	23.0	22.0	-	-	-	Off	Off	Off	Off	Off			0.3	-9.1	0.1	0.1	Off	Off	Off	-18.9	0.0	-9.1	5.7	5.0	3.3	6.2	0.1	0.1	-350.0	-350.0	-350.0	-350.0	-350.0	-350.0	
25440	23.0	22.0	-	-	-	Off	Off	Off	Off	Off			0.3	-8.8	0.1	0.1	Off	Off	Off	-20.2	0.0	-8.8	5.7	5.0	3.4	6.3	0.1	0.1	-350.0	-350.0	-350.0	-350.0	-350.0	-350.0	
25500	23.1	22.0	-	-	-	Off	Off	Off	Off	Off			0.3	-8.6	0.1	0.1	Off	Off	Off	-21.6	0.0	-8.6	5.7	5.1	3.4	6.3	0.1	0.1	-350.0	-350.0	-350.0	-350.0	-350.0	-350.0	
25560	23.1	22.0	-	-	-	Off	Off	Off	Off	Off			0.3	-8.4	0.1	0.1	Off	Off	Off	-22.7	0.0	-8.4	5.8	5.1	3.4	6.3	0.1	0.1	-350.0	-350.0	-350.0	-350.0	-350.0	-350.0	
25620	23.1	22.0	-	-	-	Off	Off	Off	Off	Off			0.3	-8.3	0.1	0.1	Off	Off	Off	-24.3	0.0	-8.3	5.8	5.2	3.4	6.3	0.1	0.1	-350.0	-350.0	-350.0	-350.0	-350.0	-350.0	
25680	23.1	22.0	-	-	-	Off	Off	Off	Off	Off			0.3	-8.0	0.1	0.1	Off	Off	Off	-25.4	0.0	-8.0	5.8	5.2	3.4	6.3	0.1	0.1	-350.0	-350.0	-350.0	-350.0	-350.0	-350.0	
25740	23.2	22.0	-	-	-	Off	Off	Off	Off	Off			0.3	-7.8	0.1	0.1	Off	Off	Off	-27.0	0.0	-7.8	5.9	5.2	3.4	6.4	0.1	0.1	-350.0	-350.0	-350.0	-350.0	-350.0	-350.0	
25800	23.2	22.0	-	-	-	Off	Off	Off	Off	Off			0.3	-7.7	0.1	0.1	Off	Off	Off	-28.3	0.0	-7.7	5.9	5.2	3.4	6.4	0.1	0.1	-350.0	-350.0	-350.0	-350.0	-350.0	-350.0	
25860	23.2	22.0	-	-	-	Off	Off	Off	Off	Off			0.3	-7.5	0.1	0.1	Off	Off	Off	-29.7	0.0	-7.5	5.9	5.3	3.4	6.4	0.1	0.1	-350.0	-350.0	-350.0	-350.0	-350.0	-350.0	
25920	23.3	22.0	-	-	-	Off	Off	Off	Off	Off			0.3	-7.4	0.1	0.1	Off	Off	Off	-31.6	0.0	-7.4	6.0	5.3	3.4	6.4	0.1	0.1	-350.0	-350.0	-350.0	-350.0	-350.0	-350.0	
25980	23.3	22.0	-	-	-	Off	Off	Off	Off	Off			0.3	-7.3	0.1	0.1	Off	Off	Off	-33.1	0.0	-7.3	6.0	5.3	3.4	6.4	0.1	0.1	-350.0	-350.0	-350.0	-350.0	-350.0	-350.0	
26040	23.3	22.0	-	-	-	Off	Off	Off	Off	Off			0.3	-7.1	0.1	0.1	Off	Off	Off	-34.7	0.0	-7.1	6.0	5.3	3.4	6.5	0.1	0.1	-350.0	-350.0	-350.0	-350.0	-350.0	-350.0	
26100	23.4	22.0	-	-	-	Off	Off	Off	Off	Off			0.3	-7.0	0.1	0.1	Off	Off	Off	-36.1	0.0	-7.0	6.0	5.4	3.4	6.5	0.1	0.1	-350.0	-350.0	-350.0	-350.0	-350.0	-350.0	
26160	23.4	22.0	-	-	-	Off	Off	Off	Off	Off			0.3	-6.9	0.1	0.1	Off	Off	Off	-37.1	0.0	-6.9	6.0	5.4	3.4	6.5	0.1	0.1	-350.0	-350.0	-350.0	-350.0	-350.0	-350.0	
26220	23.4	22.0	-	-	-	Off	Off	Off	Off	Off			0.3	-6.8	0.1	0.1	Off	Off	Off	-39.1	0.0	-6.8	6.1	5.4	3.4	6.5	0.1	0.1	-350.0	-350.0	-350.0	-350.0	-350.0	-350.0	
26280	23.4	22.0	-	-	-	Off	Off	Off	Off	Off			0.3	-6.7	0.1	0.1	Off	Off	Off	-40.6	0.0	-6.7	6.1	5.4	3.4	6.6	0.1	0.1	-350.0	-350.0	-350.0	-350.0	-350.0	-350.0	
26340	23.4	22.0	-	-	-	Off	Off	Off	Off	Off			0.3	-6.6	0.1	0.1	Off	Off	Off	-42.5	0.0	-6.6	6.1	5.4	3.4	6.6	0.1	0.1	-350.0	-350.0	-350.0	-350.0	-350.0	-350.0	
26400	23.5	22.0	-	-	-	Off	Off	Off	Off	Off			0.3	-6.5	0.1	0.1	Off	Off	Off	-44.2	0.0	-6.5	6.1	5.4	3.5	6.6	0.1	0.1	-350.0	-350.0	-350.0	-350.0	-350.0	-350.0	
26460	23.5	22.0	-	-	-	Off	Off	Off	Off	Off			0.3	-6.4	0.1	0.1	Off	Off	Off	-45.9	0.0	-6.4	6.1	5.5	3.5	6.6	0.1	0.1	-350.0	-350.0	-350.0	-350.0	-350.0	-350.0	
26520	23.5	22.0	-	-	-	Off	Off	Off	Off	Off			0.3	-6.4	0.1	0.1	Off	Off	Off	-47.8	0.0	-6.4	6.1	5.5	3.5	6.6	0.1	0.1	-350.0	-350.0	-350.0	-350.0	-350.0	-350.0	
26580	23.5	22.0	-	-	-	Off	Off	Off	Off	Off			0.3	-6.3	0.1	0.1	Off	Off	Off	-49.5	0.0	-6.3	6.1	5.5	3.5	6.7	0.1	0.1	-350.0	-350.0	-350.0	-350.0	-350.0	-350.0	
26640	23.6	22.0	-	-	-	Off	Off	Off	Off	Off			0.3	-6.2	0.1	0.1	Off	Off	Off	-50.9	0.0	-6.2	6.2	5.5	3.5	6.7	0.1	0.1	-350.0	-350.0	-350.0	-350.0	-350.0	-350.0	
26700	23.6	22.0	-	-	-	Off	Off	Off	Off	Off			0.3	-6.1	0.1	0.1	Off	Off	Off	-53.3	0.0	-6.1	6.2	5.5	3.5	6.7	0.1	0.1	-350.0	-350.0	-350.0	-350.0	-350.0	-350.0	
26760	23.6	22.0	-	-	-	Off	Off	Off	Off	Off			0.3	-6.1	0.1	0.1	Off	Off	Off	-55.1	0.0	-6.1	6.2	5.5	3.5	6.7	0.1	0.1	-350.0	-350.0	-350.0	-350.0	-350.0	-350.0	
26820	23.6	22.0	-	-	-	Off	Off	Off	Off	Off			0.3	-6.0	0.1	0.1	Off	Off	Off	-56.7	0.0	-6.0	6.2	5.5	3.5	6.8	0.1	0.1	-350.0	-350.0	-350.0	-350.0	-350.0	-350.0	
26880	23.7	22.0	-	-	-	Off	Off	Off	Off	Off			0.3	-6.0	0.1	0.1	Off	Off	Off	-58.6	0.0	-6.0	6.2	5.6	3.5	6.8	0.1	0.1	-350.0	-350.0	-350.0	-350.0	-350.0	-350.0	
26940	23.7	22.0	-	-	-	Off	Off	Off	Off	Off			0.3	-5.9	0.1	0.1	Off	Off	Off	-60.4	0.0	-5.9	6.2	5.6	3.5	6.8	0.1	0.1	-350.0	-350.0	-350.0	-350.0	-350.0	-350.0	
27000	23.7	22.0	-	-	-	Off	Off	Off	Off	Off			0.3	-5.9	0.1	0.1	Off	Off	Off	-62.6	0.0	-5.9	6.3	5.6	3.5	6.8	0.1	0.1	-350.0	-350.0	-350.0	-350.0	-350.0	-350.0	
27060	23.7	22.0	-	-	-	Off	Off	Off	Off	Off			0.3	-5.8	0.1	0.1	Off	Off	Off	-64.2	0.0	-5.8	6.3	5.6	3.5	6.9	0.1	0.1	-350.0	-350.0	-350.0	-350.0	-350.0	-350.0	
27120	23.7	22.0	-	-	-	Off	Off	Off	Off	Off			0.3	-5.8	0.1	0.1	Off	Off	Off	-66.2	0.0	-5.8	6.3	5.6	3.5	6.9	0.1	0.1	-350.0	-350.0	-350.0	-350.0	-350.0	-350.0	
27180	23.8	22.0	-	-	-	Off	Off	Off	Off	Off			0.3	-5.7	0.1	0.1	Off	Off	Off	-68.4	0.0	-5.7	6.3	5.6	3.5	6.9	0.1	0.1	-350.0	-350.0	-350.0	-350.0	-350.0	-350.0	
27240	23.8	22.0	-	-	-	Off	Off	Off	Off	Off			0.3	-5.7	0.1	0.1	Off	Off	Off	-70.5	0.0	-5.7	6.3	5.7	3.5	6.9	0.1	0.1	-350.0	-350.0	-350.0	-350.0	-350.0	-350.0	
27300	23.8	22.0	-	-	-	Off	Off	Off	Off	Off			0.3	-5.7	0.1	0.1	Off	Off	Off	-72.4	0.0	-5.7	6.3	5.7	3.5	6.9	0.1	0.1	-350.0	-350.0	-350.0	-350.0	-350.0	-350.0	
27360	23.8	22.0	-	-	-	Off	Off	Off	Off	Off			0.4	-5.7	0.1	0.1	Off	Off	Off	-74.5	0.0	-5.7	6.3	5.7	3.6	7.0	0.1	0.1	-350.0	-350.0	-350.0	-350.0	-350.0	-350.0	
27420	23.8	22.0	-	-	-	Off	Off	Off	Off	Off			0.4	-5.6	0.1	0.1	Off	Off	Off	-76.4	0.0	-5.6	6.4	5.7	3.6	7.0	0.1	0.1	-350.0	-350.0	-350.0	-350.0	-350.0	-350.0	
27480	23.9	22.0	-	-	-	Off	Off	Off	Off	Off			0.4	-5.6	0.1	0.1	Off	Off	Off	-78.6	0.0	-5.6	6.4	5.7	3.6	7.0	0.1	0.1	-350.0	-350.0	-350.0	-350.0	-350.0	-350.0	
27540	23.9	22.0	-	-	-	Off	Off	Off	Off	Off			0.4	-5.6	0.1	0.1	Off	Off	Off	-80.7	0.0	-5.6	6.4	5.7	3.6	7.0	0.1	0.1	-350.0	-350.0	-350.0	-350.0	-350.0	-350.0	
27600	23.9	22.0	-	-	-	Off	Off	Off	Off	Off			0.4	-5.5	0.1	0.1	Off	Off	Off	-82.7	0.0	-5.5	6.4	5.7	3.6	7.0	0.1	0.1	-350.0	-350.0	-350.0	-350.0	-350.0	-350.0	
27660	23.9	22.0	-	-	-	Off	Off	Off	Off	Off			0.4	-5.5	0.1	0.1	Off	Off	Off	-84.7	0.0	-5.5	6.4	5.8	3.6	7.1	0.1	0.1	-350.0	-350.0	-350.0	-350.0	-350.0	-350.0	
27720	23.9	22.0	-	-	-	Off	Off	Off	Off	Off			0.4	-5.5	0.1	0.1	Off	Off	Off	-86.8	0.0	-5.5	6.4	5.8	3.6	7.1	0.1	0.1	-350.0	-350.0	-350.0	-350.0	-350.0	-350.0	
27780	23.9	22.0	-	-	-	Off	Off	Off	Off	Off			0.4	-5.5	0.1	0.1	Off	Off	Off	-89.2	0.0	-5.5	6.4	5.8	3.6	7.1	0.1	0.1	-350.0	-350.0	-350.0	-350.0	-350.0	-350.0	
27840	24.0	22.0	-	-	-	Off	Off	Off	Off	Off			0.4	-5.4	0.1	0.1	Off	Off	Off	-91.5	0.0	-5.4	6.5	5.8	3.6	7.1	0.1	0.1	-350.0	-350.0	-350.0	-350.0	-350.0	-350.0	
27900	24.0	22.0	-	-	-	Off	Off	Off	Off	Off			0.4	-5.4	0.1	0.1	Off	Off	Off	-94.0	0.0	-5.4	6.5	5.8	3.6	7.1	0.1	0.1	-350.0	-350.0	-350.0	-350.0	-350.0	-350.0	
27960	24.0	22.0	-	-	-	Off	Off	Off	Off	Off			0.4	-5.3	0.1	0.1	Off	Off	Off	-96.0	0.0	-5.3	6.5	5.8	3.6	7.2	0.1	0.1	-350.0	-350.0	-350.0	-350.0	-350.0	-350.0	
28020	24.0	22.0	-	-	-	Off	Off	Off	Off	Off			0.4	-5.3	0.1	0.1	Off	Off	Off	-98.1	0.0	-5.3	6.5	5.8	3.6	7.2	0.1	0.1	-350.0	-350.0	-350.0	-350.0	-350.0	-350.0	
28080	24.0	22.0	-	-	-	Off	Off	Off	Off	Off			0.4	-5.3	0.1	0.1	Off	Off	Off	-100.0	0.0	-5.3	6.5	5.9	3.6	7.2	0.1	0.1	-350.0	-350.0	-350.0	-350.0	-350.0	-350.0	
28140	24.0	22.0	-	-	-	Off	Off	Off	Off	Off			0.4	-5.2	0.1	0.1	Off	Off	Off	-100.0	0.0	-5.2	6.5	5.9	3.6	7.2	0.1	0.1	-350.0	-350.0	-350.0	-350.0	-350.0	-350.0	
28200	24.1	22.0	-	-	-	Off	Off	Off	Off	Off			0.4	-5.2	0.1	0.1	Off	Off	Off	-100.0	0.0	-5.2	6.5	5.9	3.6	7.2	0.1	0.1	-350.0	-350.0	-350.0	-350.0	-350.0	-350.0	
28260	24.1	22.0	-	-	-	Off	Off	Off	Off	Off			0.4	-5.1	0.1	0.1	Off	Off	Off	-100.0	0.0	-5.1	6.5	5.9	3.6	7.3	0.1	0.1	-350.0	-350.0	-350.0	-350.0	-350.0	-350.0	
28320	24.1	22.0	-	-	-	Off	Off	Off	Off	Off			0.4	-5.1	0.1	0.1	Off	Off	Off	-100.0	0.0	-5.1	6.6	5.9	3.7	7.3	0.1	0.1	-350.0	-350.0	-350.0	-350.0	-350.0	-350.0	
28380	24.1	22.0	-	-	-	Off	Off	Off	Off	Off			0.4	-5.1	0.1	0.1	Off	Off	Off	-100.0	0.0	-5.1	6.6	5.9	3.7	7.3	0.1	0.1	-350.0	-350.0	-350.0	-350.0	-350.0	-350.0	
28440	24.1	22.0	-	-	-	Off	Off	Off	Off	Off			0.4	-5.0	0.1	0.1	Off	Off	Off	-100.0	0.0	-5.0	6.6	5.9	3.7	7.3	0.1	0.1	-350.0	-350.0	-350.0	-350.0	-350.0	-350.0	
28500	24.2	22.0	-	-	-	Off	Off	Off	Off	Off			0.4	-5.0	0.1	0.1	Off	Off	Off	-100.0	0.0	-5.0	6.6	5.9	3.7	7.3	0.1	0.1	-350.0	-350.0	-350.0	-350.0	-350.0	-350.0	
28560	24.2	22.0	-	-	-	Off	Off	Off	Off	Off			0.4	-5.0	0.1	0.1	Off	Off	Off	-100.0	0.0	-5.0	6.6	5.9	3.7	7.4	0.1	0.1	-350.0	-350.0	-350.0	-350.0	-350.0	-350.0	
28620	24.2	22.0	-	-	-	Off	Off	Off	Off	Off			0.4	-4.9	0.1	0.1	Off	Off	Off	-100.0	0.0	-4.9	6.6	6.0	3.7	7.4	0.1	0.1	-350.0	-350.0	-350.0	-350.0	-350.0	-350.0	
28680	24.2	22.0	-	-	-	Off	Off	Off	Off	Off			0.4	-4.9	0.1	0.1	Off	Off	Off	-100.0	0.0	-4.9	6.6	6.0	3.7	7.4	0.1	0.1	-350.0	-350.0	-350.0	-350.0	-350.0	-350.0	
28740	24.2	22.0	-	-	-	Off	Off	Off	Off	Off			0.4	-4.9	0.1	0.1	Off	Off	Off	-100.0	0.0	-4.9	6.6	6.0	3.7	7.4	0.1	0.1	-350.0	-350.0	-350.0	-350.0	-350.0	-350.0	
28800	24.2	22.0	-	-	-	Off	Off	Off	Off	Off			0.4	-4.9	0.1	0.1	Off	Off	Off	-100.0	0.0	-4.9	6.6	6.0	3.7	7.4	0.1	0.1	-350.0	-350.0	-350.0	-350.0	-350.0	-350.0	
28860	24.2	22.0	-	-	-	Off	Off	Off	Off	Off			0.4	-4.8	0.1	0.1	Off	Off	Off	-100.0	0.0	-4.8	6.7	6.0	3.7	7.4	0.1	0.1	-350.0	-350.0	-350.0	-350.0	-350.0	-350.0	
28920	24.3	22.0	-	-	-	Off	Off	Off	Off	Off			0.4	-4.8	0.1	0.1	Off	Off	Off	-100.0	0.0	-4.8	6.7	6.0	3.7	7.4	0.1	0.1	-350.0	-350.0	-350.0	-350.0	-350.0	-350.0	
28980	24.3	22.0	-	-	-	Off	Off	Off	Off	Off			0.4	-4.8	0.1	0.1	Off	Off	Off	-100.0	0.0	-4.8	6.7	6.0	3.7	7.5	0.1	0.1	-350.0	-350.0	-350.0	-350.0	-350.0	-350.0	
29040	24.3	22.0	-	-	-	Off	Off	Off	Off	Off			0.4	-4.7	0.1	0.1	Off	Off	Off	-100.0	0.0	-4.7	6.7	6.0	3.7	7.5	0.1	0.1	-350.0	-350.0	-350.0	-350.0	-350.0	-350.0	
29100	24.3	22.0	-	-	-	Off	Off	Off	Off	Off			0.4	-4.7	0.1	0.1	Off	Off	Off	-100.0	0.0	-4.7	6.7	6.0	3.7	7.5	0.1	0.1	-350.0	-350.0	-350.0	-350.0	-350.0	-350.0	
29160	24.3	22.0	-	-	-	Off	Off	Off	Off	Off			0.4	-4.7	0.1	0.1	Off	Off	Off	-100.0	0.0	-4.7	6.7	6.0	3.7	7.5	0.1	0.1	-350.0	-350.0	-350.0	-350.0	-350.0	-350.0	
29220	24.3	22.0	-	-	-	Off	Off	Off	Off	Off			0.4	-4.7	0.1	0.1	Off	Off	Off	-100.0	0.0	-4.7	6.7	6.1	3.8	7.5	0.1	0.1	-350.0	-350.0	-350.0	-350.0	-350.0	-350.0	
29280	24.3	22.0	-	-	-	Off	Off	Off	Off	Off			0.4	-4.7	0.1	0.1	Off	Off	Off	-100.0	0.0	-4.7	6.7	6.1	3.8	7.5	0.1	0.1	-350.0	-350.0	-350.0	-350.0	-350.0	-350.0	
29340	24.3	22.0	-	-	-	Off	Off	Off	Off	Off			0.4	-4.6	0.1	0.1	Off	Off	Off	-100.0	0.0	-4.6	6.7	6.1	3.8	7.6	0.1	0.1	-350.0	-350.0	-350.0	-350.0	-350.0	-350.0	
29400	24.4	22.0	-	-	-	Off	Off	Off	Off	Off			0.4	-4.6	0.1	0.1	Off	Off	Off	-100.0	0.0	-4.6	6.7	6.1	3.8	7.6	0.1	0.1	-350.0	-350.0	-350.0	-350.0	-350.0	-350.0	
29460	24.4	22.0	-	-	-	Off	Off	Off	Off	Off			0.4	-4.6	0.1	0.1	Off	Off	Off	-100.0	0.0	-4.6	6.7	6.1	3.8	7.6	0.1	0.1	-350.0	-350.0	-350.0	-350.0	-350.0	-350.0	
29520	24.4	22.0	-	-	-	Off	Off	Off	Off	Off			0.4	-4.6	0.1	0.1	Off	Off	Off	-100.0	0.0	-4.6	6.8	6.1	3.8	7.6	0.1	0.1	-350.0	-350.0	-350.0	-350.0	-350.0	-350.0	
29580	24.4	22.0	-	-	-	Off	Off	Off	Off	Off			0.4	-4.5	0.1	0.1	Off	Off	Off	-100.0	0.0	-4.5	6.8	6.1	3.8	7.6	0.1	0.1	-350.0	-350.0	-350.0	-350.0	-350.0	-350.0	
29640	24.4	22.0	-	-	-	Off	Off	Off	Off	Off			0.4	-4.5	0.1	0.1	Off	Off	Off	-100.0	0.0	-4.5	6.8	6.1	3.8	7.6	0.1	0.1	-350.0	-350.0	-350.0	-350.0	-350.0	-350.0	
29700	24.4	22.0	-	-	-	Off	Off	Off	Off	Off			0.4	-4.5	0.1	0.1	Off	Off	Off	-100.0	0.0	-4.5	6.8	6.1	3.8	7.6	0.1	0.1	-350.0	-350.0	-350.0	-350.0	-350.0	-350.0	
29760	24.4	22.0	-	-	-	Off	Off	Off	Off	Off			0.4	-4.5	0.1	0.1	Off	Off	Off	-100.0	0.0	-4.5	6.8	6.1	3.8	7.7	0.1	0.1	-350.0	-350.0	-350.0	-350.0	-350.0	-350.0	
29820	24.5	22.0	-	-	-	Off	Off	Off	Off	Off			0.4	-4.5	0.1	0.1	Off	Off	Off	-100.0	0.0	-4.5	6.8	6.1	3.8	7.7	0.1	0.1	-350.0	-350.0	-350.0	-350.0	-350.0	-350.0	
29880	24.5	22.0	-	-	-	Off	Off	Off	Off	Off			0.4	-4.4	0.1	0.1	Off	Off	Off	-100.0	0.0	-4.4	6.8	6.1	3.8	7.7	0.1	0.1	-350.0	-350.0	-350.0	-350.0	-350.0	-350.0	
29940	24.5	22.0	-	-	-	Off	Off	Off	Off	Off			0.4	-4.4	0.1	0.1	Off	Off	Off	-100.0	0.0	-4.4	6.8	6.1	3.8	7.7	0.1	0.1	-350.0	-350.0	-350.0	-350.0	-350.0	-350.0	
30000	24.5	22.0	-	-	-	Off	Off	Off	Off	Off			0.4	-4.4	0.1	0.1	Off	Off	Off	-100.0	0.0	-4.4	6.8	6.1	3.8	7.7	0.1	0.1	-350.0	-350.0	-350.0	-350.0	-350.0	-350.0	
30060	24.5	22.0	-	-	-	Off	Off	Off	Off	Off			0.4	-4.4	0.1	0.1	Off	Off	Off	-100.0	0.0	-4.4	6.8	6.1	3.9	7.7	0.1	0.1	-350.0	-350.0	-350.0	-350.0	-350.0	-350.0	
30120	24.5	22.0	-	-	-	Off	Off	Off	Off	Off			0.4	-4.4	0.1	0.1	Off	Off	Off	-100.0	0.0	-4.4	6.8	6.2	3.9	7.8	0.1	0.1	-350.0	-350.0	-350.0	-350.0	-350.0	-350.0	
30180	24.5	22.0	-	-	-	Off	Off	Off	Off	Off			0.4	-4.4	0.1	0.1	Off	Off	Off	-100.0	0.0	-4.4	6.8	6.2	3.9	7.8	0.1	0.1	-350.0	-350.0	-350.0	-350.0	-350.0	-350.0	
30240	24.6	22.0	-	-	-	Off	Off	Off	Off	Off			0.4	-4.3	0.1	0.1	Off	Off	Off	-100.0	0.0	-4.3	6.8	6.2	3.9	7.8	0.1	0.1	-350.0	-350.0	-350.0	-350.0	-350.0	-350.0	
30300	24.6	22.0	-	-	-	Off	Off	Off	Off	Off			0.4	-4.3	0.1	0.1	Off	Off	Off	-100.0	0.0	-4.3	6.8	6.2	3.9	7.8	0.1	0.1	-350.0	-350.0	-350.0	-350.0	-350.0	-350.0	
30360	24.6	22.0	-	-	-	Off	Off	Off	Off	Off			0.4	-4.3	0.1	0.1	Off	Off	Off	-100.0	0.0	-4.3	6.8	6.2	3.9	7.8	0.1	0.1	-350.0	-350.0	-350.0	-350.0	-350.0	-350.0	
30420	24.6	22.0	-	-	-	Off	Off	Off	Off	Off			0.4	-4.3	0.1	0.1	Off	Off	Off	-100.0	0.0	-4.3	6.8	6.2	3.9	7.8	0.1	0.1	-350.0	-350.0	-350.0	-350.0	-350.0	-350.0	
30480	24.6	22.0	-	-	-	Off	Off	Off	Off	Off			0.4	-4.3	0.1	0.1	Off	Off	Off	-100.0	0.0	-4.3	6.9	6.2	3.9	7.9	0.1	0.1	-350.0	-350.0	-350.0	-350.0	-350.0	-350.0	
30540	24.6	22.0	-	-	-	Off	Off	Off	Off	Off			0.4	-4.3	0.1	0.1	Off	Off	Off	-100.0	0.0	-4.3	6.9	6.2	3.9	7.9	0.1	0.1	-350.0	-350.0	-350.0	-350.0	-350.0	-350.0	
30600	24.6	22.0	-	-	-	Off	Off	Off	Off	Off			0.4	-4.3	0.1	0.1	Off	Off	Off	-100.0	0.0	-4.3	6.9	6.2	3.9	7.9	0.1	0.1	-350.0	-350.0	-350.0	-350.0	-350.0	-350.0	
30660	24.6	22.0	-	-	-	Off	Off	Off	Off	Off			0.4	-4.3	0.1	0.1	Off	Off	Off	-100.0	0.0	-4.2	6.9	6.2	3.9	7.9	0.1	0.1	-350.0	-350.0	-350.0	-350.0	-350.0	-350.0	
30720	24.6	22.0	-	-	-	Off	Off	Off	Off	Off			0.4	-4.3	0.1	0.1	Off	Off	Off	-100.0	0.0	-4.3	6.9	6.2	3.9	7.9	0.1	0.1	-350.0	-350.0	-350.0	-350.0	-350.0	-350.0	
30780	24.7	22.0	-	-	-	Off	Off	Off	Off	Off			0.4	-4.2	0.1	0.1	Off	Off	Off	-100.0	0.0	-4.2	6.9	6.2	3.9	7.9	0.1	0.1	-350.0	-350.0	-350.0	-350.0	-350.0	-350.0	
30840	24.7	22.0	-	-	-	Off	Off	Off	Off	Off			0.4	-4.2	0.1	0.1	Off	Off	Off	-100.0	0.0	-4.2	6.9	6.2	4.0	8.0	0.1	0.1	-350.0	-350.0	-350.0	-350.0	-350.0	-350.0	
30900	24.7	22.0	-	-	-	Off	Off	Off	Off	Off			0.4	-4.2	0.1	0.1	Off	Off	Off	-100.0	0.0	-4.2	6.9	6.2	4.0	8.0	0.1	0.1	-350.0	-350.0	-350.0	-350.0	-350.0	-350.0	
30960	24.7	22.0	-	-	-	Off	Off	Off	Off	Off			0.4	-4.2	0.1	0.1	Off	Off	Off	-100.0	0.0	-4.2	6.9	6.2	4.0	8.0	0.1	0.1	-350.0	-350.0	-350.0	-350.0	-350.0	-350.0	
31020	24.7	22.0	-	-	-	Off	Off	Off	Off	Off			0.4	-4.2	0.1	0.1	Off	Off	Off	-100.0	0.0	-4.2	6.9	6.2	4.0	8.0	0.1	0.1	-350.0	-350.0	-350.0	-350.0	-350.0	-350.0	
31080	24.7	22.0	-	-	-	Off	Off	Off	Off	Off			0.4	-4.2	0.1	0.1	Off	Off	Off	-100.0	0.0	-4.2	6.9	6.2	4.0	8.0	0.1	0.1	-350.0	-350.0	-350.0	-350.0	-350.0	-350.0	
31140	24.7	22.0	-	-	-	Off	Off	Off	Off	Off			0.4	-4.1	0.1	0.1	Off	Off	Off	-100.0	0.0	-4.1	6.9	6.2	4.0	8.0	0.1	0.1	-350.0	-350.0	-350.0	-350.0	-350.0	-350.0	
31200	24.8	22.0	-	-	-	Off	Off	Off	Off	Off			0.4	-4.1	0.1	0.1	Off	Off	Off	-100.0	0.0	-4.1	6.9	6.3	4.0	8.0	0.1	0.1	-350.0	-350.0	-350.0	-350.0	-350.0	-350.0	
31260	24.8	22.0	-	-	-	Off	Off	Off	Off	Off			0.4	-4.1	0.1	0.1	Off	Off	Off	-100.0	0.0	-4.1	6.9	6.3	4.0	8.1	0.1	0.1	-350.0	-350.0	-350.0	-350.0	-350.0	-350.0	
31320	24.8	22.0	-	-	-	Off	Off	Off	Off	Off			0.4	-4.1	0.1	0.1	Off	Off	Off	-100.0	0.0	-4.1	6.9	6.3	4.0	8.1	0.1	0.1	-350.0	-350.0	-350.0	-350.0	-350.0	-350.0	
31380	24.8	22.0	-	-	-	Off	Off	Off	Off	Off			0.4	-4.1	0.1	0.1	Off	Off	Off	-100.0	0.0	-4.1	6.9	6.3	4.0	8.1	0.1	0.1	-350.0	-350.0	-350.0	-350.0	-350.0	-350.0	
31440	24.8	22.0	-	-	-	Off	Off	Off	Off	Off			0.4	-4.1	0.1	0.1	Off	Off	Off	-100.0	0.0	-4.1	6.9	6.3	4.0	8.1	0.1	0.1	-350.0	-350.0	-350.0	-350.0	-350.0	-350.0	
31500	24.8	22.0	-	-	-	Off	Off	Off	Off	Off			0.4	-4.1	0.1	0.1	Off	Off	Off	-100.0	0.0	-4.1	6.9	6.3	4.0	8.1	0.1	0.1	-350.0	-350.0	-350.0	-350.0	-350.0	-350.0	
31560	24.8	22.0	-	-	-	Off	Off	Off	Off	Off			0.4	-4.1	0.1	0.1	Off	Off	Off	-100.0	0.0	-4.1	6.9	6.3	4.0	8.1	0.1	0.1	-350.0	-350.0	-350.0	-350.0	-350.0	-350.0	
31620	24.8	22.0	-	-	-	Off	Off	Off	Off	Off			0.4	-4.1	0.1	0.1	Off	Off	Off	-100.0	0.0	-4.1	6.9	6.3	4.1	8.2	0.1	0.1	-350.0	-350.0	-350.0	-350.0	-350.0	-350.0	
31680	24.8	22.0	-	-	-	Off	Off	Off	Off	Off			0.4	-4.1	0.1	0.1	Off	Off	Off	-100.0	0.0	-4.1	7.0	6.3	4.1	8.2	0.1	0.1	-350.0	-350.0	-350.0	-350.0	-350.0	-350.0	
31740	24.9	22.0	-	-	-	Off	Off	Off	Off	Off			0.4	-4.1	0.1	0.1	Off	Off	Off	-100.0	0.0	-4.1	7.0	6.3	4.1	8.2	0.1	0.1	-350.0	-350.0	-350.0	-350.0	-350.0	-350.0	
31800	24.9	22.0	-	-	-	Off	Off	Off	Off	Off			0.4	-4.1	0.1	0.1	Off	Off	Off	-100.0	0.0	-4.1	7.0	6.3	4.1	8.2	0.1	0.1	-350.0	-350.0	-350.0	-350.0	-350.0	-350.0	
31860	24.9	22.0	-	-	-	Off	Off	Off	Off	Off			0.4	-4.0	0.1	0.1	Off	Off	Off	-100.0	0.0	-4.0	7.0	6.3	4.1	8.2	0.1	0.1	-350.0	-350.0	-350.0	-350.0	-350.0	-350.0	
31920	24.9	22.0	-	-	-	Off	Off	Off	Off	Off			0.4	-4.1	0.1	0.1	Off	Off	Off	-100.0	0.0	-4.1	7.0	6.3	4.1	8.2	0.1	0.1	-350.0	-350.0	-350.0	-350.0	-350.0	-350.0	
31980	24.9	22.0	-	-	-	Off	Off	Off	Off	Off			0.4	-4.0	0.1	0.1	Off	Off	Off	-100.0	0.0	-4.0	7.0	6.3	4.1	8.3	0.1	0.1	-350.0	-350.0	-350.0	-350.0	-350.0	-350.0	
32040	24.9	22.0	-	-	-	Off	Off	Off	Off	Off			0.4	-4.0	0.1	0.1	Off	Off	Off	-100.0	0.0	-4.0	7.0	6.3	4.1	8.3	0.1	0.1	-350.0	-350.0	-350.0	-350.0	-350.0	-350.0	
32100	24.9	22.0	-	-	-	Off	Off	Off	Off	Off			0.4	-4.0	0.1	0.1	Off	Off	Off	-100.0	0.0	-4.0	7.0	6.3	4.1	8.3	0.1	0.1	-350.0	-350.0	-350.0	-350.0	-350.0	-350.0	
32160	24.9	22.0	-	-	-	Off	Off	Off	Off	Off			0.4	-4.0	0.1	0.1	Off	Off	Off	-100.0	0.0	-4.0	7.0	6.3	4.1	8.3	0.1	0.1	-350.0	-350.0	-350.0	-350.0	-350.0	-350.0	
32220	24.9	22.0	-	-	-	Off	Off	Off	Off	Off			0.4	-4.0	0.1	0.1	Off	Off	Off	-100.0	0.0	-4.0	7.0	6.3	4.1	8.3	0.1	0.1	-350.0	-350.0	-350.0	-350.0	-350.0	-350.0	
32280	25.0	22.0	-	-	-	Off	Off	Off	Off	Off			0.4	-4.0	0.1	0.1	Off	Off	Off	-100.0	0.0	-4.0	7.0	6.3	4.1	8.4	0.1	0.1	-350.0	-350.0	-350.0	-350.0	-350.0	-350.0	
32340	25.0	22.0	-	-	-	Off	Off	Off	Off	Off			0.4	-4.0	0.1	0.1	Off	Off	Off	-100.0	0.0	-4.0	7.0	6.3	4.2	8.4	0.1	0.1	-350.0	-350.0	-350.0	-350.0	-350.0	-350.0	
32400	25.0	22.0	-	-	-	Off	Off	Off	Off	Off			0.4	-4.0	0.1	0.1	Off	Off	Off	-100.0	0.0	-4.0	7.0	6.3	4.2	8.4	0.1	0.1	-350.0	-350.0	-350.0	-350.0	-350.0	-350.0	
32460	25.0	22.0	-	-	-	Off	Off	Off	Off	Off			0.4	-4.0	0.1	0.1	Off	Off	Off	-100.0	0.0	-4.0	7.0	6.3	4.2	8.4	0.1	0.1	-350.0	-350.0	-350.0	-350.0	-350.0	-350.0	
32520	25.0	22.0	-	-	-	Off	Off	Off	Off	Off			0.4	-4.0	0.1	0.1	Off	Off	Off	-100.0	0.0	-4.0	7.0	6.3	4.2	8.4	0.1	0.1	-350.0	-350.0	-350.0	-350.0	-350.0	-350.0	
32580	25.0	22.0	-	-	-	Off	Off	Off	Off	Off			0.4	-4.0	0.1	0.1	Off	Off	Off	-100.0	0.0	-4.0	7.0	6.3	4.2	8.4	0.1	0.1	-350.0	-350.0	-350.0	-350.0	-350.0	-350.0	
32640	25.0	22.0	-	-	-	Off	Off	Off	Off	Off			0.4	-4.0	0.1	0.1	Off	Off	Off	-100.0	0.0	-4.0	7.0	6.3	4.2	8.5	0.1	0.1	-350.0	-350.0	-350.0	-350.0	-350.0	-350.0	
32700	25.1	22.0	-	-	-	Off	Off	Off	Off	Off			0.4	-4.0	0.1	0.1	Off	Off	Off	-100.0	0.0	-4.0	7.0	6.3	4.2	8.5	0.1	0.1	-350.0	-350.0	-350.0	-350.0	-350.0	-350.0	
32760	25.1	22.0	-	-	-	Off	Off	Off	Off	Off			0.4	-3.9	0.1	0.1	Off	Off	Off	-100.0	0.0	-3.9	7.0	6.4	4.2	8.5	0.1	0.1	-350.0	-350.0	-350.0	-350.0	-350.0	-350.0	
32820	25.1	22.0	-	-	-	Off	Off	Off	Off	Off			0.4	-3.9	0.1	0.1	Off	Off	Off	-100.0	0.0	-3.9	7.0	6.4	4.2	8.5	0.1	0.1	-350.0	-350.0	-350.0	-350.0	-350.0	-350.0	
32880	25.1	22.0	-	-	-	Off	Off	Off	Off	Off			0.4	-3.9	0.1	0.1	Off	Off	Off	-100.0	0.0	-3.9	7.0	6.4	4.2	8.5	0.1	0.1	-350.0	-350.0	-350.0	-350.0	-350.0	-350.0	
32940	25.1	22.0	-	-	-	Off	Off	Off	Off	Off			0.4	-3.9	0.1	0.1	Off	Off	Off	-100.0	0.0	-3.9	7.0	6.4	4.2	8.5	0.1	0.1	-350.0	-350.0	-350.0	-350.0	-350.0	-350.0	
33000	25.1	22.0	-	-	-	Off	Off	Off	Off	Off			0.4	-3.9	0.1	0.1	Off	Off	Off	-100.0	0.0	-3.9	7.0	6.4	4.3	8.6	0.1	0.1	-350.0	-350.0	-350.0	-350.0	-350.0	-350.0	
33060	25.1	22.0	-	-	-	Off	Off	Off	Off	Off			0.4	-3.9	0.1	0.1	Off	Off	Off	-100.0	0.0	-3.9	7.0	6.4	4.3	8.6	0.1	0.1	-350.0	-350.0	-350.0	-350.0	-350.0	-350.0	
33120	25.1	22.0	-	-	-	Off	Off	Off	Off	Off			0.4	-3.9	0.1	0.1	Off	Off	Off	-100.0	0.0	-3.9	7.0	6.4	4.3	8.6	0.1	0.1	-350.0	-350.0	-350.0	-350.0	-350.0	-350.0	
33180	25.1	22.0	-	-	-	Off	Off	Off	Off	Off			0.4	-3.9	0.1	0.1	Off	Off	Off	-100.0	0.0	-3.9	7.0	6.4	4.3	8.6	0.1	0.1	-350.0	-350.0	-350.0	-350.0	-350.0	-350.0	
33240	25.1	22.0	-	-	-	Off	Off	Off	Off	Off			0.4	-3.8	0.1	0.1	Off	Off	Off	-100.0	0.0	-3.8	7.0	6.4	4.3	8.6	0.1	0.1	-350.0	-350.0	-350.0	-350.0	-350.0	-350.0	
33300	25.2	22.0	-	-	-	Off	Off	Off	Off	Off			0.4	-3.8	0.1	0.1	Off	Off	Off	-100.0	0.0	-3.8	7.0	6.4	4.3	8.6	0.1	0.1	-350.0	-350.0	-350.0	-350.0	-350.0	-350.0	
33360	25.2	22.0	-	-	-	Off	Off	Off	Off	Off			0.4	-3.8	0.1	0.1	Off	Off	Off	-100.0	0.0	-3.8	7.0	6.4	4.3	8.7	0.1	0.1	-350.0	-350.0	-350.0	-350.0	-350.0	-350.0	
33420	25.2	22.0	-	-	-	Off	Off	Off	Off	Off			0.4	-3.8	0.1	0.1	Off	Off	Off	-100.0	0.0	-3.8	7.1	6.4	4.3	8.7	0.1	0.1	-350.0	-350.0	-350.0	-350.0	-350.0	-350.0	
33480	25.2	22.0	-	-	-	Off	Off	Off	Off	Off			0.4	-3.8	0.1	0.1	Off	Off	Off	-100.0	0.0	-3.8	7.1	6.4	4.3	8.7	0.1	0.1	-350.0	-350.0	-350.0	-350.0	-350.0	-350.0	
33540	25.2	22.0	-	-	-	Off	Off	Off	Off	Off			0.4	-3.8	0.1	0.1	Off	Off	Off	-100.0	0.0	-3.8	7.1	6.4	4.3	8.7	0.1	0.1	-350.0	-350.0	-350.0	-350.0	-350.0	-350.0	
33600	25.2	22.0	-	-	-	Off	Off	Off	Off	Off			0.4	-3.7	0.1	0.1	Off	Off	Off	-100.0	0.0	-3.7	7.1	6.4	4.3	8.7	0.1	0.1	-350.0	-350.0	-350.0	-350.0	-350.0	-350.0	
33660	25.2	22.0	-	-	-	Off	Off	Off	Off	Off			0.4	-3.7	0.1	0.1	Off	Off	Off	-100.0	0.0	-3.7	7.1	6.4	4.4	8.7	0.1	0.1	-350.0	-350.0	-350.0	-350.0	-350.0	-350.0	
33720	25.3	22.0	-	-	-	Off	Off	Off	Off	Off			0.4	-3.7	0.1	0.1	Off	Off	Off	-100.0	0.0	-3.7	7.1	6.4	4.4	8.8	0.1	0.1	-350.0	-350.0	-350.0	-350.0	-350.0	-350.0	
33780	25.3	22.0	-	-	-	Off	Off	Off	Off	Off			0.4	-3.6	0.1	0.1	Off	Off	Off	-100.0	0.0	-3.6	7.1	6.4	4.4	8.8	0.1	0.1	-350.0	-350.0	-350.0	-350.0	-350.0	-350.0	
33840	25.3	22.0	-	-	-	Off	Off	Off	Off	Off			0.4	-3.6	0.1	0.1	Off	Off	Off	-100.0	0.0	-3.6	7.1	6.4	4.4	8.8	0.1	0.1	-350.0	-350.0	-350.0	-350.0	-350.0	-350.0	
33900	25.3	22.0	-	-	-	Off	Off	Off	Off	Off			0.4	-3.5	0.1	0.1	Off	Off	Off	-100.0	0.0	-3.5	7.1	6.4	4.4	8.8	0.1	0.1	-350.0	-350.0	-350.0	-350.0	-350.0	-350.0	
33960	25.3	22.0	-	-	-	Off	Off	Off	Off	Off			0.4	-3.4	0.1	0.1	Off	Off	Off	-100.0	0.0	-3.4	7.1	6.4	4.4	8.8	0.1	0.1	-350.0	-350.0	-350.0	-350.0	-350.0	-350.0	
34020	25.3	22.0	-	-	-	Off	Off	Off	Off	Off			0.4	-3.4	0.1	0.1	Off	Off	Off	-100.0	0.0	-3.4	7.1	6.4	4.4	8.8	0.1	0.1	-350.0	-350.0	-350.0	-350.0	-350.0	-350.0	
34080	25.3	22.0	-	-	-	Off	Off	Off	Off	Off			0.4	-3.3	0.1	0.1	Off	Off	Off	-100.0	0.0	-3.3	7.1	6.4	4.4	8.9	0.1	0.1	-350.0	-350.0	-350.0	-350.0	-350.0	-350.0	
34140	25.3	22.0	-	-	-	Off	Off	Off	Off	Off			0.4	-3.3	0.1	0.1	Off	Off	Off	-100.0	0.0	-3.3	7.1	6.4	4.4	8.9	0.1	0.1	-350.0	-350.0	-350.0	-350.0	-350.0	-350.0	
34200	25.4	22.0	-	-	-	Off	Off	Off	Off	Off			0.4	-3.2	0.1	0.1	Off	Off	Off	-100.0	0.0	-3.2	7.1	6.4	4.4	8.9	0.1	0.1	-350.0	-350.0	-350.0	-350.0	-350.0	-350.0	
34260	25.3	22.0	-	-	-	Off	Off	Off	Off	Off			0.4	-3.2	0.1	0.1	Off	Off	Off	-100.0	0.0	-3.2	7.1	6.4	4.4	8.9	0.1	0.1	-350.0	-350.0	-350.0	-350.0	-350.0	-350.0	
34320	25.4	22.0	-	-	-	Off	Off	Off	Off	Off			0.5	-3.1	0.1	0.1	Off	Off	Off	-100.0	0.0	-3.1	7.1	6.4	4.5	8.9	0.1	0.1	-350.0	-350.0	-350.0	-350.0	-350.0	-350.0	
34380	25.4	22.0	-	-	-	Off	Off	Off	Off	Off			0.5	-3.0	0.1	0.1	Off	Off	Off	-100.0	0.0	-3.0	7.1	6.4	4.5	9.0	0.1	0.1	-350.0	-350.0	-350.0	-350.0	-350.0	-350.0	
34440	25.4	22.0	-	-	-	Off	Off	Off	Off	Off			0.5	-3.0	0.1	0.1	Off	Off	Off	-100.0	0.0	-3.0	7.1	6.4	4.5	9.0	0.1	0.1	-350.0	-350.0	-350.0	-350.0	-350.0	-350.0	
34500	25.4	22.0	-	-	-	Off	Off	Off	Off	Off			0.5	-2.9	0.1	0.1	Off	Off	Off	-100.0	0.0	-2.9	7.1	6.4	4.5	9.0	0.1	0.1	-350.0	-350.0	-350.0	-350.0	-350.0	-350.0	
34560	25.4	22.0	-	-	-	Off	Off	Off	Off	Off			0.5	-2.9	0.1	0.1	Off	Off	Off	-100.0	0.0	-2.9	7.1	6.4	4.5	9.0	0.1	0.1	-350.0	-350.0	-350.0	-350.0	-350.0	-350.0	
34620	25.4	22.0	-	-	-	Off	Off	Off	Off	Off			0.5	-2.8	0.1	0.1	Off	Off	Off	-100.0	0.0	-2.8	7.1	6.4	4.5	9.0	0.1	0.1	-350.0	-350.0	-350.0	-350.0	-350.0	-350.0	
34680	25.4	22.0	-	-	-	Off	Off	Off	Off	Off			0.5	-2.8	0.1	0.1	Off	Off	Off	-100.0	0.0	-2.8	7.1	6.4	4.5	9.0	0.1	0.1	-350.0	-350.0	-350.0	-350.0	-350.0	-350.0	
34740	25.5	22.0	-	-	-	Off	Off	Off	Off	Off			0.5	-2.7	0.1	0.1	Off	Off	Off	-100.0	0.0	-2.7	7.1	6.4	4.5	9.1	0.1	0.1	-350.0	-350.0	-350.0	-350.0	-350.0	-350.0	
34800	25.5	22.0	-	-	-	Off	Off	Off	Off	Off			0.5	-2.7	0.1	0.1	Off	Off	Off	-100.0	0.0	-2.7	7.1	6.4	4.5	9.1	0.1	0.1	-350.0	-350.0	-350.0	-350.0	-350.0	-350.0	
34860	25.5	22.0	-	-	-	Off	Off	Off	Off	Off			0.5	-2.6	0.1	0.1	Off	Off	Off	-100.0	0.0	-2.6	7.1	6.5	4.5	9.1	0.1	0.1	-350.0	-350.0	-350.0	-350.0	-350.0	-350.0	
34920	25.5	22.0	-	-	-	Off	Off	Off	Off	Off			0.5	-2.6	0.1	0.1	Off	Off	Off	-100.0	0.0	-2.6	7.1	6.5	4.6	9.1	0.1	0.1	-350.0	-350.0	-350.0	-350.0	-350.0	-350.0	
34980	25.5	22.0	-	-	-	Off	Off	Off	Off	Off			0.5	-2.5	0.1	0.1	Off	Off	Off	-100.0	0.0	-2.5	7.1	6.5	4.6	9.1	0.1	0.1	-350.0	-350.0	-350.0	-350.0	-350.0	-350.0	
35040	25.5	22.0	-	-	-	Off	Off	Off	Off	Off			0.5	-2.5	0.1	0.1	Off	Off	Off	-100.0	0.0	-2.5	7.1	6.5	4.6	9.1	0.1	0.1	-350.0	-350.0	-350.0	-350.0	-350.0	-350.0	
35100	25.5	22.0	-	-	-	Off	Off	Off	Off	Off			0.5	-2.4	0.1	0.1	Off	Off	Off	-100.0	0.0	-2.4	7.1	6.5	4.6	9.2	0.1	0.1	-350.0	-350.0	-350.0	-350.0	-350.0	-350.0	
35160	25.5	22.0	-	-	-	Off	Off	Off	Off	Off			0.5	-2.4	0.1	0.1	Off	Off	Off	-100.0	0.0	-2.4	7.1	6.5	4.6	9.2	0.1	0.1	-350.0	-350.0	-350.0	-350.0	-350.0	-350.0	
35220	25.5	22.0	-	-	-	Off	Off	Off	Off	Off			0.5	-2.4	0.1	0.1	Off	Off	Off	-100.0	0.0	-2.4	7.1	6.5	4.6	9.2	0.1	0.1	-350.0	-350.0	-350.0	-350.0	-350.0	-350.0	
35280	25.6	22.0	-	-	-	Off	Off	Off	Off	Off			0.5	-2.3	0.1	0.1	Off	Off	Off	-100.0	0.0	-2.3	7.1	6.5	4.6	9.2	0.1	0.1	-350.0	-350.0	-350.0	-350.0	-350.0	-350.0	
35340	25.6	22.0	-	-	-	Off	Off	Off	Off	Off			0.5	-2.2	0.1	0.1	Off	Off	Off	-100.0	0.0	-2.2	7.1	6.5	4.6	9.2	0.1	0.1	-350.0	-350.0	-350.0	-350.0	-350.0	-350.0	
35400	25.6	22.0	-	-	-	Off	Off	Off	Off	Off			0.5	-2.2	0.1	0.1	Off	Off	Off	-100.0	0.0	-2.2	7.1	6.5	4.6	9.2	0.1	0.1	-350.0	-350.0	-350.0	-350.0	-350.0	-350.0	
35460	25.6	22.0	-	-	-	Off	Off	Off	Off	Off			0.5	-2.1	0.1	0.1	Off	Off	Off	-100.0	0.0	-2.1	7.1	6.5	4.6	9.3	0.1	0.1	-350.0	-350.0	-350.0	-350.0	-350.0	-350.0	
35520	25.6	22.0	-	-	-	Off	Off	Off	Off	Off			0.5	-2.1	0.1	0.1	Off	Off	Off	-100.0	0.0	-2.1	7.1	6.5	4.7	9.3	0.1	0.1	-350.0	-350.0	-350.0	-350.0	-350.0	-350.0	
35580	25.6	22.0	-	-	-	Off	Off	Off	Off	Off			0.5	-2.0	0.1	0.1	Off	Off	Off	-100.0	0.0	-2.0	7.1	6.5	4.7	9.3	0.1	0.1	-350.0	-350.0	-350.0	-350.0	-350.0	-350.0	
35640	25.6	22.0	-	-	-	Off	Off	Off	Off	Off			0.5	-1.9	0.1	0.1	Off	Off	Off	-100.0	0.0	-1.9	7.1	6.5	4.7	9.3	0.1	0.1	-350.0	-350.0	-350.0	-350.0	-350.0	-350.0	
35700	25.6	22.0	-	-	-	Off	Off	Off	Off	Off			0.5	-1.9	0.1	0.1	Off	Off	Off	-100.0	0.0	-1.9	7.2	6.5	4.7	9.3	0.1	0.1	-350.0	-350.0	-350.0	-350.0	-350.0	-350.0	
35760	25.7	22.0	-	-	-	Off	Off	Off	Off	Off			0.5	-1.8	0.1	0.1	Off	Off	Off	-100.0	0.0	-1.8	7.2	6.5	4.7	9.3	0.1	0.1	-350.0	-350.0	-350.0	-350.0	-350.0	-350.0	
35820	25.7	22.0	-	-	-	Off	Off	Off	Off	Off			0.5	-1.8	0.1	0.1	Off	Off	Off	-100.0	0.0	-1.8	7.2	6.5	4.7	9.4	0.1	0.1	-350.0	-350.0	-350.0	-350.0	-350.0	-350.0	
35880	25.7	22.0	-	-	-	Off	Off	Off	Off	Off			0.5	-1.8	0.1	0.1	Off	Off	Off	-100.0	0.0	-1.8	7.2	6.5	4.7	9.4	0.1	0.1	-350.0	-350.0	-350.0	-350.0	-350.0	-350.0	
35940	25.7	22.0	-	-	-	Off	Off	Off	Off	Off			0.5	-1.8	0.1	0.1	Off	Off	Off	-100.0	0.0	-1.8	7.2	6.5	4.7	9.4	0.1	0.1	-350.0	-350.0	-350.0	-350.0	-350.0	-350.0	
36000	25.7	22.0	-	-	-	Off	Off	Off	Off	Off			0.5	-1.7	0.1	0.1	Off	Off	Off	-100.0	0.0	-1.7	7.2	6.5	4.7	9.4	0.1	0.1	-350.0	-350.0	-350.0	-350.0	-350.0	-350.0	
36060	25.7	22.0	-	-	-	Off	Off	Off	Off	Off			0.5	-1.6	0.1	0.1	Off	Off	Off	-100.0	0.0	-1.6	7.2	6.5	4.7	9.4	0.1	0.1	-350.0	-350.0	-350.0	-350.0	-350.0	-350.0	
36120	25.7	22.0	-	-	-	Off	Off	Off	Off	Off			0.5	-1.6	0.1	0.1	Off	Off	Off	-100.0	0.0	-1.6	7.2	6.5	4.8	9.4	0.1	0.1	-350.0	-350.0	-350.0	-350.0	-350.0	-350.0	
36180	25.7	22.0	-	-	-	Off	Off	Off	Off	Off			0.5	-1.6	0.1	0.1	Off	Off	Off	-100.0	0.0	-1.6	7.2	6.5	4.8	9.4	0.1	0.1	-350.0	-350.0	-350.0	-350.0	-350.0	-350.0	
36240	25.7	22.0	-	-	-	Off	Off	Off	Off	Off			0.5	-1.6	0.1	0.1	Off	Off	Off	-100.0	0.0	-1.6	7.2	6.5	4.8	9.5	0.1	0.1	-350.0	-350.0	-350.0	-350.0	-350.0	-350.0	
36300	25.7	22.0	-	-	-	Off	Off	Off	Off	Off			0.5	-1.5	0.1	0.1	Off	Off	Off	-100.0	0.0	-1.5	7.2	6.5	4.8	9.5	0.1	0.1	-350.0	-350.0	-350.0	-350.0	-350.0	-350.0	
36360	25.8	22.0	-	-	-	Off	Off	Off	Off	Off			0.5	-1.5	0.1	0.1	Off	Off	Off	-100.0	0.0	-1.5	7.2	6.5	4.8	9.5	0.1	0.1	-350.0	-350.0	-350.0	-350.0	-350.0	-350.0	
36420	25.8	22.0	-	-	-	Off	Off	Off	Off	Off			0.5	-1.5	0.1	0.1	Off	Off	Off	-100.0	0.0	-1.4	7.2	6.5	4.8	9.5	0.1	0.1	-350.0	-350.0	-350.0	-350.0	-350.0	-350.0	
36480	25.8	22.0	-	-	-	Off	Off	Off	Off	Off			0.5	-1.4	0.1	0.1	Off	Off	Off	-100.0	0.0	-1.4	7.2	6.5	4.8	9.5	0.1	0.1	-350.0	-350.0	-350.0	-350.0	-350.0	-350.0	
36540	25.8	22.0	-	-	-	Off	Off	Off	Off	Off			0.5	-1.4	0.1	0.1	Off	Off	Off	-100.0	0.0	-1.4	7.2	6.5	4.8	9.5	0.1	0.1	-350.0	-350.0	-350.0	-350.0	-350.0	-350.0	
36600	25.8	22.0	-	-	-	Off	Off	Off	Off	Off			0.5	-1.4	0.1	0.1	Off	Off	Off	-100.0	0.0	-1.4	7.2	6.5	4.8	9.5	0.1	0.1	-350.0	-350.0	-350.0	-350.0	-350.0	-350.0	
36660	25.8	22.0	-	-	-	Off	Off	Off	Off	Off			0.5	-1.3	0.1	0.1	Off	Off	Off	-100.0	0.0	-1.3	7.2	6.5	4.8	9.6	0.1	0.1	-350.0	-350.0	-350.0	-350.0	-350.0	-350.0	
36720	25.8	22.0	-	-	-	Off	Off	Off	Off	Off			0.5	-1.3	0.1	0.1	Off	Off	Off	-100.0	0.0	-1.3	7.2	6.5	4.9	9.6	0.1	0.1	-350.0	-350.0	-350.0	-350.0	-350.0	-350.0	
36780	25.9	22.0	-	-	-	Off	Off	Off	Off	Off			0.5	-1.3	0.1	0.1	Off	Off	Off	-100.0	0.0	-1.3	7.2	6.5	4.9	9.6	0.1	0.1	-350.0	-350.0	-350.0	-350.0	-350.0	-350.0	
36840	25.8	22.0	-	-	-	Off	Off	Off	Off	Off			0.5	-1.2	0.1	0.1	Off	Off	Off	-100.0	0.0	-1.2	7.2	6.5	4.9	9.6	0.1	0.1	-350.0	-350.0	-350.0	-350.0	-350.0	-350.0	
36900	25.9	22.0	-	-	-	Off	Off	Off	Off	Off			0.5	-1.2	0.1	0.1	Off	Off	Off	-100.0	0.0	-1.2	7.2	6.5	4.9	9.6	0.1	0.1	-350.0	-350.0	-350.0	-350.0	-350.0	-350.0	
36960	25.9	22.0	-	-	-	Off	Off	Off	Off	Off			0.5	-1.2	0.1	0.1	Off	Off	Off	-100.0	0.0	-1.2	7.2	6.5	4.9	9.6	0.1	0.1	-350.0	-350.0	-350.0	-350.0	-350.0	-350.0	
37020	25.9	22.0	-	-	-	Off	Off	Off	Off	Off			0.5	-1.1	0.1	0.1	Off	Off	Off	-100.0	0.0	-1.1	7.2	6.5	4.9	9.7	0.1	0.1	-350.0	-350.0	-350.0	-350.0	-350.0	-350.0	
37080	25.9	22.0	-	-	-	Off	Off	Off	Off	Off			0.5	-1.1	0.1	0.1	Off	Off	Off	-100.0	0.0	-1.1	7.2	6.5	4.9	9.7	0.1	0.1	-350.0	-350.0	-350.0	-350.0	-350.0	-350.0	
37140	25.9	22.0	-	-	-	Off	Off	Off	Off	Off			0.5	-1.1	0.1	0.1	Off	Off	Off	-100.0	0.0	-1.1	7.2	6.5	4.9	9.7	0.1	0.1	-350.0	-350.0	-350.0	-350.0	-350.0	-350.0	
37200	25.9	22.0	-	-	-	Off	Off	Off	Off	Off			0.5	-1.1	0.1	0.1	Off	Off	Off	-100.0	0.0	-1.1	7.2	6.5	4.9	9.7	0.1	0.1	-350.0	-350.0	-350.0	-350.0	-350.0	-350.0	
37260	25.9	22.0	-	-	-	Off	Off	Off	Off	Off			0.5	-1.1	0.1	0.1	Off	Off	Off	-100.0	0.0	-1.1	7.2	6.5	4.9	9.7	0.1	0.1	-350.0	-350.0	-350.0	-350.0	-350.0	-350.0	
37320	25.9	22.0	-	-	-	Off	Off	Off	Off	Off			0.5	-1.0	0.1	0.1	Off	Off	Off	-100.0	0.0	-1.0	7.2	6.5	5.0	9.7	0.1	0.1	-350.0	-350.0	-350.0	-350.0	-350.0	-350.0	
37380	25.9	22.0	-	-	-	Off	Off	Off	Off	Off			0.5	-1.0	0.1	0.1	Off	Off	Off	-100.0	0.0	-1.0	7.2	6.5	5.0	9.7	0.1	0.1	-350.0	-350.0	-350.0	-350.0	-350.0	-350.0	
37440	26.0	22.0	-	-	-	Off	Off	Off	Off	Off			0.5	-1.0	0.1	0.1	Off	Off	Off	-100.0	0.0	-1.0	7.2	6.5	5.0	9.8	0.1	0.1	-350.0	-350.0	-350.0	-350.0	-350.0	-350.0	
37500	25.9	22.0	-	-	-	Off	Off	Off	Off	Off			0.5	-0.9	0.1	0.1	Off	Off	Off	-99.8	0.0	-0.9	7.2	6.5	5.0	9.8	0.1	0.1	-350.0	-350.0	-350.0	-350.0	-350.0	-350.0	
37560	26.0	22.0	-	-	-	Off	Off	Off	Off	Off			0.5	-0.9	0.1	0.1	Off	Off	Off	-100.0	0.0	-0.9	7.2	6.5	5.0	9.8	0.1	0.1	-350.0	-350.0	-350.0	-350.0	-350.0	-350.0	
37620	26.0	22.0	-	-	-	Off	Off	Off	Off	Off			0.5	-0.9	0.1	0.1	Off	Off	Off	-100.0	0.0	-0.9	7.2	6.5	5.0	9.8	0.1	0.1	-350.0	-350.0	-350.0	-350.0	-350.0	-350.0	
37680	26.0	22.0	-	-	-	Off	Off	Off	Off	Off			0.5	-0.8	0.1	0.1	Off	Off	Off	-100.0	0.0	-0.8	7.2	6.6	5.0	9.8	0.1	0.1	-350.0	-350.0	-350.0	-350.0	-350.0	-350.0	
37740	26.0	22.0	-	-	-	Off	Off	Off	Off	Off			0.5	-0.8	0.1	0.1	Off	Off	Off	-100.0	0.0	-0.8	7.2	6.6	5.0	9.8	0.1	0.1	-350.0	-350.0	-350.0	-350.0	-350.0	-350.0	
37800	26.0	22.0	-	-	-	Off	Off	Off	Off	Off			0.5	-0.8	0.1	0.1	Off	Off	Off	-100.0	0.0	-0.8	7.2	6.6	5.0	9.9	0.1	0.1	-350.0	-350.0	-350.0	-350.0	-350.0	-350.0	
37860	26.0	22.0	-	-	-	Off	Off	Off	Off	Off			0.5	-0.8	0.1	0.1	Off	Off	Off	-100.0	0.0	-0.8	7.2	6.6	5.1	9.9	0.1	0.1	-350.0	-350.0	-350.0	-350.0	-350.0	-350.0	
37920	26.0	22.0	-	-	-	Off	Off	Off	Off	Off			0.5	-0.8	0.1	0.1	Off	Off	Off	-100.0	0.0	-0.8	7.2	6.6	5.1	9.9	0.1	0.1	-350.0	-350.0	-350.0	-350.0	-350.0	-350.0	
37980	26.0	22.0	-	-	-	Off	Off	Off	Off	Off			0.5	-0.7	0.1	0.1	Off	Off	Off	-100.0	0.0	-0.7	7.2	6.6	5.1	9.9	0.1	0.1	-350.0	-350.0	-350.0	-350.0	-350.0	-350.0	
38040	26.1	22.0	-	-	-	Off	Off	Off	Off	Off			0.5	-0.7	0.1	0.1	Off	Off	Off	-100.0	0.0	-0.7	7.2	6.6	5.1	9.9	0.1	0.1	-350.0	-350.0	-350.0	-350.0	-350.0	-350.0	
38100	26.1	22.0	-	-	-	Off	Off	Off	Off	Off			0.5	-0.7	0.1	0.1	Off	Off	Off	-100.0	0.0	-0.7	7.2	6.6	5.1	9.9	0.1	0.1	-350.0	-350.0	-350.0	-350.0	-350.0	-350.0	
38160	26.1	22.0	-	-	-	Off	Off	Off	Off	Off			0.5	-0.7	0.1	0.1	Off	Off	Off	-100.0	0.0	-0.7	7.2	6.6	5.1	9.9	0.1	0.1	-350.0	-350.0	-350.0	-350.0	-350.0	-350.0	
38220	26.1	22.0	-	-	-	Off	Off	Off	Off	Off			0.5	-0.6	0.1	0.1	Off	Off	Off	-100.0	0.0	-0.6	7.2	6.6	5.1	10.0	0.1	0.1	-350.0	-350.0	-350.0	-350.0	-350.0	-350.0	
38280	26.1	22.0	-	-	-	Off	Off	Off	Off	Off			0.5	-0.6	0.1	0.1	Off	Off	Off	-100.0	0.0	-0.6	7.2	6.6	5.1	10.0	0.1	0.1	-350.0	-350.0	-350.0	-350.0	-350.0	-350.0	
38340	26.1	22.0	-	-	-	Off	Off	Off	Off	Off			0.5	-0.5	0.1	0.1	Off	Off	Off	-100.0	0.0	-0.5	7.2	6.6	5.1	10.0	0.1	0.1	-350.0	-350.0	-350.0	-350.0	-350.0	-350.0	
38400	26.1	22.0	-	-	-	Off	Off	Off	Off	Off			0.5	-0.5	0.1	0.1	Off	Off	Off	-100.0	0.0	-0.5	7.2	6.6	5.1	10.0	0.1	0.1	-350.0	-350.0	-350.0	-350.0	-350.0	-350.0	
38460	26.1	22.0	-	-	-	Off	Off	Off	Off	Off			0.5	-0.5	0.1	0.1	Off	Off	Off	-100.0	0.0	-0.5	7.2	6.6	5.2	10.0	0.1	0.1	-350.0	-350.0	-350.0	-350.0	-350.0	-350.0	
38520	26.1	22.0	-	-	-	Off	Off	Off	Off	Off			0.5	-0.5	0.1	0.1	Off	Off	Off	-100.0	0.0	-0.5	7.2	6.6	5.2	10.0	0.1	0.1	-350.0	-350.0	-350.0	-350.0	-350.0	-350.0	
38580	26.1	22.0	-	-	-	Off	Off	Off	Off	Off			0.5	-0.5	0.1	0.1	Off	Off	Off	-100.0	0.0	-0.5	7.2	6.6	5.2	10.1	0.1	0.1	-350.0	-350.0	-350.0	-350.0	-350.0	-350.0	
38640	26.1	22.0	-	-	-	Off	Off	Off	Off	Off			0.5	-0.4	0.1	0.1	Off	Off	Off	-100.0	0.0	-0.4	7.2	6.6	5.2	10.1	0.1	0.1	-350.0	-350.0	-350.0	-350.0	-350.0	-350.0	
38700	26.1	22.0	-	-	-	Off	Off	Off	Off	Off			0.5	-0.4	0.1	0.1	Off	Off	Off	-100.0	0.0	-0.4	7.3	6.6	5.2	10.1	0.1	0.1	-350.0	-350.0	-350.0	-350.0	-350.0	-350.0	
38760	26.2	22.0	-	-	-	Off	Off	Off	Off	Off			0.5	-0.4	0.1	0.1	Off	Off	Off	-100.0	0.0	-0.4	7.3	6.6	5.2	10.1	0.1	0.1	-350.0	-350.0	-350.0	-350.0	-350.0	-350.0	
38820	26.2	22.0	-	-	-	Off	Off	Off	Off	Off			0.5	-0.3	0.1	0.1	Off	Off	Off	-100.0	0.0	-0.3	7.3	6.6	5.2	10.1	0.1	0.1	-350.0	-350.0	-350.0	-350.0	-350.0	-350.0	
38880	26.2	22.0	-	-	-	Off	Off	Off	Off	Off			0.5	-0.3	0.1	0.1	Off	Off	Off	-100.0	0.0	-0.3	7.3	6.6	5.2	10.1	0.1	0.1	-350.0	-350.0	-350.0	-350.0	-350.0	-350.0	
38940	26.2	22.0	-	-	-	Off	Off	Off	Off	Off			0.5	-0.3	0.1	0.1	Off	Off	Off	-100.0	0.0	-0.3	7.3	6.6	5.2	10.1	0.1	0.1	-350.0	-350.0	-350.0	-350.0	-350.0	-350.0	
39000	26.2	22.0	-	-	-	Off	Off	Off	Off	Off			0.5	-0.3	0.1	0.1	Off	Off	Off	-100.0	0.0	-0.3	7.3	6.6	5.3	10.2	0.1	0.1	-350.0	-350.0	-350.0	-350.0	-350.0	-350.0	
39060	26.2	22.0	-	-	-	Off	Off	Off	Off	Off			0.5	-0.3	0.1	0.1	Off	Off	Off	-100.0	0.0	-0.3	7.3	6.6	5.3	10.2	0.1	0.1	-350.0	-350.0	-350.0	-350.0	-350.0	-350.0	
39120	26.2	22.0	-	-	-	Off	Off	Off	Off	Off			0.5	-0.2	0.1	0.1	Off	Off	Off	-100.0	0.0	-0.2	7.3	6.6	5.3	10.2	0.1	0.1	-350.0	-350.0	-350.0	-350.0	-350.0	-350.0	
39180	26.2	22.0	-	-	-	Off	Off	Off	Off	Off			0.5	-0.2	0.1	0.1	Off	Off	Off	-100.0	0.0	-0.2	7.3	6.6	5.3	10.2	0.1	0.1	-350.0	-350.0	-350.0	-350.0	-350.0	-350.0	
39240	26.2	22.0	-	-	-	Off	Off	Off	Off	Off			0.5	-0.2	0.1	0.1	Off	Off	Off	-100.0	0.0	-0.2	7.3	6.6	5.3	10.2	0.1	0.1	-350.0	-350.0	-350.0	-350.0	-350.0	-350.0	
39300	26.2	22.0	-	-	-	Off	Off	Off	Off	Off			0.5	-0.1	0.1	0.1	Off	Off	Off	-100.0	0.0	-0.1	7.3	6.6	5.3	10.2	0.1	0.1	-350.0	-350.0	-350.0	-350.0	-350.0	-350.0	
39360	26.2	22.0	-	-	-	Off	Off	Off	Off	Off			0.5	-0.1	0.1	0.1	Off	Off	Off	-100.0	0.0	-0.1	7.3	6.6	5.3	10.3	0.1	0.1	-350.0	-350.0	-350.0	-350.0	-350.0	-350.0	
39420	26.3	22.0	-	-	-	Off	Off	Off	Off	Off			0.5	-0.1	0.1	0.1	Off	Off	Off	-100.0	0.0	-0.1	7.3	6.6	5.3	10.3	0.1	0.1	-350.0	-350.0	-350.0	-350.0	-350.0	-350.0	
39480	26.3	22.0	-	-	-	Off	Off	Off	Off	Off			0.5	0.0	0.1	0.1	Off	Off	Off	-100.0	0.0	0.0	7.3	6.6	5.3	10.3	0.1	0.1	-350.0	-350.0	-350.0	-350.0	-350.0	-350.0	
39540	26.3	22.0	-	-	-	Off	Off	Off	Off	Off			0.5	0.0	0.1	0.1	Off	Off	Off	-100.0	0.0	0.0	7.3	6.6	5.4	10.3	0.1	0.1	-350.0	-350.0	-350.0	-350.0	-350.0	-350.0	
39600	26.3	22.0	-	-	-	Off	Off	Off	Off	Off			0.5	0.0	0.1	0.1	Off	Off	Off	-100.0	0.0	0.0	7.3	6.6	5.4	10.3	0.1	0.1	-350.0	-350.0	-350.0	-350.0	-350.0	-350.0	
39660	26.3	22.0	-	-	-	Off	Off	Off	Off	Off			0.5	0.0	0.1	0.1	Off	Off	Off	-100.0	0.0	0.0	7.3	6.6	5.4	10.3	0.1	0.1	-350.0	-350.0	-350.0	-350.0	-350.0	-350.0	
39720	26.3	22.0	-	-	-	Off	Off	Off	Off	Off			0.5	0.1	0.1	0.1	Off	Off	Off	-100.0	0.0	0.1	7.3	6.6	5.4	10.3	0.1	0.1	-350.0	-350.0	-350.0	-350.0	-350.0	-350.0	
39780	26.3	22.0	-	-	-	Off	Off	Off	Off	Off			0.5	0.1	0.1	0.1	Off	Off	Off	-100.0	0.0	0.1	7.3	6.6	5.4	10.4	0.1	0.1	-350.0	-350.0	-350.0	-350.0	-350.0	-350.0	
39840	26.3	22.0	-	-	-	Off	Off	Off	Off	Off			0.5	0.1	0.1	0.1	Off	Off	Off	-100.0	0.0	0.1	7.3	6.6	5.4	10.4	0.1	0.1	-350.0	-350.0	-350.0	-350.0	-350.0	-350.0	
39900	26.3	22.0	-	-	-	Off	Off	Off	Off	Off			0.5	0.2	0.1	0.1	Off	Off	Off	-100.0	0.0	0.2	7.3	6.6	5.4	10.4	0.1	0.1	-350.0	-350.0	-350.0	-350.0	-350.0	-350.0	
39960	26.3	22.0	-	-	-	Off	Off	Off	Off	Off			0.5	0.2	0.1	0.1	Off	Off	Off	-100.0	0.0	0.2	7.3	6.6	5.4	10.4	0.1	0.1	-350.0	-350.0	-350.0	-350.0	-350.0	-350.0	
40020	26.4	22.0	-	-	-	Off	Off	Off	Off	Off			0.5	0.2	0.1	0.1	Off	Off	Off	-100.0	0.0	0.2	7.3	6.6	5.4	10.4	0.1	0.1	-350.0	-350.0	-350.0	-350.0	-350.0	-350.0	
40080	26.3	22.0	-	-	-	Off	Off	Off	Off	Off			0.5	0.3	0.1	0.1	Off	Off	Off	-100.0	0.0	0.3	7.3	6.6	5.4	10.4	0.1	0.1	-350.0	-350.0	-350.0	-350.0	-350.0	-350.0	
40140	26.4	22.0	-	-	-	Off	Off	Off	Off	Off			0.6	0.3	0.1	0.1	Off	Off	Off	-100.0	0.0	0.3	7.3	6.6	5.5	10.4	0.1	0.1	-350.0	-350.0	-350.0	-350.0	-350.0	-350.0	
40200	26.4	22.0	-	-	-	Off	Off	Off	Off	Off			0.6	0.3	0.1	0.1	Off	Off	Off	-100.0	0.0	0.3	7.3	6.6	5.5	10.5	0.1	0.1	-350.0	-350.0	-350.0	-350.0	-350.0	-350.0	
40260	26.4	22.0	-	-	-	Off	Off	Off	Off	Off			0.6	0.3	0.1	0.1	Off	Off	Off	-100.0	0.0	0.3	7.3	6.6	5.5	10.5	0.1	0.1	-350.0	-350.0	-350.0	-350.0	-350.0	-350.0	
40320	26.4	22.0	-	-	-	Off	Off	Off	Off	Off			0.6	0.4	0.1	0.1	Off	Off	Off	-100.0	0.0	0.4	7.3	6.6	5.5	10.5	0.1	0.1	-350.0	-350.0	-350.0	-350.0	-350.0	-350.0	
40380	26.4	22.0	-	-	-	Off	Off	Off	Off	Off			0.6	0.4	0.1	0.1	Off	Off	Off	-100.0	0.0	0.4	7.3	6.6	5.5	10.5	0.1	0.1	-350.0	-350.0	-350.0	-350.0	-350.0	-350.0	
40440	26.4	22.0	-	-	-	Off	Off	Off	Off	Off			0.6	0.4	0.1	0.1	Off	Off	Off	-100.0	0.0	0.4	7.3	6.6	5.5	10.5	0.1	0.1	-350.0	-350.0	-350.0	-350.0	-350.0	-350.0	
40500	26.4	22.0	-	-	-	Off	Off	Off	Off	Off			0.6	0.5	0.1	0.1	Off	Off	Off	-100.0	0.0	0.5	7.3	6.6	5.5	10.5	0.1	0.1	-350.0	-350.0	-350.0	-350.0	-350.0	-350.0	
40560	26.4	22.0	-	-	-	Off	Off	Off	Off	Off			0.6	0.5	0.1	0.1	Off	Off	Off	-100.0	0.0	0.5	7.3	6.6	5.5	10.6	0.1	0.1	-350.0	-350.0	-350.0	-350.0	-350.0	-350.0	
40620	26.5	22.0	-	-	-	Off	Off	Off	Off	Off			0.6	0.5	0.1	0.1	Off	Off	Off	-100.0	0.0	0.5	7.3	6.6	5.5	10.6	0.1	0.1	-350.0	-350.0	-350.0	-350.0	-350.0	-350.0	
40680	26.4	22.0	-	-	-	Off	Off	Off	Off	Off			0.6	0.6	0.1	0.1	Off	Off	Off	-100.0	0.0	0.5	7.3	6.6	5.6	10.6	0.1	0.1	-350.0	-350.0	-350.0	-350.0	-350.0	-350.0	
40740	26.5	22.0	-	-	-	Off	Off	Off	Off	Off			0.6	0.6	0.1	0.1	Off	Off	Off	-100.0	0.0	0.6	7.3	6.6	5.6	10.6	0.1	0.1	-350.0	-350.0	-350.0	-350.0	-350.0	-350.0	
40800	26.5	22.0	-	-	-	Off	Off	Off	Off	Off			0.6	0.6	0.1	0.1	Off	Off	Off	-100.0	0.0	0.6	7.3	6.6	5.6	10.6	0.1	0.1	-350.0	-350.0	-350.0	-350.0	-350.0	-350.0	
40860	26.5	22.0	-	-	-	Off	Off	Off	Off	Off			0.6	0.6	0.1	0.1	Off	Off	Off	-100.0	0.0	0.6	7.3	6.6	5.6	10.6	0.1	0.1	-350.0	-350.0	-350.0	-350.0	-350.0	-350.0	
40920	26.5	22.0	-	-	-	Off	Off	Off	Off	Off			0.6	0.6	0.1	0.1	Off	Off	Off	-100.0	0.0	0.6	7.3	6.6	5.6	10.6	0.1	0.1	-350.0	-350.0	-350.0	-350.0	-350.0	-350.0	
40980	26.5	22.0	-	-	-	Off	Off	Off	Off	Off			0.6	0.7	0.1	0.1	Off	Off	Off	-100.0	0.0	0.7	7.3	6.6	5.6	10.7	0.1	0.1	-350.0	-350.0	-350.0	-350.0	-350.0	-350.0	
41040	26.5	22.0	-	-	-	Off	Off	Off	Off	Off			0.6	0.7	0.1	0.1	Off	Off	Off	-100.0	0.0	0.7	7.3	6.6	5.6	10.7	0.1	0.1	-350.0	-350.0	-350.0	-350.0	-350.0	-350.0	
41100	26.5	22.0	-	-	-	Off	Off	Off	Off	Off			0.6	0.7	0.1	0.1	Off	Off	Off	-100.0	0.0	0.7	7.3	6.6	5.6	10.7	0.1	0.1	-350.0	-350.0	-350.0	-350.0	-350.0	-350.0	
41160	26.5	22.0	-	-	-	Off	Off	Off	Off	Off			0.6	0.7	0.1	0.1	Off	Off	Off	-100.0	0.0	0.7	7.3	6.6	5.6	10.7	0.1	0.1	-350.0	-350.0	-350.0	-350.0	-350.0	-350.0	
41220	26.5	22.0	-	-	-	Off	Off	Off	Off	Off			0.6	0.8	0.1	0.1	Off	Off	Off	-100.0	0.0	0.8	7.3	6.6	5.7	10.7	0.1	0.1	-350.0	-350.0	-350.0	-350.0	-350.0	-350.0	
41280	26.5	22.0	-	-	-	Off	Off	Off	Off	Off			0.6	0.8	0.1	0.1	Off	Off	Off	-100.0	0.0	0.8	7.3	6.6	5.7	10.7	0.1	0.1	-350.0	-350.0	-350.0	-350.0	-350.0	-350.0	
41340	26.5	22.0	-	-	-	Off	Off	Off	Off	Off			0.6	0.8	0.1	0.1	Off	Off	Off	-100.0	0.0	0.8	7.3	6.6	5.7	10.7	0.1	0.1	-350.0	-350.0	-350.0	-350.0	-350.0	-350.0	
41400	26.6	22.0	-	-	-	Off	Off	Off	Off	Off			0.6	0.8	0.1	0.1	Off	Off	Off	-100.0	0.0	0.8	7.3	6.6	5.7	10.8	0.1	0.1	-350.0	-350.0	-350.0	-350.0	-350.0	-350.0	
41460	26.6	22.0	-	-	-	Off	Off	Off	Off	Off			0.6	0.9	0.1	0.1	Off	Off	Off	-100.0	0.0	0.9	7.3	6.6	5.7	10.8	0.1	0.1	-350.0	-350.0	-350.0	-350.0	-350.0	-350.0	
41520	26.6	22.0	-	-	-	Off	Off	Off	Off	Off			0.6	0.9	0.1	0.1	Off	Off	Off	-100.0	0.0	0.9	7.3	6.6	5.7	10.8	0.1	0.1	-350.0	-350.0	-350.0	-350.0	-350.0	-350.0	
41580	26.6	22.0	-	-	-	Off	Off	Off	Off	Off			0.6	0.9	0.1	0.1	Off	Off	Off	-100.0	0.0	0.9	7.3	6.6	5.7	10.8	0.1	0.1	-350.0	-350.0	-350.0	-350.0	-350.0	-350.0	
41640	26.6	22.0	-	-	-	Off	Off	Off	Off	Off			0.6	0.9	0.1	0.1	Off	Off	Off	-100.0	0.0	0.9	7.3	6.6	5.7	10.8	0.1	0.1	-350.0	-350.0	-350.0	-350.0	-350.0	-350.0	
41700	26.6	22.0	-	-	-	Off	Off	Off	Off	Off			0.6	0.9	0.1	0.1	Off	Off	Off	-100.0	0.0	0.9	7.3	6.6	5.7	10.8	0.1	0.1	-350.0	-350.0	-350.0	-350.0	-350.0	-350.0	
41760	26.6	22.0	-	-	-	Off	Off	Off	Off	Off			0.6	1.0	0.1	0.1	Off	Off	Off	-100.0	0.0	1.0	7.3	6.6	5.8	10.9	0.1	0.1	-350.0	-350.0	-350.0	-350.0	-350.0	-350.0	
41820	26.6	22.0	-	-	-	Off	Off	Off	Off	Off			0.6	1.0	0.1	0.1	Off	Off	Off	-100.0	0.0	1.0	7.3	6.6	5.8	10.9	0.1	0.1	-350.0	-350.0	-350.0	-350.0	-350.0	-350.0	
41880	26.6	22.0	-	-	-	Off	Off	Off	Off	Off			0.6	1.0	0.1	0.1	Off	Off	Off	-100.0	0.0	1.0	7.3	6.6	5.8	10.9	0.1	0.1	-350.0	-350.0	-350.0	-350.0	-350.0	-350.0	
41940	26.6	22.0	-	-	-	Off	Off	Off	Off	Off			0.6	1.0	0.1	0.1	Off	Off	Off	-100.0	0.0	1.0	7.3	6.6	5.8	10.9	0.1	0.1	-350.0	-350.0	-350.0	-350.0	-350.0	-350.0	
42000	26.6	22.0	-	-	-	Off	Off	Off	Off	Off			0.6	1.0	0.1	0.1	Off	Off	Off	-100.0	0.0	1.0	7.3	6.6	5.8	10.9	0.1	0.1	-350.0	-350.0	-350.0	-350.0	-350.0	-350.0	
42060	26.7	22.0	-	-	-	Off	Off	Off	Off	Off			0.6	1.1	0.1	0.1	Off	Off	Off	-100.0	0.0	1.1	7.3	6.6	5.8	10.9	0.1	0.1	-350.0	-350.0	-350.0	-350.0	-350.0	-350.0	
42120	26.7	22.0	-	-	-	Off	Off	Off	Off	Off			0.6	1.1	0.1	0.1	Off	Off	Off	-100.0	0.0	1.1	7.3	6.6	5.8	10.9	0.1	0.1	-350.0	-350.0	-350.0	-350.0	-350.0	-350.0	
42180	26.7	22.0	-	-	-	Off	Off	Off	Off	Off			0.6	1.1	0.1	0.1	Off	Off	Off	-100.0	0.0	1.1	7.3	6.6	5.8	11.0	0.1	0.1	-350.0	-350.0	-350.0	-350.0	-350.0	-350.0	
42240	26.7	22.0	-	-	-	Off	Off	Off	Off	Off			0.6	1.1	0.1	0.1	Off	Off	Off	-100.0	0.0	1.1	7.3	6.6	5.8	11.0	0.1	0.1	-350.0	-350.0	-350.0	-350.0	-350.0	-350.0	
42300	26.7	22.0	-	-	-	Off	Off	Off	Off	Off			0.6	1.1	0.1	0.1	Off	Off	Off	-100.0	0.0	1.1	7.3	6.6	5.9	11.0	0.1	0.1	-350.0	-350.0	-350.0	-350.0	-350.0	-350.0	
42360	26.7	22.0	-	-	-	Off	Off	Off	Off	Off			0.6	1.2	0.1	0.1	Off	Off	Off	-100.0	0.0	1.2	7.3	6.6	5.9	11.0	0.1	0.1	-350.0	-350.0	-350.0	-350.0	-350.0	-350.0	
42420	26.7	22.0	-	-	-	Off	Off	Off	Off	Off			0.6	1.2	0.1	0.1	Off	Off	Off	-100.0	0.0	1.2	7.3	6.6	5.9	11.0	0.1	0.1	-350.0	-350.0	-350.0	-350.0	-350.0	-350.0	
42480	26.7	22.0	-	-	-	Off	Off	Off	Off	Off			0.6	1.2	0.1	0.1	Off	Off	Off	-100.0	0.0	1.2	7.3	6.6	5.9	11.0	0.1	0.1	-350.0	-350.0	-350.0	-350.0	-350.0	-350.0	
42540	26.7	22.0	-	-	-	Off	Off	Off	Off	Off			0.6	1.2	0.1	0.1	Off	Off	Off	-100.0	0.0	1.2	7.3	6.6	5.9	11.1	0.1	0.1	-350.0	-350.0	-350.0	-350.0	-350.0	-350.0	
42600	26.7	22.0	-	-	-	Off	Off	Off	Off	Off			0.6	1.3	0.1	0.1	Off	Off	Off	-100.0	0.0	1.3	7.3	6.6	5.9	11.1	0.1	0.1	-350.0	-350.0	-350.0	-350.0	-350.0	-350.0	
42660	26.7	22.0	-	-	-	Off	Off	Off	Off	Off			0.6	1.3	0.1	0.1	Off	Off	Off	-100.0	0.0	1.3	7.3	6.6	5.9	11.1	0.1	0.1	-350.0	-350.0	-350.0	-350.0	-350.0	-350.0	
42720	26.7	22.0	-	-	-	Off	Off	Off	Off	Off			0.6	1.3	0.1	0.1	Off	Off	Off	-100.0	0.0	1.3	7.3	6.7	5.9	11.1	0.1	0.1	-350.0	-350.0	-350.0	-350.0	-350.0	-350.0	
42780	26.7	22.0	-	-	-	Off	Off	Off	Off	Off			0.6	1.3	0.1	0.1	Off	Off	Off	-100.0	0.0	1.3	7.3	6.7	5.9	11.1	0.1	0.1	-350.0	-350.0	-350.0	-350.0	-350.0	-350.0	
42840	26.8	22.0	-	-	-	Off	Off	Off	Off	Off			0.6	1.3	0.1	0.1	Off	Off	Off	-100.0	0.0	1.3	7.3	6.7	6.0	11.1	0.1	0.1	-350.0	-350.0	-350.0	-350.0	-350.0	-350.0	
42900	26.8	22.0	-	-	-	Off	Off	Off	Off	Off			0.6	1.4	0.1	0.1	Off	Off	Off	-100.0	0.0	1.4	7.3	6.7	6.0	11.1	0.1	0.1	-350.0	-350.0	-350.0	-350.0	-350.0	-350.0	
42960	26.8	22.0	-	-	-	Off	Off	Off	Off	Off			0.6	1.4	0.1	0.1	Off	Off	Off	-100.0	0.0	1.4	7.3	6.7	6.0	11.2	0.1	0.1	-350.0	-350.0	-350.0	-350.0	-350.0	-350.0	
43020	26.8	22.0	-	-	-	Off	Off	Off	Off	Off			0.6	1.4	0.1	0.1	Off	Off	Off	-100.0	0.0	1.4	7.3	6.7	6.0	11.2	0.1	0.1	-350.0	-350.0	-350.0	-350.0	-350.0	-350.0	
43080	26.8	22.0	-	-	-	Off	Off	Off	Off	Off			0.6	1.4	0.1	0.1	Off	Off	Off	-100.0	0.0	1.4	7.3	6.7	6.0	11.2	0.1	0.1	-350.0	-350.0	-350.0	-350.0	-350.0	-350.0	
43140	26.8	22.0	-	-	-	Off	Off	Off	Off	Off			0.6	1.4	0.1	0.1	Off	Off	Off	-100.0	0.0	1.4	7.3	6.7	6.0	11.2	0.1	0.1	-350.0	-350.0	-350.0	-350.0	-350.0	-350.0	
43200	26.8	22.0	-	-	-	Off	Off	Off	Off	Off			0.6	1.4	0.1	0.1	Off	Off	Off	-100.0	0.0	1.4	7.3	6.7	6.0	11.2	0.1	0.1	-350.0	-350.0	-350.0	-350.0	-350.0	-350.0	
43260	26.8	22.0	-	-	-	Off	Off	Off	Off	Off			0.6	1.5	0.1	0.1	Off	Off	Off	-100.0	0.0	1.5	7.3	6.7	6.0	11.2	0.1	0.1	-350.0	-350.0	-350.0	-350.0	-350.0	-350.0	
43320	26.8	22.0	-	-	-	Off	Off	Off	Off	Off			0.6	1.5	0.1	0.1	Off	Off	Off	-100.0	0.0	1.5	7.3	6.7	6.0	11.2	0.1	0.1	-350.0	-350.0	-350.0	-350.0	-350.0	-350.0	
43380	26.8	22.0	-	-	-	Off	Off	Off	Off	Off			0.6	1.5	0.1	0.1	Off	Off	Off	-100.0	0.0	1.5	7.3	6.7	6.1	11.3	0.1	0.1	-350.0	-350.0	-350.0	-350.0	-350.0	-350.0	
43440	26.8	22.0	-	-	-	Off	Off	Off	Off	Off			0.6	1.5	0.1	0.1	Off	Off	Off	-100.0	0.0	1.5	7.3	6.7	6.1	11.3	0.1	0.1	-350.0	-350.0	-350.0	-350.0	-350.0	-350.0	
43500	26.9	22.0	-	-	-	Off	Off	Off	Off	Off			0.6	1.5	0.1	0.1	Off	Off	Off	-100.0	0.0	1.5	7.3	6.7	6.1	11.3	0.1	0.1	-350.0	-350.0	-350.0	-350.0	-350.0	-350.0	
43560	26.8	22.0	-	-	-	Off	Off	Off	Off	Off			0.6	1.6	0.1	0.1	Off	Off	Off	-100.0	0.0	1.6	7.3	6.7	6.1	11.3	0.1	0.1	-350.0	-350.0	-350.0	-350.0	-350.0	-350.0	
43620	26.9	22.0	-	-	-	Off	Off	Off	Off	Off			0.6	1.5	0.1	0.1	Off	Off	Off	-100.0	0.0	1.5	7.3	6.7	6.1	11.3	0.1	0.1	-350.0	-350.0	-350.0	-350.0	-350.0	-350.0	
43680	26.9	22.0	-	-	-	Off	Off	Off	Off	Off			0.6	1.6	0.1	0.1	Off	Off	Off	-100.0	0.0	1.6	7.3	6.7	6.1	11.3	0.1	0.1	-350.0	-350.0	-350.0	-350.0	-350.0	-350.0	
43740	26.9	22.0	-	-	-	Off	Off	Off	Off	Off			0.6	1.6	0.1	0.1	Off	Off	Off	-100.0	0.0	1.6	7.3	6.7	6.1	11.3	0.1	0.1	-350.0	-350.0	-350.0	-350.0	-350.0	-350.0	
43800	26.9	22.0	-	-	-	Off	Off	Off	Off	Off			0.6	1.6	0.1	0.1	Off	Off	Off	-100.0	0.0	1.6	7.3	6.7	6.1	11.4	0.1	0.1	-350.0	-350.0	-350.0	-350.0	-350.0	-350.0	
43860	26.9	22.0	-	-	-	Off	Off	Off	Off	Off			0.6	1.6	0.1	0.1	Off	Off	Off	-100.0	0.0	1.6	7.3	6.7	6.2	11.4	0.1	0.1	-350.0	-350.0	-350.0	-350.0	-350.0	-350.0	
43920	26.9	22.0	-	-	-	Off	Off	Off	Off	Off			0.6	1.7	0.1	0.1	Off	Off	Off	-100.0	0.0	1.6	7.3	6.7	6.2	11.4	0.1	0.1	-350.0	-350.0	-350.0	-350.0	-350.0	-350.0	
43980	26.9	22.0	-	-	-	Off	Off	Off	Off	Off			0.6	1.6	0.1	0.1	Off	Off	Off	-100.0	0.0	1.6	7.3	6.7	6.2	11.4	0.1	0.1	-350.0	-350.0	-350.0	-350.0	-350.0	-350.0	
44040	26.9	22.0	-	-	-	Off	Off	Off	Off	Off			0.6	1.7	0.1	0.1	Off	Off	Off	-100.0	0.0	1.7	7.3	6.7	6.2	11.4	0.1	0.1	-350.0	-350.0	-350.0	-350.0	-350.0	-350.0	
44100	26.9	22.0	-	-	-	Off	Off	Off	Off	Off			0.6	1.7	0.1	0.1	Off	Off	Off	-100.0	0.0	1.7	7.3	6.7	6.2	11.4	0.1	0.1	-350.0	-350.0	-350.0	-350.0	-350.0	-350.0	
44160	26.9	22.0	-	-	-	Off	Off	Off	Off	Off			0.6	1.7	0.1	0.1	Off	Off	Off	-100.0	0.0	1.7	7.3	6.7	6.2	11.5	0.1	0.1	-350.0	-350.0	-350.0	-350.0	-350.0	-350.0	
44220	26.9	22.0	-	-	-	Off	Off	Off	Off	Off			0.6	1.7	0.1	0.1	Off	Off	Off	-100.0	0.0	1.7	7.4	6.7	6.2	11.5	0.1	0.1	-350.0	-350.0	-350.0	-350.0	-350.0	-350.0	
44280	27.0	22.0	-	-	-	Off	Off	Off	Off	Off			0.6	1.7	0.1	0.1	Off	Off	Off	-100.0	0.0	1.7	7.4	6.7	6.2	11.5	0.1	0.1	-350.0	-350.0	-350.0	-350.0	-350.0	-350.0	
44340	27.0	22.0	-	-	-	Off	Off	Off	Off	Off			0.6	1.7	0.1	0.1	Off	Off	Off	-100.0	0.0	1.7	7.4	6.7	6.2	11.5	0.1	0.1	-350.0	-350.0	-350.0	-350.0	-350.0	-350.0	
44400	27.0	22.0	-	-	-	Off	Off	Off	Off	Off			0.6	1.8	0.1	0.1	Off	Off	Off	-100.0	0.0	1.8	7.4	6.7	6.3	11.5	0.1	0.1	-350.0	-350.0	-350.0	-350.0	-350.0	-350.0	
44460	27.0	22.0	-	-	-	Off	Off	Off	Off	Off			0.6	1.8	0.1	0.1	Off	Off	Off	-100.0	0.0	1.8	7.4	6.7	6.3	11.5	0.1	0.1	-350.0	-350.0	-350.0	-350.0	-350.0	-350.0	
44520	27.0	22.0	-	-	-	Off	Off	Off	Off	Off			0.6	1.8	0.1	0.1	Off	Off	Off	-100.0	0.0	1.8	7.4	6.7	6.3	11.5	0.1	0.1	-350.0	-350.0	-350.0	-350.0	-350.0	-350.0	
44580	27.0	22.0	-	-	-	Off	Off	Off	Off	Off			0.6	1.8	0.1	0.1	Off	Off	Off	-100.0	0.0	1.8	7.4	6.7	6.3	11.6	0.1	0.1	-350.0	-350.0	-350.0	-350.0	-350.0	-350.0	
44640	27.0	22.0	-	-	-	Off	Off	Off	Off	Off			0.6	1.8	0.1	0.1	Off	Off	Off	-100.0	0.0	1.8	7.4	6.7	6.3	11.6	0.1	0.1	-350.0	-350.0	-350.0	-350.0	-350.0	-350.0	
44700	27.0	22.0	-	-	-	Off	Off	Off	Off	Off			0.6	1.8	0.1	0.1	Off	Off	Off	-100.0	0.0	1.8	7.4	6.7	6.3	11.6	0.1	0.1	-350.0	-350.0	-350.0	-350.0	-350.0	-350.0	
44760	27.0	22.0	-	-	-	Off	Off	Off	Off	Off			0.6	1.9	0.1	0.1	Off	Off	Off	-100.0	0.0	1.9	7.4	6.7	6.3	11.6	0.1	0.1	-350.0	-350.0	-350.0	-350.0	-350.0	-350.0	
44820	27.0	22.0	-	-	-	Off	Off	Off	Off	Off			0.6	1.9	0.1	0.1	Off	Off	Off	-100.0	0.0	1.9	7.4	6.7	6.3	11.6	0.1	0.1	-350.0	-350.0	-350.0	-350.0	-350.0	-350.0	
44880	27.0	22.0	-	-	-	Off	Off	Off	Off	Off			0.6	1.9	0.1	0.1	Off	Off	Off	-100.0	0.0	1.9	7.4	6.7	6.4	11.6	0.1	0.1	-350.0	-350.0	-350.0	-350.0	-350.0	-350.0	
44940	27.0	22.0	-	-	-	Off	Off	Off	Off	Off			0.6	1.9	0.1	0.1	Off	Off	Off	-100.0	0.0	1.9	7.4	6.7	6.4	11.6	0.1	0.1	-350.0	-350.0	-350.0	-350.0	-350.0	-350.0	
45000	27.0	22.0	-	-	-	Off	Off	Off	Off	Off			0.6	1.9	0.1	0.1	Off	Off	Off	-100.0	0.0	1.9	7.4	6.7	6.4	11.7	0.1	0.1	-350.0	-350.0	-350.0	-350.0	-350.0	-350.0	
45060	27.0	22.0	-	-	-	Off	Off	Off	Off	Off			0.6	1.9	0.1	0.1	Off	Off	Off	-100.0	0.0	1.9	7.4	6.7	6.4	11.7	0.1	0.1	-350.0	-350.0	-350.0	-350.0	-350.0	-350.0	
45120	27.1	22.0	-	-	-	Off	Off	Off	Off	Off			0.6	2.0	0.1	0.1	Off	Off	Off	-100.0	0.0	2.0	7.4	6.7	6.4	11.7	0.1	0.1	-350.0	-350.0	-350.0	-350.0	-350.0	-350.0	
45180	27.1	22.0	-	-	-	Off	Off	Off	Off	Off			0.6	2.0	0.1	0.1	Off	Off	Off	-100.0	0.0	2.0	7.4	6.7	6.4	11.7	0.1	0.1	-350.0	-350.0	-350.0	-350.0	-350.0	-350.0	
45240	27.1	22.0	-	-	-	Off	Off	Off	Off	Off			0.6	2.0	0.1	0.1	Off	Off	Off	-100.0	0.0	2.0	7.4	6.7	6.4	11.7	0.1	0.1	-350.0	-350.0	-350.0	-350.0	-350.0	-350.0	
45300	27.1	22.0	-	-	-	Off	Off	Off	Off	Off			0.6	2.0	0.1	0.1	Off	Off	Off	-100.0	0.0	2.0	7.4	6.7	6.4	11.7	0.1	0.1	-350.0	-350.0	-350.0	-350.0	-350.0	-350.0	
45360	27.1	22.0	-	-	-	Off	Off	Off	Off	Off			0.6	2.0	0.1	0.1	Off	Off	Off	-100.0	0.0	2.0	7.4	6.7	6.4	11.7	0.1	0.1	-350.0	-350.0	-350.0	-350.0	-350.0	-350.0	
45420	27.1	22.0	-	-	-	Off	Off	Off	Off	Off			0.7	2.0	0.1	0.1	Off	Off	Off	-100.0	0.0	2.0	7.4	6.7	6.5	11.8	0.1	0.1	-350.0	-350.0	-350.0	-350.0	-350.0	-350.0	
45480	27.1	22.0	-	-	-	Off	Off	Off	Off	Off			0.7	2.1	0.1	0.1	Off	Off	Off	-100.0	0.0	2.1	7.4	6.7	6.5	11.8	0.1	0.1	-350.0	-350.0	-350.0	-350.0	-350.0	-350.0	
45540	27.1	22.0	-	-	-	Off	Off	Off	Off	Off			0.7	2.1	0.1	0.1	Off	Off	Off	-100.0	0.0	2.1	7.4	6.7	6.5	11.8	0.1	0.1	-350.0	-350.0	-350.0	-350.0	-350.0	-350.0	
45600	27.1	22.0	-	-	-	Off	Off	Off	Off	Off			0.7	2.1	0.1	0.1	Off	Off	Off	-100.0	0.0	2.1	7.4	6.7	6.5	11.8	0.1	0.1	-350.0	-350.0	-350.0	-350.0	-350.0	-350.0	
45660	27.1	22.0	-	-	-	Off	Off	Off	Off	Off			0.7	2.1	0.1	0.1	Off	Off	Off	-100.0	0.0	2.1	7.4	6.7	6.5	11.8	0.1	0.1	-350.0	-350.0	-350.0	-350.0	-350.0	-350.0	
45720	27.1	22.0	-	-	-	Off	Off	Off	Off	Off			0.7	2.1	0.1	0.1	Off	Off	Off	-100.0	0.0	2.1	7.4	6.7	6.5	11.8	0.1	0.1	-350.0	-350.0	-350.0	-350.0	-350.0	-350.0	
45780	27.1	22.0	-	-	-	Off	Off	Off	Off	Off			0.7	2.1	0.1	0.1	Off	Off	Off	-100.0	0.0	2.1	7.4	6.7	6.5	11.8	0.1	0.1	-350.0	-350.0	-350.0	-350.0	-350.0	-350.0	
45840	27.1	22.0	-	-	-	Off	Off	Off	Off	Off			0.7	2.1	0.1	0.1	Off	Off	Off	-100.0	0.0	2.1	7.4	6.7	6.5	11.9	0.1	0.1	-350.0	-350.0	-350.0	-350.0	-350.0	-350.0	
45900	27.1	22.0	-	-	-	Off	Off	Off	Off	Off			0.7	2.2	0.1	0.1	Off	Off	Off	-100.0	0.0	2.2	7.4	6.7	6.6	11.9	0.1	0.1	-350.0	-350.0	-350.0	-350.0	-350.0	-350.0	
45960	27.1	22.0	-	-	-	Off	Off	Off	Off	Off			0.7	2.2	0.1	0.1	Off	Off	Off	-100.0	0.0	2.2	7.4	6.7	6.6	11.9	0.1	0.1	-350.0	-350.0	-350.0	-350.0	-350.0	-350.0	
46020	27.1	22.0	-	-	-	Off	Off	Off	Off	Off			0.7	2.2	0.1	0.1	Off	Off	Off	-100.0	0.0	2.2	7.4	6.7	6.6	11.9	0.1	0.1	-350.0	-350.0	-350.0	-350.0	-350.0	-350.0	
46080	27.2	22.0	-	-	-	Off	Off	Off	Off	Off			0.7	2.2	0.1	0.1	Off	Off	Off	-100.0	0.0	2.2	7.4	6.7	6.6	11.9	0.1	0.1	-350.0	-350.0	-350.0	-350.0	-350.0	-350.0	
46140	27.2	22.0	-	-	-	Off	Off	Off	Off	Off			0.7	2.2	0.1	0.1	Off	Off	Off	-100.0	0.0	2.2	7.4	6.7	6.6	11.9	0.1	0.1	-350.0	-350.0	-350.0	-350.0	-350.0	-350.0	
46200	27.2	22.0	-	-	-	Off	Off	Off	Off	Off			0.7	2.2	0.1	0.1	Off	Off	Off	-100.0	0.0	2.2	7.4	6.7	6.6	11.9	0.1	0.1	-350.0	-350.0	-350.0	-350.0	-350.0	-350.0	
46260	27.2	22.0	-	-	-	Off	Off	Off	Off	Off			0.7	2.3	0.1	0.1	Off	Off	Off	-100.0	0.0	2.3	7.4	6.7	6.6	12.0	0.1	0.1	-350.0	-350.0	-350.0	-350.0	-350.0	-350.0	
46320	27.2	22.0	-	-	-	Off	Off	Off	Off	Off			0.7	2.3	0.1	0.1	Off	Off	Off	-100.0	0.0	2.3	7.4	6.7	6.6	12.0	0.1	0.1	-350.0	-350.0	-350.0	-350.0	-350.0	-350.0	
46380	27.2	22.0	-	-	-	Off	Off	Off	Off	Off			0.7	2.3	0.1	0.1	Off	Off	Off	-100.0	0.0	2.3	7.4	6.7	6.7	12.0	0.1	0.1	-350.0	-350.0	-350.0	-350.0	-350.0	-350.0	
46440	27.2	22.0	-	-	-	Off	Off	Off	Off	Off			0.7	2.3	0.1	0.1	Off	Off	Off	-100.0	0.0	2.3	7.4	6.7	6.7	12.0	0.1	0.1	-350.0	-350.0	-350.0	-350.0	-350.0	-350.0	
46500	27.2	22.0	-	-	-	Off	Off	Off	Off	Off			0.7	2.3	0.1	0.1	Off	Off	Off	-100.0	0.0	2.3	7.4	6.7	6.7	12.0	0.1	0.1	-350.0	-350.0	-350.0	-350.0	-350.0	-350.0	
46560	27.2	22.0	-	-	-	Off	Off	Off	Off	Off			0.7	2.4	0.1	0.1	Off	Off	Off	-100.0	0.0	2.4	7.4	6.7	6.7	12.0	0.1	0.1	-350.0	-350.0	-350.0	-350.0	-350.0	-350.0	
46620	27.2	22.0	-	-	-	Off	Off	Off	Off	Off			0.7	2.4	0.1	0.1	Off	Off	Off	-100.0	0.0	2.4	7.4	6.7	6.7	12.0	0.1	0.1	-350.0	-350.0	-350.0	-350.0	-350.0	-350.0	
46680	27.2	22.0	-	-	-	Off	Off	Off	Off	Off			0.7	2.4	0.1	0.1	Off	Off	Off	-100.0	0.0	2.4	7.4	6.8	6.7	12.1	0.1	0.1	-350.0	-350.0	-350.0	-350.0	-350.0	-350.0	
46740	27.2	22.0	-	-	-	Off	Off	Off	Off	Off			0.7	2.4	0.1	0.1	Off	Off	Off	-100.0	0.0	2.4	7.4	6.8	6.7	12.1	0.1	0.1	-350.0	-350.0	-350.0	-350.0	-350.0	-350.0	
46800	27.2	22.0	-	-	-	Off	Off	Off	Off	Off			0.7	2.4	0.1	0.1	Off	Off	Off	-100.0	0.0	2.4	7.4	6.8	6.7	12.1	0.1	0.1	-350.0	-350.0	-350.0	-350.0	-350.0	-350.0	
46860	27.2	22.0	-	-	-	Off	Off	Off	Off	Off			0.7	2.4	0.1	0.1	Off	Off	Off	-100.0	0.0	2.4	7.4	6.8	6.8	12.1	0.1	0.1	-350.0	-350.0	-350.0	-350.0	-350.0	-350.0	
46920	27.2	22.0	-	-	-	Off	Off	Off	Off	Off			0.7	2.5	0.1	0.1	Off	Off	Off	-100.0	0.0	2.5	7.4	6.8	6.8	12.1	0.1	0.1	-350.0	-350.0	-350.0	-350.0	-350.0	-350.0	
46980	27.2	22.0	-	-	-	Off	Off	Off	Off	Off			0.7	2.5	0.1	0.1	Off	Off	Off	-100.0	0.0	2.5	7.4	6.8	6.8	12.1	0.1	0.1	-350.0	-350.0	-350.0	-350.0	-350.0	-350.0	
47040	27.3	22.0	-	-	-	Off	Off	Off	Off	Off			0.7	2.5	0.1	0.1	Off	Off	Off	-100.0	0.0	2.5	7.4	6.8	6.8	12.1	0.1	0.1	-350.0	-350.0	-350.0	-350.0	-350.0	-350.0	
47100	27.3	22.0	-	-	-	Off	Off	Off	Off	Off			0.7	2.5	0.1	0.1	Off	Off	Off	-100.0	0.0	2.5	7.4	6.8	6.8	12.2	0.1	0.1	-350.0	-350.0	-350.0	-350.0	-350.0	-350.0	
47160	27.3	22.0	-	-	-	Off	Off	Off	Off	Off			0.7	2.5	0.1	0.1	Off	Off	Off	-100.0	0.0	2.5	7.4	6.8	6.8	12.2	0.1	0.1	-350.0	-350.0	-350.0	-350.0	-350.0	-350.0	
47220	27.3	22.0	-	-	-	Off	Off	Off	Off	Off			0.7	2.6	0.1	0.1	Off	Off	Off	-100.0	0.0	2.6	7.4	6.8	6.8	12.2	0.1	0.1	-350.0	-350.0	-350.0	-350.0	-350.0	-350.0	
47280	27.3	22.0	-	-	-	Off	Off	Off	Off	Off			0.7	2.6	0.1	0.1	Off	Off	Off	-100.0	0.0	2.6	7.4	6.8	6.8	12.2	0.1	0.1	-350.0	-350.0	-350.0	-350.0	-350.0	-350.0	
47340	27.3	22.0	-	-	-	Off	Off	Off	Off	Off			0.7	2.6	0.1	0.1	Off	Off	Off	-100.0	0.0	2.6	7.4	6.8	6.8	12.2	0.1	0.1	-350.0	-350.0	-350.0	-350.0	-350.0	-350.0	
47400	27.3	22.0	-	-	-	Off	Off	Off	Off	Off			0.7	2.6	0.1	0.1	Off	Off	Off	-100.0	0.0	2.6	7.4	6.8	6.9	12.2	0.1	0.1	-350.0	-350.0	-350.0	-350.0	-350.0	-350.0	
47460	27.3	22.0	-	-	-	Off	Off	Off	Off	Off			0.7	2.6	0.1	0.1	Off	Off	Off	-100.0	0.0	2.6	7.5	6.8	6.9	12.2	0.1	0.1	-350.0	-350.0	-350.0	-350.0	-350.0	-350.0	
47520	27.3	22.0	-	-	-	Off	Off	Off	Off	Off			0.7	2.6	0.1	0.1	Off	Off	Off	-100.0	0.0	2.6	7.5	6.8	6.9	12.3	0.1	0.1	-350.0	-350.0	-350.0	-350.0	-350.0	-350.0	
47580	27.3	22.0	-	-	-	Off	Off	Off	Off	Off			0.7	2.7	0.1	0.1	Off	Off	Off	-100.0	0.0	2.7	7.5	6.8	6.9	12.3	0.1	0.1	-350.0	-350.0	-350.0	-350.0	-350.0	-350.0	
47640	27.3	22.0	-	-	-	Off	Off	Off	Off	Off			0.7	2.7	0.1	0.1	Off	Off	Off	-100.0	0.0	2.7	7.5	6.8	6.9	12.3	0.1	0.1	-350.0	-350.0	-350.0	-350.0	-350.0	-350.0	
47700	27.3	22.0	-	-	-	Off	Off	Off	Off	Off			0.7	2.7	0.1	0.1	Off	Off	Off	-100.0	0.0	2.7	7.5	6.8	6.9	12.3	0.1	0.1	-350.0	-350.0	-350.0	-350.0	-350.0	-350.0	
47760	27.3	22.0	-	-	-	Off	Off	Off	Off	Off			0.7	2.7	0.1	0.1	Off	Off	Off	-100.0	0.0	2.7	7.5	6.8	6.9	12.3	0.1	0.1	-350.0	-350.0	-350.0	-350.0	-350.0	-350.0	
47820	27.3	22.0	-	-	-	Off	Off	Off	Off	Off			0.7	2.7	0.1	0.1	Off	Off	Off	-100.0	0.0	2.7	7.5	6.8	6.9	12.3	0.1	0.1	-350.0	-350.0	-350.0	-350.0	-350.0	-350.0	
47880	27.4	22.0	-	-	-	Off	Off	Off	Off	Off			0.7	2.7	0.1	0.1	Off	Off	Off	-100.0	0.0	2.7	7.5	6.8	7.0	12.3	0.1	0.1	-350.0	-350.0	-350.0	-350.0	-350.0	-350.0	
47940	27.4	22.0	-	-	-	Off	Off	Off	Off	Off			0.7	2.8	0.1	0.1	Off	Off	Off	-100.0	0.0	2.8	7.5	6.8	7.0	12.4	0.1	0.1	-350.0	-350.0	-350.0	-350.0	-350.0	-350.0	
48000	27.4	22.0	-	-	-	Off	Off	Off	Off	Off			0.7	2.8	0.1	0.1	Off	Off	Off	-100.0	0.0	2.8	7.5	6.8	7.0	12.4	0.1	0.1	-350.0	-350.0	-350.0	-350.0	-350.0	-350.0	
48060	27.4	22.0	-	-	-	Off	Off	Off	Off	Off			0.7	2.8	0.1	0.1	Off	Off	Off	-100.0	0.0	2.8	7.5	6.8	7.0	12.4	0.1	0.1	-350.0	-350.0	-350.0	-350.0	-350.0	-350.0	
48120	27.4	22.0	-	-	-	Off	Off	Off	Off	Off			0.7	2.8	0.1	0.1	Off	Off	Off	-100.0	0.0	2.8	7.5	6.8	7.0	12.4	0.1	0.1	-350.0	-350.0	-350.0	-350.0	-350.0	-350.0	
48180	27.4	22.0	-	-	-	Off	Off	Off	Off	Off			0.7	2.8	0.1	0.1	Off	Off	Off	-100.0	0.0	2.8	7.5	6.8	7.0	12.4	0.1	0.1	-350.0	-350.0	-350.0	-350.0	-350.0	-350.0	
48240	27.4	22.0	-	-	-	Off	Off	Off	Off	Off			0.7	2.9	0.1	0.1	Off	Off	Off	-100.0	0.0	2.9	7.5	6.8	7.0	12.4	0.1	0.1	-350.0	-350.0	-350.0	-350.0	-350.0	-350.0	
48300	27.4	22.0	-	-	-	Off	Off	Off	Off	Off			0.7	2.9	0.1	0.1	Off	Off	Off	-100.0	0.0	2.9	7.5	6.8	7.0	12.4	0.1	0.1	-350.0	-350.0	-350.0	-350.0	-350.0	-350.0	
48360	27.4	22.0	-	-	-	Off	Off	Off	Off	Off			0.7	2.9	0.1	0.1	Off	Off	Off	-100.0	0.0	2.9	7.5	6.8	7.1	12.5	0.1	0.1	-350.0	-350.0	-350.0	-350.0	-350.0	-350.0	
48420	27.4	22.0	-	-	-	Off	Off	Off	Off	Off			0.7	2.9	0.1	0.1	Off	Off	Off	-100.0	0.0	2.9	7.5	6.8	7.1	12.5	0.1	0.1	-350.0	-350.0	-350.0	-350.0	-350.0	-350.0	
48480	27.4	22.0	-	-	-	Off	Off	Off	Off	Off			0.7	2.9	0.1	0.1	Off	Off	Off	-100.0	0.0	2.9	7.5	6.8	7.1	12.5	0.1	0.1	-350.0	-350.0	-350.0	-350.0	-350.0	-350.0	
48540	27.4	22.0	-	-	-	Off	Off	Off	Off	Off			0.7	2.9	0.1	0.1	Off	Off	Off	-100.0	0.0	2.9	7.5	6.8	7.1	12.5	0.1	0.1	-350.0	-350.0	-350.0	-350.0	-350.0	-350.0	
48600	27.4	22.0	-	-	-	Off	Off	Off	Off	Off			0.7	2.9	0.1	0.1	Off	Off	Off	-99.9	0.0	2.9	7.5	6.8	7.1	12.5	0.1	0.1	-350.0	-350.0	-350.0	-350.0	-350.0	-350.0	
48660	27.4	22.0	-	-	-	Off	Off	Off	Off	Off			0.7	3.0	0.1	0.1	Off	Off	Off	-100.0	0.0	3.0	7.5	6.8	7.1	12.5	0.1	0.1	-350.0	-350.0	-350.0	-350.0	-350.0	-350.0	
48720	27.4	22.0	-	-	-	Off	Off	Off	Off	Off			0.7	3.0	0.1	0.1	Off	Off	Off	-100.0	0.0	3.0	7.5	6.8	7.1	12.5	0.1	0.1	-350.0	-350.0	-350.0	-350.0	-350.0	-350.0	
48780	27.4	22.0	-	-	-	Off	Off	Off	Off	Off			0.7	3.0	0.1	0.1	Off	Off	Off	-100.0	0.0	3.0	7.5	6.8	7.1	12.5	0.1	0.1	-350.0	-350.0	-350.0	-350.0	-350.0	-350.0	
48840	27.4	22.0	-	-	-	Off	Off	Off	Off	Off			0.7	3.0	0.1	0.1	Off	Off	Off	-100.0	0.0	3.0	7.5	6.8	7.2	12.6	0.1	0.1	-350.0	-350.0	-350.0	-350.0	-350.0	-350.0	
48900	27.4	22.0	-	-	-	Off	Off	Off	Off	Off			0.7	3.0	0.1	0.1	Off	Off	Off	-100.0	0.0	3.0	7.5	6.8	7.2	12.6	0.1	0.1	-350.0	-350.0	-350.0	-350.0	-350.0	-350.0	
48960	27.4	22.0	-	-	-	Off	Off	Off	Off	Off			0.7	3.0	0.1	0.1	Off	Off	Off	-100.0	0.0	3.0	7.5	6.8	7.2	12.6	0.1	0.1	-350.0	-350.0	-350.0	-350.0	-350.0	-350.0	
49020	27.4	22.0	-	-	-	Off	Off	Off	Off	Off			0.7	3.1	0.1	0.1	Off	Off	Off	-100.0	0.0	3.1	7.5	6.8	7.2	12.6	0.1	0.1	-350.0	-350.0	-350.0	-350.0	-350.0	-350.0	
49080	27.5	22.0	-	-	-	Off	Off	Off	Off	Off			0.7	3.1	0.1	0.1	Off	Off	Off	-100.0	0.0	3.1	7.5	6.8	7.2	12.6	0.1	0.1	-350.0	-350.0	-350.0	-350.0	-350.0	-350.0	
49140	27.5	22.0	-	-	-	Off	Off	Off	Off	Off			0.7	3.1	0.1	0.1	Off	Off	Off	-100.0	0.0	3.1	7.5	6.8	7.2	12.6	0.1	0.1	-350.0	-350.0	-350.0	-350.0	-350.0	-350.0	
49200	27.5	22.0	-	-	-	Off	Off	Off	Off	Off			0.7	3.1	0.1	0.1	Off	Off	Off	-100.0	0.0	3.1	7.5	6.8	7.2	12.6	0.1	0.1	-350.0	-350.0	-350.0	-350.0	-350.0	-350.0	
49260	27.5	22.0	-	-	-	Off	Off	Off	Off	Off			0.7	3.1	0.1	0.1	Off	Off	Off	-100.0	0.0	3.1	7.5	6.8	7.2	12.6	0.1	0.1	-350.0	-350.0	-350.0	-350.0	-350.0	-350.0	
49320	27.5	22.0	-	-	-	Off	Off	Off	Off	Off			0.7	3.1	0.1	0.1	Off	Off	Off	-100.0	0.0	3.1	7.5	6.8	7.3	12.7	0.1	0.1	-350.0	-350.0	-350.0	-350.0	-350.0	-350.0	
49380	27.5	22.0	-	-	-	Off	Off	Off	Off	Off			0.7	3.2	0.1	0.1	Off	Off	Off	-100.0	0.0	3.2	7.5	6.8	7.3	12.7	0.1	0.1	-350.0	-350.0	-350.0	-350.0	-350.0	-350.0	
49440	27.5	22.0	-	-	-	Off	Off	Off	Off	Off			0.7	3.2	0.1	0.1	Off	Off	Off	-100.0	0.0	3.2	7.5	6.8	7.3	12.7	0.1	0.1	-350.0	-350.0	-350.0	-350.0	-350.0	-350.0	
49500	27.5	22.0	-	-	-	Off	Off	Off	Off	Off			0.7	3.2	0.1	0.1	Off	Off	Off	-100.0	0.0	3.2	7.5	6.8	7.3	12.7	0.1	0.1	-350.0	-350.0	-350.0	-350.0	-350.0	-350.0	
49560	27.5	22.0	-	-	-	Off	Off	Off	Off	Off			0.7	3.2	0.1	0.1	Off	Off	Off	-100.0	0.0	3.2	7.5	6.8	7.3	12.7	0.1	0.1	-350.0	-350.0	-350.0	-350.0	-350.0	-350.0	
49620	27.5	22.0	-	-	-	Off	Off	Off	Off	Off			0.7	3.2	0.1	0.1	Off	Off	Off	-100.0	0.0	3.2	7.5	6.8	7.3	12.7	0.1	0.1	-350.0	-350.0	-350.0	-350.0	-350.0	-350.0	
49680	27.5	22.0	-	-	-	Off	Off	Off	Off	Off			0.7	3.2	0.1	0.1	Off	Off	Off	-100.0	0.0	3.2	7.5	6.8	7.3	12.7	0.1	0.1	-350.0	-350.0	-350.0	-350.0	-350.0	-350.0	
49740	27.5	22.0	-	-	-	Off	Off	Off	Off	Off			0.7	3.3	0.1	0.1	Off	Off	Off	-100.0	0.0	3.3	7.5	6.8	7.3	12.7	0.1	0.1	-350.0	-350.0	-350.0	-350.0	-350.0	-350.0	
49800	27.5	22.0	-	-	-	Off	Off	Off	Off	Off			0.7	3.2	0.1	0.1	Off	Off	Off	-100.0	0.0	3.2	7.5	6.8	7.4	12.8	0.1	0.1	-350.0	-350.0	-350.0	-350.0	-350.0	-350.0	
49860	27.5	22.0	-	-	-	Off	Off	Off	Off	Off			0.7	3.3	0.1	0.1	Off	Off	Off	-100.0	0.0	3.3	7.5	6.8	7.4	12.8	0.1	0.1	-350.0	-350.0	-350.0	-350.0	-350.0	-350.0	
49920	27.5	22.0	-	-	-	Off	Off	Off	Off	Off			0.7	3.3	0.1	0.1	Off	Off	Off	-100.0	0.0	3.3	7.5	6.8	7.4	12.8	0.1	0.1	-350.0	-350.0	-350.0	-350.0	-350.0	-350.0	
49980	27.5	22.0	-	-	-	Off	Off	Off	Off	Off			0.7	3.3	0.1	0.1	Off	Off	Off	-100.0	0.0	3.3	7.5	6.8	7.4	12.8	0.1	0.1	-350.0	-350.0	-350.0	-350.0	-350.0	-350.0	
50040	27.5	22.0	-	-	-	Off	Off	Off	Off	Off			0.7	3.3	0.1	0.1	Off	Off	Off	-100.0	0.0	3.3	7.5	6.8	7.4	12.8	0.1	0.1	-350.0	-350.0	-350.0	-350.0	-350.0	-350.0	
50100	27.5	22.0	-	-	-	Off	Off	Off	Off	Off			0.7	3.3	0.1	0.1	Off	Off	Off	-100.0	0.0	3.3	7.5	6.8	7.4	12.8	0.1	0.1	-350.0	-350.0	-350.0	-350.0	-350.0	-350.0	
50160	27.5	22.0	-	-	-	Off	Off	Off	Off	Off			0.7	3.4	0.1	0.1	Off	Off	Off	-100.0	0.0	3.4	7.5	6.8	7.4	12.8	0.1	0.1	-350.0	-350.0	-350.0	-350.0	-350.0	-350.0	
50220	27.5	22.0	-	-	-	Off	Off	Off	Off	Off			0.7	3.4	0.1	0.1	Off	Off	Off	-100.0	0.0	3.4	7.5	6.8	7.4	12.8	0.1	0.1	-350.0	-350.0	-350.0	-350.0	-350.0	-350.0	
50280	27.5	22.0	-	-	-	Off	Off	Off	Off	Off			0.8	3.4	0.1	0.1	Off	Off	Off	-100.0	0.0	3.4	7.5	6.8	7.5	12.8	0.1	0.1	-350.0	-350.0	-350.0	-350.0	-350.0	-350.0	
50340	27.6	22.0	-	-	-	Off	Off	Off	Off	Off			0.8	3.4	0.1	0.1	Off	Off	Off	-100.0	0.0	3.4	7.5	6.9	7.5	12.9	0.1	0.1	-350.0	-350.0	-350.0	-350.0	-350.0	-350.0	
50400	27.6	22.0	-	-	-	Off	Off	Off	Off	Off			0.8	3.4	0.1	0.1	Off	Off	Off	-100.0	0.0	3.4	7.5	6.8	7.5	12.9	0.1	0.1	-350.0	-350.0	-350.0	-350.0	-350.0	-350.0	
50460	27.6	22.0	-	-	-	Off	Off	Off	Off	Off			0.8	3.4	0.1	0.1	Off	Off	Off	-100.0	0.0	3.4	7.5	6.8	7.5	12.9	0.1	0.1	-350.0	-350.0	-350.0	-350.0	-350.0	-350.0	
50520	27.6	22.0	-	-	-	Off	Off	Off	Off	Off			0.8	3.4	0.1	0.1	Off	Off	Off	-100.0	0.0	3.4	7.5	6.8	7.5	12.9	0.1	0.1	-350.0	-350.0	-350.0	-350.0	-350.0	-350.0	
50580	27.6	22.0	-	-	-	Off	Off	Off	Off	Off			0.8	3.4	0.1	0.1	Off	Off	Off	-100.0	0.0	3.4	7.5	6.9	7.5	12.9	0.1	0.1	-350.0	-350.0	-350.0	-350.0	-350.0	-350.0	
50640	27.6	22.0	-	-	-	Off	Off	Off	Off	Off			0.8	3.4	0.1	0.1	Off	Off	Off	-100.0	0.0	3.4	7.5	6.9	7.5	12.9	0.1	0.1	-350.0	-350.0	-350.0	-350.0	-350.0	-350.0	
50700	27.6	22.0	-	-	-	Off	Off	Off	Off	Off			0.8	3.5	0.1	0.1	Off	Off	Off	-100.0	0.0	3.5	7.5	6.9	7.5	12.9	0.1	0.1	-350.0	-350.0	-350.0	-350.0	-350.0	-350.0	
50760	27.6	22.0	-	-	-	Off	Off	Off	Off	Off			0.8	3.5	0.1	0.1	Off	Off	Off	-100.0	0.0	3.5	7.5	6.9	7.6	12.9	0.1	0.1	-350.0	-350.0	-350.0	-350.0	-350.0	-350.0	
50820	27.6	22.0	-	-	-	Off	Off	Off	Off	Off			0.8	3.5	0.1	0.1	Off	Off	Off	-100.0	0.0	3.5	7.5	6.9	7.6	12.9	0.1	0.1	-350.0	-350.0	-350.0	-350.0	-350.0	-350.0	
50880	27.6	22.0	-	-	-	Off	Off	Off	Off	Off			0.8	3.5	0.1	0.1	Off	Off	Off	-100.0	0.0	3.5	7.5	6.9	7.6	13.0	0.1	0.1	-350.0	-350.0	-350.0	-350.0	-350.0	-350.0	
50940	27.6	22.0	-	-	-	Off	Off	Off	Off	Off			0.8	3.5	0.1	0.1	Off	Off	Off	-100.0	0.0	3.5	7.5	6.9	7.6	13.0	0.1	0.1	-350.0	-350.0	-350.0	-350.0	-350.0	-350.0	
51000	27.6	22.0	-	-	-	Off	Off	Off	Off	Off			0.8	3.5	0.1	0.1	Off	Off	Off	-100.0	0.0	3.5	7.5	6.9	7.6	13.0	0.1	0.1	-350.0	-350.0	-350.0	-350.0	-350.0	-350.0	
51060	27.6	22.0	-	-	-	Off	Off	Off	Off	Off			0.8	3.5	0.1	0.1	Off	Off	Off	-100.0	0.0	3.6	7.5	6.9	7.6	13.0	0.1	0.1	-350.0	-350.0	-350.0	-350.0	-350.0	-350.0	
51120	27.6	22.0	-	-	-	Off	Off	Off	Off	Off			0.8	3.5	0.1	0.1	Off	Off	Off	-100.0	0.0	3.5	7.5	6.9	7.6	13.0	0.1	0.1	-350.0	-350.0	-350.0	-350.0	-350.0	-350.0	
51180	27.6	22.0	-	-	-	Off	Off	Off	Off	Off			0.8	3.6	0.1	0.1	Off	Off	Off	-100.0	0.0	3.6	7.5	6.9	7.6	13.0	0.1	0.1	-350.0	-350.0	-350.0	-350.0	-350.0	-350.0	
51240	27.6	22.0	-	-	-	Off	Off	Off	Off	Off			0.8	3.6	0.1	0.1	Off	Off	Off	-100.0	0.0	3.6	7.5	6.9	7.7	13.0	0.1	0.1	-350.0	-350.0	-350.0	-350.0	-350.0	-350.0	
51300	27.6	22.0	-	-	-	Off	Off	Off	Off	Off			0.8	3.6	0.1	0.1	Off	Off	Off	-100.0	0.0	3.6	7.5	6.9	7.7	13.0	0.1	0.1	-350.0	-350.0	-350.0	-350.0	-350.0	-350.0	
51360	27.6	22.0	-	-	-	Off	Off	Off	Off	Off			0.8	3.6	0.1	0.1	Off	Off	Off	-100.0	0.0	3.6	7.5	6.9	7.7	13.0	0.1	0.1	-350.0	-350.0	-350.0	-350.0	-350.0	-350.0	
51420	27.7	22.0	-	-	-	Off	Off	Off	Off	Off			0.8	3.6	0.1	0.1	Off	Off	Off	-100.0	0.0	3.6	7.5	6.9	7.7	13.0	0.1	0.1	-350.0	-350.0	-350.0	-350.0	-350.0	-350.0	
51480	27.7	22.0	-	-	-	Off	Off	Off	Off	Off			0.8	3.6	0.1	0.1	Off	Off	Off	-100.0	0.0	3.6	7.5	6.9	7.7	13.0	0.1	0.1	-350.0	-350.0	-350.0	-350.0	-350.0	-350.0	
51540	27.6	22.0	-	-	-	Off	Off	Off	Off	Off			0.8	3.6	0.1	0.1	Off	Off	Off	-100.0	0.0	3.6	7.5	6.9	7.7	13.0	0.1	0.1	-350.0	-350.0	-350.0	-350.0	-350.0	-350.0	
51600	27.7	22.0	-	-	-	Off	Off	Off	Off	Off			0.8	3.7	0.1	0.1	Off	Off	Off	-100.0	0.0	3.7	7.5	6.9	7.7	13.0	0.1	0.1	-350.0	-350.0	-350.0	-350.0	-350.0	-350.0	
51660	27.7	22.0	-	-	-	Off	Off	Off	Off	Off			0.8	3.7	0.1	0.1	Off	Off	Off	-100.0	0.0	3.7	7.5	6.9	7.7	13.0	0.1	0.1	-350.0	-350.0	-350.0	-350.0	-350.0	-350.0	
51720	27.7	22.0	-	-	-	Off	Off	Off	Off	Off			0.8	3.7	0.1	0.1	Off	Off	Off	-100.0	0.0	3.7	7.5	6.9	7.8	13.0	0.1	0.1	-350.0	-350.0	-350.0	-350.0	-350.0	-350.0	
51780	27.7	22.0	-	-	-	Off	Off	Off	Off	Off			0.8	3.7	0.1	0.1	Off	Off	Off	-100.0	0.0	3.7	7.5	6.9	7.8	13.1	0.1	0.1	-350.0	-350.0	-350.0	-350.0	-350.0	-350.0	
51840	27.7	22.0	-	-	-	Off	Off	Off	Off	Off			0.8	3.7	0.1	0.1	Off	Off	Off	-100.0	0.0	3.7	7.5	6.9	7.8	13.1	0.1	0.1	-350.0	-350.0	-350.0	-350.0	-350.0	-350.0	
51900	27.7	22.0	-	-	-	Off	Off	Off	Off	Off			0.8	3.7	0.1	0.1	Off	Off	Off	-100.0	0.0	3.7	7.6	6.9	7.8	13.1	0.1	0.1	-350.0	-350.0	-350.0	-350.0	-350.0	-350.0	
51960	27.7	22.0	-	-	-	Off	Off	Off	Off	Off			0.8	3.7	0.1	0.1	Off	Off	Off	-100.0	0.0	3.7	7.6	6.9	7.8	13.1	0.1	0.1	-350.0	-350.0	-350.0	-350.0	-350.0	-350.0	
52020	27.7	22.0	-	-	-	Off	Off	Off	Off	Off			0.8	3.8	0.1	0.1	Off	Off	Off	-100.0	0.0	3.8	7.6	6.9	7.8	13.1	0.1	0.1	-350.0	-350.0	-350.0	-350.0	-350.0	-350.0	
52080	27.7	22.0	-	-	-	Off	Off	Off	Off	Off			0.8	3.8	0.1	0.1	Off	Off	Off	-100.0	0.0	3.8	7.6	6.9	7.8	13.1	0.1	0.1	-350.0	-350.0	-350.0	-350.0	-350.0	-350.0	
52140	27.7	22.0	-	-	-	Off	Off	Off	Off	Off			0.8	3.8	0.1	0.1	Off	Off	Off	-100.0	0.0	3.8	7.6	6.9	7.9	13.1	0.1	0.1	-350.0	-350.0	-350.0	-350.0	-350.0	-350.0	
52200	27.7	22.0	-	-	-	Off	Off	Off	Off	Off			0.8	3.8	0.1	0.1	Off	Off	Off	-100.0	0.0	3.8	7.6	6.9	7.9	13.1	0.1	0.1	-350.0	-350.0	-350.0	-350.0	-350.0	-350.0	
52260	27.7	22.0	-	-	-	Off	Off	Off	Off	Off			0.8	3.8	0.1	0.1	Off	Off	Off	-100.0	0.0	3.8	7.6	6.9	7.9	13.1	0.1	0.1	-350.0	-350.0	-350.0	-350.0	-350.0	-350.0	
52320	27.7	22.0	-	-	-	Off	Off	Off	Off	Off			0.8	3.8	0.1	0.1	Off	Off	Off	-100.0	0.0	3.8	7.6	6.9	7.9	13.1	0.1	0.1	-350.0	-350.0	-350.0	-350.0	-350.0	-350.0	
52380	27.7	22.0	-	-	-	Off	Off	Off	Off	Off			0.8	3.8	0.1	0.1	Off	Off	Off	-100.0	0.0	3.8	7.6	6.9	7.9	13.1	0.1	0.1	-350.0	-350.0	-350.0	-350.0	-350.0	-350.0	
52440	27.7	22.0	-	-	-	Off	Off	Off	Off	Off			0.8	3.9	0.1	0.1	Off	Off	Off	-100.0	0.0	3.8	7.6	6.9	7.9	13.1	0.1	0.1	-350.0	-350.0	-350.0	-350.0	-350.0	-350.0	
52500	27.7	22.0	-	-	-	Off	Off	Off	Off	Off			0.8	3.8	0.1	0.1	Off	Off	Off	-100.0	0.0	3.8	7.6	6.9	7.9	13.1	0.1	0.1	-350.0	-350.0	-350.0	-350.0	-350.0	-350.0	
52560	27.7	22.0	-	-	-	Off	Off	Off	Off	Off			0.8	3.8	0.1	0.1	Off	Off	Off	-100.0	0.0	3.8	7.6	6.9	7.9	13.1	0.1	0.1	-350.0	-350.0	-350.0	-350.0	-350.0	-350.0	
52620	27.7	22.0	-	-	-	Off	Off	Off	Off	Off			0.8	3.9	0.1	0.1	Off	Off	Off	-100.0	0.0	3.9	7.6	6.9	8.0	13.2	0.1	0.1	-350.0	-350.0	-350.0	-350.0	-350.0	-350.0	
52680	27.8	22.0	-	-	-	Off	Off	Off	Off	Off			0.8	3.9	0.1	0.1	Off	Off	Off	-100.0	0.0	3.9	7.6	6.9	8.0	13.2	0.1	0.1	-350.0	-350.0	-350.0	-350.0	-350.0	-350.0	
52740	27.7	22.0	-	-	-	Off	Off	Off	Off	Off			0.8	3.9	0.1	0.1	Off	Off	Off	-100.0	0.0	3.9	7.6	6.9	8.0	13.2	0.1	0.1	-350.0	-350.0	-350.0	-350.0	-350.0	-350.0	
52800	27.8	22.0	-	-	-	Off	Off	Off	Off	Off			0.8	3.9	0.1	0.1	Off	Off	Off	-100.0	0.0	3.9	7.6	6.9	8.0	13.2	0.1	0.1	-350.0	-350.0	-350.0	-350.0	-350.0	-350.0	
52860	27.8	22.0	-	-	-	Off	Off	Off	Off	Off			0.8	3.9	0.1	0.1	Off	Off	Off	-100.0	0.0	3.9	7.6	6.9	8.0	13.2	0.1	0.1	-350.0	-350.0	-350.0	-350.0	-350.0	-350.0	
52920	27.8	22.0	-	-	-	Off	Off	Off	Off	Off			0.8	4.0	0.1	0.1	Off	Off	Off	-100.0	0.0	4.0	7.6	6.9	8.0	13.2	0.1	0.1	-350.0	-350.0	-350.0	-350.0	-350.0	-350.0	
52980	27.8	22.0	-	-	-	Off	Off	Off	Off	Off			0.8	3.9	0.1	0.1	Off	Off	Off	-99.8	0.0	3.9	7.6	6.9	8.0	13.2	0.1	0.1	-350.0	-350.0	-350.0	-350.0	-350.0	-350.0	
53040	27.8	22.0	-	-	-	Off	Off	Off	Off	Off			0.8	4.0	0.1	0.1	Off	Off	Off	-100.0	0.0	4.0	7.6	6.9	8.0	13.2	0.1	0.1	-350.0	-350.0	-350.0	-350.0	-350.0	-350.0	
53100	27.8	22.0	-	-	-	Off	Off	Off	Off	Off			0.8	4.0	0.1	0.1	Off	Off	Off	-100.0	0.0	4.0	7.6	6.9	8.1	13.2	0.1	0.1	-350.0	-350.0	-350.0	-350.0	-350.0	-350.0	
53160	27.8	22.0	-	-	-	Off	Off	Off	Off	Off			0.8	4.0	0.1	0.1	Off	Off	Off	-100.0	0.0	4.0	7.6	6.9	8.1	13.2	0.1	0.1	-350.0	-350.0	-350.0	-350.0	-350.0	-350.0	
53220	27.8	22.0	-	-	-	Off	Off	Off	Off	Off			0.8	4.0	0.1	0.1	Off	Off	Off	-100.0	0.0	4.0	7.6	6.9	8.1	13.2	0.1	0.1	-350.0	-350.0	-350.0	-350.0	-350.0	-350.0	
53280	27.8	22.0	-	-	-	Off	Off	Off	Off	Off			0.8	4.0	0.1	0.1	Off	Off	Off	-100.0	0.0	4.0	7.6	6.9	8.1	13.2	0.1	0.1	-350.0	-350.0	-350.0	-350.0	-350.0	-350.0	
53340	27.8	22.0	-	-	-	Off	Off	Off	Off	Off			0.8	4.0	0.1	0.1	Off	Off	Off	-100.0	0.0	4.0	7.6	6.9	8.1	13.2	0.1	0.1	-350.0	-350.0	-350.0	-350.0	-350.0	-350.0	
53400	27.8	22.0	-	-	-	Off	Off	Off	Off	Off			0.8	4.0	0.1	0.1	Off	Off	Off	-100.0	0.0	4.0	7.6	6.9	8.1	13.3	0.1	0.1	-350.0	-350.0	-350.0	-350.0	-350.0	-350.0	
53460	27.8	22.0	-	-	-	Off	Off	Off	Off	Off			0.8	4.0	0.1	0.1	Off	Off	Off	-100.0	0.0	4.0	7.6	6.9	8.1	13.3	0.1	0.1	-350.0	-350.0	-350.0	-350.0	-350.0	-350.0	
53520	27.8	22.0	-	-	-	Off	Off	Off	Off	Off			0.8	4.1	0.1	0.1	Off	Off	Off	-100.0	0.0	4.1	7.6	6.9	8.1	13.3	0.1	0.1	-350.0	-350.0	-350.0	-350.0	-350.0	-350.0	
53580	27.8	22.0	-	-	-	Off	Off	Off	Off	Off			0.8	4.1	0.1	0.1	Off	Off	Off	-100.0	0.0	4.1	7.6	6.9	8.2	13.3	0.1	0.1	-350.0	-350.0	-350.0	-350.0	-350.0	-350.0	
53640	27.8	22.0	-	-	-	Off	Off	Off	Off	Off			0.8	4.1	0.1	0.1	Off	Off	Off	-100.0	0.0	4.1	7.6	6.9	8.2	13.3	0.1	0.1	-350.0	-350.0	-350.0	-350.0	-350.0	-350.0	
53700	27.8	22.0	-	-	-	Off	Off	Off	Off	Off			0.8	4.1	0.1	0.1	Off	Off	Off	-100.0	0.0	4.1	7.6	6.9	8.2	13.3	0.1	0.1	-350.0	-350.0	-350.0	-350.0	-350.0	-350.0	
53760	27.8	22.0	-	-	-	Off	Off	Off	Off	Off			0.8	4.1	0.1	0.1	Off	Off	Off	-100.0	0.0	4.1	7.6	6.9	8.2	13.3	0.1	0.1	-350.0	-350.0	-350.0	-350.0	-350.0	-350.0	
53820	27.8	22.0	-	-	-	Off	Off	Off	Off	Off			0.8	4.1	0.1	0.1	Off	Off	Off	-100.0	0.0	4.1	7.6	6.9	8.2	13.3	0.1	0.1	-350.0	-350.0	-350.0	-350.0	-350.0	-350.0	
53880	27.8	22.0	-	-	-	Off	Off	Off	Off	Off			0.8	4.1	0.1	0.1	Off	Off	Off	-99.9	0.0	4.1	7.6	6.9	8.2	13.3	0.1	0.1	-350.0	-350.0	-350.0	-350.0	-350.0	-350.0	
53940	27.9	22.0	-	-	-	Off	Off	Off	Off	Off			0.8	4.2	0.1	0.1	Off	Off	Off	-100.0	0.0	4.2	7.6	6.9	8.2	13.3	0.1	0.1	-350.0	-350.0	-350.0	-350.0	-350.0	-350.0	
54000	27.9	22.0	-	-	-	Off	Off	Off	Off	Off			0.8	4.2	0.1	0.1	Off	Off	Off	-100.0	0.0	4.2	7.6	6.9	8.2	13.3	0.1	0.1	-350.0	-350.0	-350.0	-350.0	-350.0	-350.0	
54060	27.9	22.0	-	-	-	Off	Off	Off	Off	Off			0.8	4.2	0.1	0.1	Off	Off	Off	-100.0	0.0	4.2	7.6	6.9	8.3	13.3	0.1	0.1	-350.0	-350.0	-350.0	-350.0	-350.0	-350.0	
54120	27.9	22.0	-	-	-	Off	Off	Off	Off	Off			0.8	4.2	0.1	0.1	Off	Off	Off	-100.0	0.0	4.2	7.6	6.9	8.3	13.3	0.1	0.1	-350.0	-350.0	-350.0	-350.0	-350.0	-350.0	
54180	27.9	22.0	-	-	-	Off	Off	Off	Off	Off			0.8	4.2	0.1	0.1	Off	Off	Off	-100.0	0.0	4.2	7.6	6.9	8.3	13.4	0.1	0.1	-350.0	-350.0	-350.0	-350.0	-350.0	-350.0	
54240	27.9	22.0	-	-	-	Off	Off	Off	Off	Off			0.8	4.2	0.1	0.1	Off	Off	Off	-100.0	0.0	4.2	7.6	6.9	8.3	13.4	0.1	0.1	-350.0	-350.0	-350.0	-350.0	-350.0	-350.0	
54300	27.9	22.0	-	-	-	Off	Off	Off	Off	Off			0.8	4.2	0.1	0.1	Off	Off	Off	-100.0	0.0	4.2	7.6	6.9	8.3	13.4	0.1	0.1	-350.0	-350.0	-350.0	-350.0	-350.0	-350.0	
54360	27.9	22.0	-	-	-	Off	Off	Off	Off	Off			0.8	4.3	0.1	0.1	Off	Off	Off	-100.0	0.0	4.3	7.6	6.9	8.3	13.4	0.1	0.1	-350.0	-350.0	-350.0	-350.0	-350.0	-350.0	
54420	27.9	22.0	-	-	-	Off	Off	Off	Off	Off			0.8	4.3	0.1	0.1	Off	Off	Off	-100.0	0.0	4.3	7.6	7.0	8.3	13.4	0.1	0.1	-350.0	-350.0	-350.0	-350.0	-350.0	-350.0	
54480	27.9	22.0	-	-	-	Off	Off	Off	Off	Off			0.8	4.3	0.1	0.1	Off	Off	Off	-99.9	0.0	4.3	7.6	7.0	8.3	13.4	0.1	0.1	-350.0	-350.0	-350.0	-350.0	-350.0	-350.0	
54540	27.9	22.0	-	-	-	Off	Off	Off	Off	Off			0.8	4.3	0.1	0.1	Off	Off	Off	-100.0	0.0	4.3	7.6	7.0	8.3	13.4	0.1	0.1	-350.0	-350.0	-350.0	-350.0	-350.0	-350.0	
54600	27.9	22.0	-	-	-	Off	Off	Off	Off	Off			0.8	4.3	0.1	0.1	Off	Off	Off	-100.0	0.0	4.3	7.6	7.0	8.4	13.4	0.1	0.1	-350.0	-350.0	-350.0	-350.0	-350.0	-350.0	
54660	27.9	22.0	-	-	-	Off	Off	Off	Off	Off			0.8	4.3	0.1	0.1	Off	Off	Off	-100.0	0.0	4.3	7.6	7.0	8.4	13.4	0.1	0.1	-350.0	-350.0	-350.0	-350.0	-350.0	-350.0	
54720	27.9	22.0	-	-	-	Off	Off	Off	Off	Off			0.8	4.3	0.1	0.1	Off	Off	Off	-100.0	0.0	4.3	7.6	7.0	8.4	13.4	0.1	0.1	-350.0	-350.0	-350.0	-350.0	-350.0	-350.0	
54780	27.9	22.0	-	-	-	Off	Off	Off	Off	Off			0.8	4.4	0.1	0.1	Off	Off	Off	-100.0	0.0	4.4	7.6	7.0	8.4	13.4	0.1	0.1	-350.0	-350.0	-350.0	-350.0	-350.0	-350.0	
54840	27.9	22.0	-	-	-	Off	Off	Off	Off	Off			0.8	4.4	0.1	0.1	Off	Off	Off	-100.0	0.0	4.4	7.6	7.0	8.4	13.4	0.1	0.1	-350.0	-350.0	-350.0	-350.0	-350.0	-350.0	
54900	28.0	22.0	-	-	-	Off	Off	Off	Off	Off			0.8	4.4	0.1	0.1	Off	Off	Off	-100.0	0.0	4.4	7.6	7.0	8.4	13.5	0.1	0.1	-350.0	-350.0	-350.0	-350.0	-350.0	-350.0	
54960	28.0	22.0	-	-	-	Off	Off	Off	Off	Off			0.8	4.4	0.1	0.1	Off	Off	Off	-100.0	0.0	4.4	7.6	7.0	8.4	13.5	0.1	0.1	-350.0	-350.0	-350.0	-350.0	-350.0	-350.0	
55020	28.0	22.0	-	-	-	Off	Off	Off	Off	Off			0.8	4.4	0.1	0.1	Off	Off	Off	-100.0	0.0	4.4	7.6	7.0	8.4	13.5	0.1	0.1	-350.0	-350.0	-350.0	-350.0	-350.0	-350.0	
55080	27.9	22.0	-	-	-	Off	Off	Off	Off	Off			0.8	4.4	0.1	0.1	Off	Off	Off	-100.0	0.0	4.4	7.6	7.0	8.5	13.5	0.1	0.1	-350.0	-350.0	-350.0	-350.0	-350.0	-350.0	
55140	28.0	22.0	-	-	-	Off	Off	Off	Off	Off			0.8	4.4	0.1	0.1	Off	Off	Off	-100.0	0.0	4.4	7.6	7.0	8.5	13.5	0.1	0.1	-350.0	-350.0	-350.0	-350.0	-350.0	-350.0	
55200	28.0	22.0	-	-	-	Off	Off	Off	Off	Off			0.8	4.4	0.1	0.1	Off	Off	Off	-100.0	0.0	4.4	7.6	7.0	8.5	13.5	0.1	0.1	-350.0	-350.0	-350.0	-350.0	-350.0	-350.0	
55260	28.0	22.0	-	-	-	Off	Off	Off	Off	Off			0.8	4.5	0.1	0.1	Off	Off	Off	-100.0	0.0	4.5	7.6	7.0	8.5	13.5	0.1	0.1	-350.0	-350.0	-350.0	-350.0	-350.0	-350.0	
55320	28.0	22.0	-	-	-	Off	Off	Off	Off	Off			0.8	4.5	0.1	0.1	Off	Off	Off	-100.0	0.0	4.5	7.6	7.0	8.5	13.5	0.1	0.1	-350.0	-350.0	-350.0	-350.0	-350.0	-350.0	
55380	28.0	22.0	-	-	-	Off	Off	Off	Off	Off			0.8	4.5	0.1	0.1	Off	Off	Off	-100.0	0.0	4.5	7.6	7.0	8.5	13.5	0.1	0.1	-350.0	-350.0	-350.0	-350.0	-350.0	-350.0	
55440	28.0	22.0	-	-	-	Off	Off	Off	Off	Off			0.8	4.5	0.1	0.1	Off	Off	Off	-100.0	0.0	4.5	7.6	7.0	8.5	13.5	0.1	0.1	-350.0	-350.0	-350.0	-350.0	-350.0	-350.0	
55500	28.0	22.0	-	-	-	Off	Off	Off	Off	Off			0.8	4.5	0.1	0.1	Off	Off	Off	-100.0	0.0	4.5	7.6	7.0	8.5	13.5	0.1	0.1	-350.0	-350.0	-350.0	-350.0	-350.0	-350.0	
55560	28.0	22.0	-	-	-	Off	Off	Off	Off	Off			0.9	4.5	0.1	0.1	Off	Off	Off	-100.0	0.0	4.5	7.6	7.0	8.6	13.5	0.1	0.1	-350.0	-350.0	-350.0	-350.0	-350.0	-350.0	
55620	28.0	22.0	-	-	-	Off	Off	Off	Off	Off			0.9	4.6	0.1	0.1	Off	Off	Off	-100.0	0.0	4.6	7.6	7.0	8.6	13.5	0.1	0.1	-350.0	-350.0	-350.0	-350.0	-350.0	-350.0	
55680	28.0	22.0	-	-	-	Off	Off	Off	Off	Off			0.9	4.6	0.1	0.1	Off	Off	Off	-100.0	0.0	4.6	7.6	7.0	8.6	13.6	0.1	0.1	-350.0	-350.0	-350.0	-350.0	-350.0	-350.0	
55740	28.0	22.0	-	-	-	Off	Off	Off	Off	Off			0.9	4.6	0.1	0.1	Off	Off	Off	-100.0	0.0	4.6	7.6	7.0	8.6	13.6	0.1	0.1	-350.0	-350.0	-350.0	-350.0	-350.0	-350.0	
55800	28.0	22.0	-	-	-	Off	Off	Off	Off	Off			0.9	4.6	0.1	0.1	Off	Off	Off	-100.0	0.0	4.6	7.6	7.0	8.6	13.6	0.1	0.1	-350.0	-350.0	-350.0	-350.0	-350.0	-350.0	
55860	28.0	22.0	-	-	-	Off	Off	Off	Off	Off			0.9	4.6	0.1	0.1	Off	Off	Off	-100.0	0.0	4.6	7.6	7.0	8.6	13.6	0.1	0.1	-350.0	-350.0	-350.0	-350.0	-350.0	-350.0	
55920	28.1	22.0	-	-	-	Off	Off	Off	Off	Off			0.9	4.6	0.1	0.1	Off	Off	Off	-100.0	0.0	4.6	7.6	7.0	8.6	13.6	0.1	0.1	-350.0	-350.0	-350.0	-350.0	-350.0	-350.0	
55980	28.1	22.0	-	-	-	Off	Off	Off	Off	Off			0.9	4.6	0.1	0.1	Off	Off	Off	-100.0	0.0	4.6	7.6	7.0	8.6	13.6	0.1	0.1	-350.0	-350.0	-350.0	-350.0	-350.0	-350.0	
56040	28.1	22.0	-	-	-	Off	Off	Off	Off	Off			0.9	4.6	0.1	0.1	Off	Off	Off	-100.0	0.0	4.7	7.6	7.0	8.7	13.6	0.1	0.1	-350.0	-350.0	-350.0	-350.0	-350.0	-350.0	
56100	28.1	22.0	-	-	-	Off	Off	Off	Off	Off			0.9	4.7	0.1	0.1	Off	Off	Off	-100.0	0.0	4.7	7.6	7.0	8.7	13.6	0.1	0.1	-350.0	-350.0	-350.0	-350.0	-350.0	-350.0	
56160	28.1	22.0	-	-	-	Off	Off	Off	Off	Off			0.9	4.7	0.1	0.1	Off	Off	Off	-100.0	0.0	4.7	7.6	7.0	8.7	13.6	0.1	0.1	-350.0	-350.0	-350.0	-350.0	-350.0	-350.0	
56220	28.1	22.0	-	-	-	Off	Off	Off	Off	Off			0.9	4.7	0.1	0.1	Off	Off	Off	-100.0	0.0	4.7	7.7	7.0	8.7	13.6	0.1	0.1	-350.0	-350.0	-350.0	-350.0	-350.0	-350.0	
56280	28.1	22.0	-	-	-	Off	Off	Off	Off	Off			0.9	4.7	0.1	0.1	Off	Off	Off	-100.0	0.0	4.7	7.7	7.0	8.7	13.6	0.1	0.1	-350.0	-350.0	-350.0	-350.0	-350.0	-350.0	
56340	28.1	22.0	-	-	-	Off	Off	Off	Off	Off			0.9	4.7	0.1	0.1	Off	Off	Off	-100.0	0.0	4.7	7.6	7.0	8.7	13.6	0.1	0.1	-350.0	-350.0	-350.0	-350.0	-350.0	-350.0	
56400	28.1	22.0	-	-	-	Off	Off	Off	Off	Off			0.9	4.7	0.1	0.1	Off	Off	Off	-100.0	0.0	4.7	7.7	7.0	8.7	13.7	0.1	0.1	-350.0	-350.0	-350.0	-350.0	-350.0	-350.0	
56460	28.1	22.0	-	-	-	Off	Off	Off	Off	Off			0.9	4.7	0.1	0.1	Off	Off	Off	-100.0	0.0	4.7	7.7	7.0	8.7	13.7	0.1	0.1	-350.0	-350.0	-350.0	-350.0	-350.0	-350.0	
56520	28.1	22.0	-	-	-	Off	Off	Off	Off	Off			0.9	4.7	0.1	0.1	Off	Off	Off	-100.0	0.0	4.7	7.7	7.0	8.7	13.7	0.1	0.1	-350.0	-350.0	-350.0	-350.0	-350.0	-350.0	
56580	28.1	22.0	-	-	-	Off	Off	Off	Off	Off			0.9	4.8	0.1	0.1	Off	Off	Off	-100.0	0.0	4.8	7.7	7.0	8.8	13.7	0.1	0.1	-350.0	-350.0	-350.0	-350.0	-350.0	-350.0	
56640	28.1	22.0	-	-	-	Off	Off	Off	Off	Off			0.9	4.8	0.1	0.1	Off	Off	Off	-100.0	0.0	4.8	7.7	7.0	8.8	13.7	0.1	0.1	-350.0	-350.0	-350.0	-350.0	-350.0	-350.0	
56700	28.1	22.0	-	-	-	Off	Off	Off	Off	Off			0.9	4.8	0.1	0.1	Off	Off	Off	-100.0	0.0	4.8	7.7	7.0	8.8	13.7	0.1	0.1	-350.0	-350.0	-350.0	-350.0	-350.0	-350.0	
56760	28.1	22.0	-	-	-	Off	Off	Off	Off	Off			0.9	4.8	0.1	0.1	Off	Off	Off	-100.0	0.0	4.8	7.7	7.0	8.8	13.7	0.1	0.1	-350.0	-350.0	-350.0	-350.0	-350.0	-350.0	
56820	28.1	22.0	-	-	-	Off	Off	Off	Off	Off			0.9	4.8	0.1	0.1	Off	Off	Off	-100.0	0.0	4.8	7.7	7.0	8.8	13.7	0.1	0.1	-350.0	-350.0	-350.0	-350.0	-350.0	-350.0	
56880	28.1	22.0	-	-	-	Off	Off	Off	Off	Off			0.9	4.8	0.1	0.1	Off	Off	Off	-100.0	0.0	4.8	7.7	7.0	8.8	13.7	0.1	0.1	-350.0	-350.0	-350.0	-350.0	-350.0	-350.0	
56940	28.2	22.0	-	-	-	Off	Off	Off	Off	Off			0.9	4.8	0.1	0.1	Off	Off	Off	-100.0	0.0	4.8	7.7	7.0	8.8	13.7	0.1	0.1	-350.0	-350.0	-350.0	-350.0	-350.0	-350.0	
57000	28.2	22.0	-	-	-	Off	Off	Off	Off	Off			0.9	4.8	0.1	0.1	Off	Off	Off	-100.0	0.0	4.8	7.7	7.0	8.8	13.7	0.1	0.1	-350.0	-350.0	-350.0	-350.0	-350.0	-350.0	
57060	28.2	22.0	-	-	-	Off	Off	Off	Off	Off			0.9	4.8	0.1	0.1	Off	Off	Off	-100.0	0.0	4.8	7.7	7.0	8.9	13.7	0.1	0.1	-350.0	-350.0	-350.0	-350.0	-350.0	-350.0	
57120	28.2	22.0	-	-	-	Off	Off	Off	Off	Off			0.9	4.9	0.1	0.1	Off	Off	Off	-100.0	0.0	4.9	7.7	7.0	8.9	13.8	0.1	0.1	-350.0	-350.0	-350.0	-350.0	-350.0	-350.0	
57180	28.2	22.0	-	-	-	Off	Off	Off	Off	Off			0.9	4.9	0.1	0.1	Off	Off	Off	-100.0	0.0	4.9	7.7	7.0	8.9	13.8	0.1	0.1	-350.0	-350.0	-350.0	-350.0	-350.0	-350.0	
57240	28.2	22.0	-	-	-	Off	Off	Off	Off	Off			0.9	4.9	0.1	0.1	Off	Off	Off	-100.0	0.0	4.9	7.7	7.0	8.9	13.8	0.1	0.1	-350.0	-350.0	-350.0	-350.0	-350.0	-350.0	
57300	28.2	22.0	-	-	-	Off	Off	Off	Off	Off			0.9	4.9	0.1	0.1	Off	Off	Off	-100.0	0.0	4.9	7.7	7.0	8.9	13.8	0.1	0.1	-350.0	-350.0	-350.0	-350.0	-350.0	-350.0	
57360	28.2	22.0	-	-	-	Off	Off	Off	Off	Off			0.9	4.9	0.1	0.1	Off	Off	Off	-100.0	0.0	4.9	7.7	7.0	8.9	13.8	0.1	0.1	-350.0	-350.0	-350.0	-350.0	-350.0	-350.0	
57420	28.2	22.0	-	-	-	Off	Off	Off	Off	Off			0.9	4.9	0.1	0.1	Off	Off	Off	-100.0	0.0	4.9	7.7	7.0	8.9	13.8	0.1	0.1	-350.0	-350.0	-350.0	-350.0	-350.0	-350.0	
57480	28.2	22.0	-	-	-	Off	Off	Off	Off	Off			0.9	4.9	0.1	0.1	Off	Off	Off	-100.0	0.0	4.9	7.7	7.0	8.9	13.8	0.1	0.1	-350.0	-350.0	-350.0	-350.0	-350.0	-350.0	
57540	28.2	22.0	-	-	-	Off	Off	Off	Off	Off			0.9	4.9	0.1	0.1	Off	Off	Off	-100.0	0.0	4.9	7.7	7.0	9.0	13.8	0.1	0.1	-350.0	-350.0	-350.0	-350.0	-350.0	-350.0	
57600	28.2	22.0	-	-	-	Off	Off	Off	Off	Off			0.9	5.0	0.1	0.1	Off	Off	Off	-100.0	0.0	5.0	7.7	7.0	9.0	13.8	0.1	0.1	-350.0	-350.0	-350.0	-350.0	-350.0	-350.0	
57660	28.2	22.0	-	-	-	Off	Off	Off	Off	Off			0.9	5.0	0.1	0.1	Off	Off	Off	-100.0	0.0	5.0	7.7	7.0	9.0	13.8	0.1	0.1	-350.0	-350.0	-350.0	-350.0	-350.0	-350.0	
57720	28.2	22.0	-	-	-	Off	Off	Off	Off	Off			0.9	5.0	0.1	0.1	Off	Off	Off	-100.0	0.0	5.0	7.7	7.0	9.0	13.8	0.1	0.1	-350.0	-350.0	-350.0	-350.0	-350.0	-350.0	
57780	28.2	22.0	-	-	-	Off	Off	Off	Off	Off			0.9	5.0	0.1	0.1	Off	Off	Off	-100.0	0.0	5.0	7.7	7.0	9.0	13.9	0.1	0.1	-350.0	-350.0	-350.0	-350.0	-350.0	-350.0	
57840	28.2	22.0	-	-	-	Off	Off	Off	Off	Off			0.9	5.0	0.1	0.1	Off	Off	Off	-100.0	0.0	5.0	7.7	7.1	9.0	13.9	0.1	0.1	-350.0	-350.0	-350.0	-350.0	-350.0	-350.0	
57900	28.2	22.0	-	-	-	Off	Off	Off	Off	Off			0.9	5.0	0.1	0.1	Off	Off	Off	-100.0	0.0	5.0	7.7	7.1	9.0	13.9	0.1	0.1	-350.0	-350.0	-350.0	-350.0	-350.0	-350.0	
57960	28.2	22.0	-	-	-	Off	Off	Off	Off	Off			0.9	5.1	0.1	0.1	Off	Off	Off	-100.0	0.0	5.1	7.7	7.1	9.0	13.9	0.1	0.1	-350.0	-350.0	-350.0	-350.0	-350.0	-350.0	
58020	28.3	22.0	-	-	-	Off	Off	Off	Off	Off			0.9	5.1	0.1	0.1	Off	Off	Off	-100.0	0.0	5.1	7.7	7.1	9.1	13.9	0.1	0.1	-350.0	-350.0	-350.0	-350.0	-350.0	-350.0	
58080	28.3	22.0	-	-	-	Off	Off	Off	Off	Off			0.9	5.1	0.1	0.1	Off	Off	Off	-100.0	0.0	5.1	7.7	7.1	9.1	13.9	0.1	0.1	-350.0	-350.0	-350.0	-350.0	-350.0	-350.0	
58140	28.2	22.0	-	-	-	Off	Off	Off	Off	Off			0.9	5.1	0.1	0.1	Off	Off	Off	-100.0	0.0	5.1	7.7	7.1	9.1	13.9	0.1	0.1	-350.0	-350.0	-350.0	-350.0	-350.0	-350.0	
58200	28.3	22.0	-	-	-	Off	Off	Off	Off	Off			0.9	5.1	0.1	0.1	Off	Off	Off	-100.0	0.0	5.1	7.7	7.1	9.1	13.9	0.1	0.1	-350.0	-350.0	-350.0	-350.0	-350.0	-350.0	
58260	28.3	22.0	-	-	-	Off	Off	Off	Off	Off			0.9	5.1	0.1	0.1	Off	Off	Off	-100.0	0.0	5.1	7.7	7.1	9.1	13.9	0.1	0.1	-350.0	-350.0	-350.0	-350.0	-350.0	-350.0	
58320	28.3	22.0	-	-	-	Off	Off	Off	Off	Off			0.9	5.2	0.1	0.1	Off	Off	Off	-100.0	0.0	5.2	7.7	7.1	9.1	13.9	0.1	0.1	-350.0	-350.0	-350.0	-350.0	-350.0	-350.0	
58380	28.3	22.0	-	-	-	Off	Off	Off	Off	Off			0.9	5.2	0.1	0.1	Off	Off	Off	-100.0	0.0	5.2	7.7	7.1	9.1	13.9	0.1	0.1	-350.0	-350.0	-350.0	-350.0	-350.0	-350.0	
58440	28.3	22.0	-	-	-	Off	Off	Off	Off	Off			0.9	5.2	0.1	0.1	Off	Off	Off	-100.0	0.0	5.2	7.7	7.1	9.1	13.9	0.1	0.1	-350.0	-350.0	-350.0	-350.0	-350.0	-350.0	
58500	28.3	22.0	-	-	-	Off	Off	Off	Off	Off			0.9	5.2	0.1	0.1	Off	Off	Off	-100.0	0.0	5.2	7.7	7.1	9.2	14.0	0.1	0.1	-350.0	-350.0	-350.0	-350.0	-350.0	-350.0	
58560	28.3	22.0	-	-	-	Off	Off	Off	Off	Off			0.9	5.2	0.1	0.1	Off	Off	Off	-100.0	0.0	5.2	7.8	7.1	9.2	14.0	0.1	0.1	-350.0	-350.0	-350.0	-350.0	-350.0	-350.0	
